[2026-08-21T18:22:28.774Z] info: kubernetes.yaml was copied to the config folder
[2026-08-21T18:53:24.600Z] info: docker.yaml was copied to the config folder
[2026-08-21T18:53:24.603Z] info: proxmox.yaml was copied to the config folder
[2026-08-21T18:53:24.607Z] info: custom.css was copied to the config folder
[2026-08-21T18:53:24.608Z] info: custom.js was copied to the config folder
[2026-08-21T18:53:24.697Z] error: <httpProxy> Error calling http://localhost:2283/...
[2026-08-21T18:53:24.701Z] error: <httpProxy> [
  500,
  AggregateError: 
      at ignore-listed frames {
    code: 'ECONNREFUSED',
    [errors]: [ [Error], [Error] ]
  }
]
[2026-08-21T18:53:24.703Z] error: <httpProxy> Error calling http://localhost:8010/...
[2026-08-21T18:53:24.704Z] error: <httpProxy> [
  500,
  AggregateError: 
      at ignore-listed frames {
    code: 'ECONNREFUSED',
    [errors]: [ [Error], [Error] ]
  }
]
[2026-08-21T18:53:24.705Z] error: <httpProxy> Error calling http://localhost:5006/...
[2026-08-21T18:53:24.705Z] error: <httpProxy> [
  500,
  AggregateError: 
      at ignore-listed frames {
    code: 'ECONNREFUSED',
    [errors]: [ [Error], [Error] ]
  }
]
[2026-08-21T18:53:24.706Z] error: <httpProxy> Error calling http://localhost:9000/...
[2026-08-21T18:53:24.706Z] error: <httpProxy> [
  500,
  AggregateError: 
      at ignore-listed frames {
    code: 'ECONNREFUSED',
    [errors]: [ [Error], [Error] ]
  }
]
[2026-08-21T18:53:24.708Z] error: <httpProxy> Error calling http://localhost:2283/...
[2026-08-21T18:53:24.708Z] error: <httpProxy> [
  500,
  AggregateError: 
      at ignore-listed frames {
    code: 'ECONNREFUSED',
    [errors]: [ [Error], [Error] ]
  }
]
[2026-08-21T18:53:24.711Z] error: <httpProxy> Error calling http://localhost:8010/...
[2026-08-21T18:53:24.712Z] error: <httpProxy> [
  500,
  AggregateError: 
      at ignore-listed frames {
    code: 'ECONNREFUSED',
    [errors]: [ [Error], [Error] ]
  }
]
[2026-08-21T18:53:24.712Z] error: <httpProxy> Error calling http://localhost:5006/...
[2026-08-21T18:53:24.713Z] error: <httpProxy> [
  500,
  AggregateError: 
      at ignore-listed frames {
    code: 'ECONNREFUSED',
    [errors]: [ [Error], [Error] ]
  }
]
[2026-08-21T18:53:24.713Z] error: <httpProxy> Error calling http://localhost:9000/...
[2026-08-21T18:53:24.714Z] error: <httpProxy> [
  500,
  AggregateError: 
      at ignore-listed frames {
    code: 'ECONNREFUSED',
    [errors]: [ [Error], [Error] ]
  }
]
[2026-08-21T18:53:24.724Z] error: <httpProxy> Error calling http://localhost:8020/...
[2026-08-21T18:53:24.724Z] error: <httpProxy> [
  500,
  AggregateError: 
      at ignore-listed frames {
    code: 'ECONNREFUSED',
    [errors]: [ [Error], [Error] ]
  }
]
[2026-08-21T18:53:24.725Z] error: <httpProxy> Error calling http://localhost:8015/...
[2026-08-21T18:53:24.726Z] error: <httpProxy> [
  500,
  AggregateError: 
      at ignore-listed frames {
    code: 'ECONNREFUSED',
    [errors]: [ [Error], [Error] ]
  }
]
[2026-08-21T18:53:24.726Z] error: <httpProxy> Error calling http://localhost:3929/...
[2026-08-21T18:53:24.726Z] error: <httpProxy> [
  500,
  AggregateError: 
      at ignore-listed frames {
    code: 'ECONNREFUSED',
    [errors]: [ [Error], [Error] ]
  }
]
[2026-08-21T18:53:24.727Z] error: <httpProxy> Error calling http://localhost:3001/...
[2026-08-21T18:53:24.727Z] error: <httpProxy> [
  500,
  AggregateError: 
      at ignore-listed frames {
    code: 'ECONNREFUSED',
    [errors]: [ [Error], [Error] ]
  }
]
[2026-08-21T18:53:24.728Z] error: <httpProxy> Error calling http://localhost:8020/...
[2026-08-21T18:53:24.729Z] error: <httpProxy> [
  500,
  AggregateError: 
      at ignore-listed frames {
    code: 'ECONNREFUSED',
    [errors]: [ [Error], [Error] ]
  }
]
[2026-08-21T18:53:24.730Z] error: <httpProxy> Error calling http://localhost:8015/...
[2026-08-21T18:53:24.730Z] error: <httpProxy> [
  500,
  AggregateError: 
      at ignore-listed frames {
    code: 'ECONNREFUSED',
    [errors]: [ [Error], [Error] ]
  }
]
[2026-08-21T18:53:24.730Z] error: <httpProxy> Error calling http://localhost:3929/...
[2026-08-21T18:53:24.731Z] error: <httpProxy> [
  500,
  AggregateError: 
      at ignore-listed frames {
    code: 'ECONNREFUSED',
    [errors]: [ [Error], [Error] ]
  }
]
[2026-08-21T18:53:24.731Z] error: <httpProxy> Error calling http://localhost:3001/...
[2026-08-21T18:53:24.732Z] error: <httpProxy> [
  500,
  AggregateError: 
      at ignore-listed frames {
    code: 'ECONNREFUSED',
    [errors]: [ [Error], [Error] ]
  }
]
[2026-08-21T18:53:24.746Z] error: <httpProxy> Error calling http://localhost:8082/...
[2026-08-21T18:53:24.747Z] error: <httpProxy> [
  500,
  AggregateError: 
      at ignore-listed frames {
    code: 'ECONNREFUSED',
    [errors]: [ [Error], [Error] ]
  }
]
[2026-08-21T18:53:24.748Z] error: <httpProxy> Error calling http://localhost:8787/...
[2026-08-21T18:53:24.748Z] error: <httpProxy> [
  500,
  AggregateError: 
      at ignore-listed frames {
    code: 'ECONNREFUSED',
    [errors]: [ [Error], [Error] ]
  }
]
[2026-08-21T18:53:24.749Z] error: <httpProxy> Error calling http://localhost:8090/...
[2026-08-21T18:53:24.749Z] error: <httpProxy> [
  500,
  AggregateError: 
      at ignore-listed frames {
    code: 'ECONNREFUSED',
    [errors]: [ [Error], [Error] ]
  }
]
[2026-08-21T18:53:24.750Z] error: <httpProxy> Error calling http://localhost:8081/...
[2026-08-21T18:53:24.750Z] error: <httpProxy> [
  500,
  AggregateError: 
      at ignore-listed frames {
    code: 'ECONNREFUSED',
    [errors]: [ [Error], [Error] ]
  }
]
[2026-08-21T18:53:24.751Z] error: <httpProxy> Error calling http://localhost:8082/...
[2026-08-21T18:53:24.751Z] error: <httpProxy> [
  500,
  AggregateError: 
      at ignore-listed frames {
    code: 'ECONNREFUSED',
    [errors]: [ [Error], [Error] ]
  }
]
[2026-08-21T18:53:24.752Z] error: <httpProxy> Error calling http://localhost:8787/...
[2026-08-21T18:53:24.752Z] error: <httpProxy> [
  500,
  AggregateError: 
      at ignore-listed frames {
    code: 'ECONNREFUSED',
    [errors]: [ [Error], [Error] ]
  }
]
[2026-08-21T18:53:24.753Z] error: <httpProxy> Error calling http://localhost:8090/...
[2026-08-21T18:53:24.753Z] error: <httpProxy> [
  500,
  AggregateError: 
      at ignore-listed frames {
    code: 'ECONNREFUSED',
    [errors]: [ [Error], [Error] ]
  }
]
[2026-08-21T18:53:24.754Z] error: <httpProxy> Error calling http://localhost:8081/...
[2026-08-21T18:53:24.754Z] error: <httpProxy> [
  500,
  AggregateError: 
      at ignore-listed frames {
    code: 'ECONNREFUSED',
    [errors]: [ [Error], [Error] ]
  }
]
[2026-08-21T18:53:46.912Z] error: <httpProxy> Error calling http://localhost:8010/...
[2026-08-21T18:53:46.912Z] error: <httpProxy> [
  500,
  AggregateError: 
      at ignore-listed frames {
    code: 'ECONNREFUSED',
    [errors]: [ [Error], [Error] ]
  }
]
[2026-08-21T18:53:46.917Z] error: <httpProxy> Error calling http://localhost:8010/...
[2026-08-21T18:53:46.918Z] error: <httpProxy> [
  500,
  AggregateError: 
      at ignore-listed frames {
    code: 'ECONNREFUSED',
    [errors]: [ [Error], [Error] ]
  }
]
[2026-08-21T18:53:46.919Z] error: <httpProxy> Error calling http://localhost:2283/...
[2026-08-21T18:53:46.920Z] error: <httpProxy> [
  500,
  AggregateError: 
      at ignore-listed frames {
    code: 'ECONNREFUSED',
    [errors]: [ [Error], [Error] ]
  }
]
[2026-08-21T18:53:46.923Z] error: <httpProxy> Error calling http://localhost:5006/...
[2026-08-21T18:53:46.923Z] error: <httpProxy> [
  500,
  AggregateError: 
      at ignore-listed frames {
    code: 'ECONNREFUSED',
    [errors]: [ [Error], [Error] ]
  }
]
[2026-08-21T18:53:46.925Z] error: <httpProxy> Error calling http://localhost:9000/...
[2026-08-21T18:53:46.925Z] error: <httpProxy> [
  500,
  AggregateError: 
      at ignore-listed frames {
    code: 'ECONNREFUSED',
    [errors]: [ [Error], [Error] ]
  }
]
[2026-08-21T18:53:46.926Z] error: <httpProxy> Error calling http://localhost:8020/...
[2026-08-21T18:53:46.926Z] error: <httpProxy> [
  500,
  AggregateError: 
      at ignore-listed frames {
    code: 'ECONNREFUSED',
    [errors]: [ [Error], [Error] ]
  }
]
[2026-08-21T18:53:46.926Z] error: <httpProxy> Error calling http://localhost:2283/...
[2026-08-21T18:53:46.927Z] error: <httpProxy> [
  500,
  AggregateError: 
      at ignore-listed frames {
    code: 'ECONNREFUSED',
    [errors]: [ [Error], [Error] ]
  }
]
[2026-08-21T18:53:46.927Z] error: <httpProxy> Error calling http://localhost:5006/...
[2026-08-21T18:53:46.928Z] error: <httpProxy> [
  500,
  AggregateError: 
      at ignore-listed frames {
    code: 'ECONNREFUSED',
    [errors]: [ [Error], [Error] ]
  }
]
[2026-08-21T18:53:46.930Z] error: <httpProxy> Error calling http://localhost:8015/...
[2026-08-21T18:53:46.931Z] error: <httpProxy> [
  500,
  AggregateError: 
      at ignore-listed frames {
    code: 'ECONNREFUSED',
    [errors]: [ [Error], [Error] ]
  }
]
[2026-08-21T18:53:46.931Z] error: <httpProxy> Error calling http://localhost:9000/...
[2026-08-21T18:53:46.931Z] error: <httpProxy> [
  500,
  AggregateError: 
      at ignore-listed frames {
    code: 'ECONNREFUSED',
    [errors]: [ [Error], [Error] ]
  }
]
[2026-08-21T18:53:46.935Z] error: <httpProxy> Error calling http://localhost:8020/...
[2026-08-21T18:53:46.935Z] error: <httpProxy> [
  500,
  AggregateError: 
      at ignore-listed frames {
    code: 'ECONNREFUSED',
    [errors]: [ [Error], [Error] ]
  }
]
[2026-08-21T18:53:46.938Z] error: <httpProxy> Error calling http://localhost:3929/...
[2026-08-21T18:53:46.938Z] error: <httpProxy> [
  500,
  AggregateError: 
      at ignore-listed frames {
    code: 'ECONNREFUSED',
    [errors]: [ [Error], [Error] ]
  }
]
[2026-08-21T18:53:46.938Z] error: <httpProxy> Error calling http://localhost:8015/...
[2026-08-21T18:53:46.939Z] error: <httpProxy> [
  500,
  AggregateError: 
      at ignore-listed frames {
    code: 'ECONNREFUSED',
    [errors]: [ [Error], [Error] ]
  }
]
[2026-08-21T18:53:46.945Z] error: <httpProxy> Error calling http://localhost:3929/...
[2026-08-21T18:53:46.946Z] error: <httpProxy> [
  500,
  AggregateError: 
      at ignore-listed frames {
    code: 'ECONNREFUSED',
    [errors]: [ [Error], [Error] ]
  }
]
[2026-08-21T18:53:46.946Z] error: <httpProxy> Error calling http://localhost:3001/...
[2026-08-21T18:53:46.947Z] error: <httpProxy> [
  500,
  AggregateError: 
      at ignore-listed frames {
    code: 'ECONNREFUSED',
    [errors]: [ [Error], [Error] ]
  }
]
[2026-08-21T18:53:46.947Z] error: <httpProxy> Error calling http://localhost:8082/...
[2026-08-21T18:53:46.948Z] error: <httpProxy> [
  500,
  AggregateError: 
      at ignore-listed frames {
    code: 'ECONNREFUSED',
    [errors]: [ [Error], [Error] ]
  }
]
[2026-08-21T18:53:46.948Z] error: <httpProxy> Error calling http://localhost:8787/...
[2026-08-21T18:53:46.949Z] error: <httpProxy> [
  500,
  AggregateError: 
      at ignore-listed frames {
    code: 'ECONNREFUSED',
    [errors]: [ [Error], [Error] ]
  }
]
[2026-08-21T18:53:46.949Z] error: <httpProxy> Error calling http://localhost:8090/...
[2026-08-21T18:53:46.950Z] error: <httpProxy> [
  500,
  AggregateError: 
      at ignore-listed frames {
    code: 'ECONNREFUSED',
    [errors]: [ [Error], [Error] ]
  }
]
[2026-08-21T18:53:46.951Z] error: <httpProxy> Error calling http://localhost:3001/...
[2026-08-21T18:53:46.951Z] error: <httpProxy> [
  500,
  AggregateError: 
      at ignore-listed frames {
    code: 'ECONNREFUSED',
    [errors]: [ [Error], [Error] ]
  }
]
[2026-08-21T18:53:46.952Z] error: <httpProxy> Error calling http://localhost:8081/...
[2026-08-21T18:53:46.952Z] error: <httpProxy> [
  500,
  AggregateError: 
      at ignore-listed frames {
    code: 'ECONNREFUSED',
    [errors]: [ [Error], [Error] ]
  }
]
[2026-08-21T18:53:46.952Z] error: <httpProxy> Error calling http://localhost:8082/...
[2026-08-21T18:53:46.953Z] error: <httpProxy> [
  500,
  AggregateError: 
      at ignore-listed frames {
    code: 'ECONNREFUSED',
    [errors]: [ [Error], [Error] ]
  }
]
[2026-08-21T18:53:46.953Z] error: <httpProxy> Error calling http://localhost:8787/...
[2026-08-21T18:53:46.953Z] error: <httpProxy> [
  500,
  AggregateError: 
      at ignore-listed frames {
    code: 'ECONNREFUSED',
    [errors]: [ [Error], [Error] ]
  }
]
[2026-08-21T18:53:46.954Z] error: <httpProxy> Error calling http://localhost:8090/...
[2026-08-21T18:53:46.954Z] error: <httpProxy> [
  500,
  AggregateError: 
      at ignore-listed frames {
    code: 'ECONNREFUSED',
    [errors]: [ [Error], [Error] ]
  }
]
[2026-08-21T18:53:46.955Z] error: <httpProxy> Error calling http://localhost:8081/...
[2026-08-21T18:53:46.955Z] error: <httpProxy> [
  500,
  AggregateError: 
      at ignore-listed frames {
    code: 'ECONNREFUSED',
    [errors]: [ [Error], [Error] ]
  }
]
[2026-08-21T18:53:54.587Z] error: <httpProxy> Error calling http://localhost:8010/...
[2026-08-21T18:53:54.587Z] error: <httpProxy> [
  500,
  AggregateError: 
      at ignore-listed frames {
    code: 'ECONNREFUSED',
    [errors]: [ [Error], [Error] ]
  }
]
[2026-08-21T18:53:54.591Z] error: <httpProxy> Error calling http://localhost:8010/...
[2026-08-21T18:53:54.592Z] error: <httpProxy> [
  500,
  AggregateError: 
      at ignore-listed frames {
    code: 'ECONNREFUSED',
    [errors]: [ [Error], [Error] ]
  }
]
[2026-08-21T18:53:54.596Z] error: <httpProxy> Error calling http://localhost:2283/...
[2026-08-21T18:53:54.597Z] error: <httpProxy> [
  500,
  AggregateError: 
      at ignore-listed frames {
    code: 'ECONNREFUSED',
    [errors]: [ [Error], [Error] ]
  }
]
[2026-08-21T18:53:54.597Z] error: <httpProxy> Error calling http://localhost:5006/...
[2026-08-21T18:53:54.598Z] error: <httpProxy> [
  500,
  AggregateError: 
      at ignore-listed frames {
    code: 'ECONNREFUSED',
    [errors]: [ [Error], [Error] ]
  }
]
[2026-08-21T18:53:54.598Z] error: <httpProxy> Error calling http://localhost:9000/...
[2026-08-21T18:53:54.598Z] error: <httpProxy> [
  500,
  AggregateError: 
      at ignore-listed frames {
    code: 'ECONNREFUSED',
    [errors]: [ [Error], [Error] ]
  }
]
[2026-08-21T18:53:54.600Z] error: <httpProxy> Error calling http://localhost:8020/...
[2026-08-21T18:53:54.600Z] error: <httpProxy> [
  500,
  AggregateError: 
      at ignore-listed frames {
    code: 'ECONNREFUSED',
    [errors]: [ [Error], [Error] ]
  }
]
[2026-08-21T18:53:54.600Z] error: <httpProxy> Error calling http://localhost:2283/...
[2026-08-21T18:53:54.601Z] error: <httpProxy> [
  500,
  AggregateError: 
      at ignore-listed frames {
    code: 'ECONNREFUSED',
    [errors]: [ [Error], [Error] ]
  }
]
[2026-08-21T18:53:54.601Z] error: <httpProxy> Error calling http://localhost:5006/...
[2026-08-21T18:53:54.602Z] error: <httpProxy> [
  500,
  AggregateError: 
      at ignore-listed frames {
    code: 'ECONNREFUSED',
    [errors]: [ [Error], [Error] ]
  }
]
[2026-08-21T18:53:54.602Z] error: <httpProxy> Error calling http://localhost:9000/...
[2026-08-21T18:53:54.603Z] error: <httpProxy> [
  500,
  AggregateError: 
      at ignore-listed frames {
    code: 'ECONNREFUSED',
    [errors]: [ [Error], [Error] ]
  }
]
[2026-08-21T18:53:54.609Z] error: <httpProxy> Error calling http://localhost:8015/...
[2026-08-21T18:53:54.610Z] error: <httpProxy> [
  500,
  AggregateError: 
      at ignore-listed frames {
    code: 'ECONNREFUSED',
    [errors]: [ [Error], [Error] ]
  }
]
[2026-08-21T18:53:54.610Z] error: <httpProxy> Error calling http://localhost:8020/...
[2026-08-21T18:53:54.611Z] error: <httpProxy> [
  500,
  AggregateError: 
      at ignore-listed frames {
    code: 'ECONNREFUSED',
    [errors]: [ [Error], [Error] ]
  }
]
[2026-08-21T18:53:54.613Z] error: <httpProxy> Error calling http://localhost:3929/...
[2026-08-21T18:53:54.613Z] error: <httpProxy> [
  500,
  AggregateError: 
      at ignore-listed frames {
    code: 'ECONNREFUSED',
    [errors]: [ [Error], [Error] ]
  }
]
[2026-08-21T18:53:54.615Z] error: <httpProxy> Error calling http://localhost:8015/...
[2026-08-21T18:53:54.616Z] error: <httpProxy> [
  500,
  AggregateError: 
      at ignore-listed frames {
    code: 'ECONNREFUSED',
    [errors]: [ [Error], [Error] ]
  }
]
[2026-08-21T18:53:54.616Z] error: <httpProxy> Error calling http://localhost:3929/...
[2026-08-21T18:53:54.617Z] error: <httpProxy> [
  500,
  AggregateError: 
      at ignore-listed frames {
    code: 'ECONNREFUSED',
    [errors]: [ [Error], [Error] ]
  }
]
[2026-08-21T18:53:54.620Z] error: <httpProxy> Error calling http://localhost:3001/...
[2026-08-21T18:53:54.620Z] error: <httpProxy> [
  500,
  AggregateError: 
      at ignore-listed frames {
    code: 'ECONNREFUSED',
    [errors]: [ [Error], [Error] ]
  }
]
[2026-08-21T18:53:54.620Z] error: <httpProxy> Error calling http://localhost:8082/...
[2026-08-21T18:53:54.621Z] error: <httpProxy> [
  500,
  AggregateError: 
      at ignore-listed frames {
    code: 'ECONNREFUSED',
    [errors]: [ [Error], [Error] ]
  }
]
[2026-08-21T18:53:54.621Z] error: <httpProxy> Error calling http://localhost:8787/...
[2026-08-21T18:53:54.622Z] error: <httpProxy> [
  500,
  AggregateError: 
      at ignore-listed frames {
    code: 'ECONNREFUSED',
    [errors]: [ [Error], [Error] ]
  }
]
[2026-08-21T18:53:54.622Z] error: <httpProxy> Error calling http://localhost:8090/...
[2026-08-21T18:53:54.623Z] error: <httpProxy> [
  500,
  AggregateError: 
      at ignore-listed frames {
    code: 'ECONNREFUSED',
    [errors]: [ [Error], [Error] ]
  }
]
[2026-08-21T18:53:54.623Z] error: <httpProxy> Error calling http://localhost:3001/...
[2026-08-21T18:53:54.624Z] error: <httpProxy> [
  500,
  AggregateError: 
      at ignore-listed frames {
    code: 'ECONNREFUSED',
    [errors]: [ [Error], [Error] ]
  }
]
[2026-08-21T18:53:54.624Z] error: <httpProxy> Error calling http://localhost:8082/...
[2026-08-21T18:53:54.625Z] error: <httpProxy> [
  500,
  AggregateError: 
      at ignore-listed frames {
    code: 'ECONNREFUSED',
    [errors]: [ [Error], [Error] ]
  }
]
[2026-08-21T18:53:54.625Z] error: <httpProxy> Error calling http://localhost:8787/...
[2026-08-21T18:53:54.625Z] error: <httpProxy> [
  500,
  AggregateError: 
      at ignore-listed frames {
    code: 'ECONNREFUSED',
    [errors]: [ [Error], [Error] ]
  }
]
[2026-08-21T18:53:54.626Z] error: <httpProxy> Error calling http://localhost:8090/...
[2026-08-21T18:53:54.626Z] error: <httpProxy> [
  500,
  AggregateError: 
      at ignore-listed frames {
    code: 'ECONNREFUSED',
    [errors]: [ [Error], [Error] ]
  }
]
[2026-08-21T18:53:54.627Z] error: <httpProxy> Error calling http://localhost:8081/...
[2026-08-21T18:53:54.627Z] error: <httpProxy> [
  500,
  AggregateError: 
      at ignore-listed frames {
    code: 'ECONNREFUSED',
    [errors]: [ [Error], [Error] ]
  }
]
[2026-08-21T18:53:54.628Z] error: <httpProxy> Error calling http://localhost:8081/...
[2026-08-21T18:53:54.628Z] error: <httpProxy> [
  500,
  AggregateError: 
      at ignore-listed frames {
    code: 'ECONNREFUSED',
    [errors]: [ [Error], [Error] ]
  }
]
[2026-08-21T18:53:59.622Z] error: <httpProxy> Error calling http://localhost:8010/...
[2026-08-21T18:53:59.623Z] error: <httpProxy> [
  500,
  AggregateError: 
      at ignore-listed frames {
    code: 'ECONNREFUSED',
    [errors]: [ [Error], [Error] ]
  }
]
[2026-08-21T18:53:59.624Z] error: <httpProxy> Error calling http://localhost:2283/...
[2026-08-21T18:53:59.624Z] error: <httpProxy> [
  500,
  AggregateError: 
      at ignore-listed frames {
    code: 'ECONNREFUSED',
    [errors]: [ [Error], [Error] ]
  }
]
[2026-08-21T18:53:59.625Z] error: <httpProxy> Error calling http://localhost:5006/...
[2026-08-21T18:53:59.625Z] error: <httpProxy> [
  500,
  AggregateError: 
      at ignore-listed frames {
    code: 'ECONNREFUSED',
    [errors]: [ [Error], [Error] ]
  }
]
[2026-08-21T18:53:59.626Z] error: <httpProxy> Error calling http://localhost:8010/...
[2026-08-21T18:53:59.627Z] error: <httpProxy> [
  500,
  AggregateError: 
      at ignore-listed frames {
    code: 'ECONNREFUSED',
    [errors]: [ [Error], [Error] ]
  }
]
[2026-08-21T18:53:59.627Z] error: <httpProxy> Error calling http://localhost:2283/...
[2026-08-21T18:53:59.627Z] error: <httpProxy> [
  500,
  AggregateError: 
      at ignore-listed frames {
    code: 'ECONNREFUSED',
    [errors]: [ [Error], [Error] ]
  }
]
[2026-08-21T18:53:59.628Z] error: <httpProxy> Error calling http://localhost:5006/...
[2026-08-21T18:53:59.628Z] error: <httpProxy> [
  500,
  AggregateError: 
      at ignore-listed frames {
    code: 'ECONNREFUSED',
    [errors]: [ [Error], [Error] ]
  }
]
[2026-08-21T18:53:59.629Z] error: <httpProxy> Error calling http://localhost:9000/...
[2026-08-21T18:53:59.630Z] error: <httpProxy> [
  500,
  AggregateError: 
      at ignore-listed frames {
    code: 'ECONNREFUSED',
    [errors]: [ [Error], [Error] ]
  }
]
[2026-08-21T18:53:59.630Z] error: <httpProxy> Error calling http://localhost:9000/...
[2026-08-21T18:53:59.630Z] error: <httpProxy> [
  500,
  AggregateError: 
      at ignore-listed frames {
    code: 'ECONNREFUSED',
    [errors]: [ [Error], [Error] ]
  }
]
[2026-08-21T18:54:01.537Z] error: <httpProxy> Error calling http://localhost:8020/...
[2026-08-21T18:54:01.538Z] error: <httpProxy> [
  500,
  AggregateError: 
      at ignore-listed frames {
    code: 'ECONNREFUSED',
    [errors]: [ [Error], [Error] ]
  }
]
[2026-08-21T18:54:01.538Z] error: <httpProxy> Error calling http://localhost:8015/...
[2026-08-21T18:54:01.538Z] error: <httpProxy> [
  500,
  AggregateError: 
      at ignore-listed frames {
    code: 'ECONNREFUSED',
    [errors]: [ [Error], [Error] ]
  }
]
[2026-08-21T18:54:01.539Z] error: <httpProxy> Error calling http://localhost:3929/...
[2026-08-21T18:54:01.539Z] error: <httpProxy> [
  500,
  AggregateError: 
      at ignore-listed frames {
    code: 'ECONNREFUSED',
    [errors]: [ [Error], [Error] ]
  }
]
[2026-08-21T18:54:01.539Z] error: <httpProxy> Error calling http://localhost:3001/...
[2026-08-21T18:54:01.540Z] error: <httpProxy> [
  500,
  AggregateError: 
      at ignore-listed frames {
    code: 'ECONNREFUSED',
    [errors]: [ [Error], [Error] ]
  }
]
[2026-08-21T18:54:01.541Z] error: <httpProxy> Error calling http://localhost:8082/...
[2026-08-21T18:54:01.541Z] error: <httpProxy> [
  500,
  AggregateError: 
      at ignore-listed frames {
    code: 'ECONNREFUSED',
    [errors]: [ [Error], [Error] ]
  }
]
[2026-08-21T18:54:01.542Z] error: <httpProxy> Error calling http://localhost:8787/...
[2026-08-21T18:54:01.542Z] error: <httpProxy> [
  500,
  AggregateError: 
      at ignore-listed frames {
    code: 'ECONNREFUSED',
    [errors]: [ [Error], [Error] ]
  }
]
[2026-08-21T18:54:01.543Z] error: <httpProxy> Error calling http://localhost:8020/...
[2026-08-21T18:54:01.543Z] error: <httpProxy> [
  500,
  AggregateError: 
      at ignore-listed frames {
    code: 'ECONNREFUSED',
    [errors]: [ [Error], [Error] ]
  }
]
[2026-08-21T18:54:01.544Z] error: <httpProxy> Error calling http://localhost:8015/...
[2026-08-21T18:54:01.544Z] error: <httpProxy> [
  500,
  AggregateError: 
      at ignore-listed frames {
    code: 'ECONNREFUSED',
    [errors]: [ [Error], [Error] ]
  }
]
[2026-08-21T18:54:01.544Z] error: <httpProxy> Error calling http://localhost:3929/...
[2026-08-21T18:54:01.545Z] error: <httpProxy> [
  500,
  AggregateError: 
      at ignore-listed frames {
    code: 'ECONNREFUSED',
    [errors]: [ [Error], [Error] ]
  }
]
[2026-08-21T18:54:01.545Z] error: <httpProxy> Error calling http://localhost:3001/...
[2026-08-21T18:54:01.545Z] error: <httpProxy> [
  500,
  AggregateError: 
      at ignore-listed frames {
    code: 'ECONNREFUSED',
    [errors]: [ [Error], [Error] ]
  }
]
[2026-08-21T18:54:01.550Z] error: <httpProxy> Error calling http://localhost:8082/...
[2026-08-21T18:54:01.552Z] error: <httpProxy> [
  500,
  AggregateError: 
      at ignore-listed frames {
    code: 'ECONNREFUSED',
    [errors]: [ [Error], [Error] ]
  }
]
[2026-08-21T18:54:01.552Z] error: <httpProxy> Error calling http://localhost:8787/...
[2026-08-21T18:54:01.552Z] error: <httpProxy> [
  500,
  AggregateError: 
      at ignore-listed frames {
    code: 'ECONNREFUSED',
    [errors]: [ [Error], [Error] ]
  }
]
[2026-08-21T18:54:01.555Z] error: <httpProxy> Error calling http://localhost:8090/...
[2026-08-21T18:54:01.556Z] error: <httpProxy> [
  500,
  AggregateError: 
      at ignore-listed frames {
    code: 'ECONNREFUSED',
    [errors]: [ [Error], [Error] ]
  }
]
[2026-08-21T18:54:01.556Z] error: <httpProxy> Error calling http://localhost:8081/...
[2026-08-21T18:54:01.557Z] error: <httpProxy> [
  500,
  AggregateError: 
      at ignore-listed frames {
    code: 'ECONNREFUSED',
    [errors]: [ [Error], [Error] ]
  }
]
[2026-08-21T18:54:01.557Z] error: <httpProxy> Error calling http://localhost:8090/...
[2026-08-21T18:54:01.558Z] error: <httpProxy> [
  500,
  AggregateError: 
      at ignore-listed frames {
    code: 'ECONNREFUSED',
    [errors]: [ [Error], [Error] ]
  }
]
[2026-08-21T18:54:01.558Z] error: <httpProxy> Error calling http://localhost:8081/...
[2026-08-21T18:54:01.559Z] error: <httpProxy> [
  500,
  AggregateError: 
      at ignore-listed frames {
    code: 'ECONNREFUSED',
    [errors]: [ [Error], [Error] ]
  }
]
[2026-08-21T18:54:05.148Z] error: <httpProxy> Error calling http://localhost:8010/...
[2026-08-21T18:54:05.149Z] error: <httpProxy> [
  500,
  AggregateError: 
      at ignore-listed frames {
    code: 'ECONNREFUSED',
    [errors]: [ [Error], [Error] ]
  }
]
[2026-08-21T18:54:05.150Z] error: <httpProxy> Error calling http://localhost:2283/...
[2026-08-21T18:54:05.150Z] error: <httpProxy> [
  500,
  AggregateError: 
      at ignore-listed frames {
    code: 'ECONNREFUSED',
    [errors]: [ [Error], [Error] ]
  }
]
[2026-08-21T18:54:05.150Z] error: <httpProxy> Error calling http://localhost:5006/...
[2026-08-21T18:54:05.151Z] error: <httpProxy> [
  500,
  AggregateError: 
      at ignore-listed frames {
    code: 'ECONNREFUSED',
    [errors]: [ [Error], [Error] ]
  }
]
[2026-08-21T18:54:05.152Z] error: <httpProxy> Error calling http://localhost:8010/...
[2026-08-21T18:54:05.152Z] error: <httpProxy> [
  500,
  AggregateError: 
      at ignore-listed frames {
    code: 'ECONNREFUSED',
    [errors]: [ [Error], [Error] ]
  }
]
[2026-08-21T18:54:05.153Z] error: <httpProxy> Error calling http://localhost:2283/...
[2026-08-21T18:54:05.153Z] error: <httpProxy> [
  500,
  AggregateError: 
      at ignore-listed frames {
    code: 'ECONNREFUSED',
    [errors]: [ [Error], [Error] ]
  }
]
[2026-08-21T18:54:05.153Z] error: <httpProxy> Error calling http://localhost:5006/...
[2026-08-21T18:54:05.154Z] error: <httpProxy> [
  500,
  AggregateError: 
      at ignore-listed frames {
    code: 'ECONNREFUSED',
    [errors]: [ [Error], [Error] ]
  }
]
[2026-08-21T18:54:05.154Z] error: <httpProxy> Error calling http://localhost:9000/...
[2026-08-21T18:54:05.155Z] error: <httpProxy> [
  500,
  AggregateError: 
      at ignore-listed frames {
    code: 'ECONNREFUSED',
    [errors]: [ [Error], [Error] ]
  }
]
[2026-08-21T18:54:05.156Z] error: <httpProxy> Error calling http://localhost:9000/...
[2026-08-21T18:54:05.156Z] error: <httpProxy> [
  500,
  AggregateError: 
      at ignore-listed frames {
    code: 'ECONNREFUSED',
    [errors]: [ [Error], [Error] ]
  }
]
[2026-08-21T18:54:07.183Z] error: <httpProxy> Error calling http://localhost:8787/...
[2026-08-21T18:54:07.184Z] error: <httpProxy> [
  500,
  AggregateError: 
      at ignore-listed frames {
    code: 'ECONNREFUSED',
    [errors]: [ [Error], [Error] ]
  }
]
[2026-08-21T18:54:07.184Z] error: <httpProxy> Error calling http://localhost:8020/...
[2026-08-21T18:54:07.185Z] error: <httpProxy> [
  500,
  AggregateError: 
      at ignore-listed frames {
    code: 'ECONNREFUSED',
    [errors]: [ [Error], [Error] ]
  }
]
[2026-08-21T18:54:07.185Z] error: <httpProxy> Error calling http://localhost:8015/...
[2026-08-21T18:54:07.185Z] error: <httpProxy> [
  500,
  AggregateError: 
      at ignore-listed frames {
    code: 'ECONNREFUSED',
    [errors]: [ [Error], [Error] ]
  }
]
[2026-08-21T18:54:07.186Z] error: <httpProxy> Error calling http://localhost:3929/...
[2026-08-21T18:54:07.186Z] error: <httpProxy> [
  500,
  AggregateError: 
      at ignore-listed frames {
    code: 'ECONNREFUSED',
    [errors]: [ [Error], [Error] ]
  }
]
[2026-08-21T18:54:07.187Z] error: <httpProxy> Error calling http://localhost:3001/...
[2026-08-21T18:54:07.187Z] error: <httpProxy> [
  500,
  AggregateError: 
      at ignore-listed frames {
    code: 'ECONNREFUSED',
    [errors]: [ [Error], [Error] ]
  }
]
[2026-08-21T18:54:07.187Z] error: <httpProxy> Error calling http://localhost:8082/...
[2026-08-21T18:54:07.188Z] error: <httpProxy> [
  500,
  AggregateError: 
      at ignore-listed frames {
    code: 'ECONNREFUSED',
    [errors]: [ [Error], [Error] ]
  }
]
[2026-08-21T18:54:07.188Z] error: <httpProxy> Error calling http://localhost:8787/...
[2026-08-21T18:54:07.189Z] error: <httpProxy> [
  500,
  AggregateError: 
      at ignore-listed frames {
    code: 'ECONNREFUSED',
    [errors]: [ [Error], [Error] ]
  }
]
[2026-08-21T18:54:07.189Z] error: <httpProxy> Error calling http://localhost:8020/...
[2026-08-21T18:54:07.189Z] error: <httpProxy> [
  500,
  AggregateError: 
      at ignore-listed frames {
    code: 'ECONNREFUSED',
    [errors]: [ [Error], [Error] ]
  }
]
[2026-08-21T18:54:07.190Z] error: <httpProxy> Error calling http://localhost:8015/...
[2026-08-21T18:54:07.190Z] error: <httpProxy> [
  500,
  AggregateError: 
      at ignore-listed frames {
    code: 'ECONNREFUSED',
    [errors]: [ [Error], [Error] ]
  }
]
[2026-08-21T18:54:07.190Z] error: <httpProxy> Error calling http://localhost:3929/...
[2026-08-21T18:54:07.191Z] error: <httpProxy> [
  500,
  AggregateError: 
      at ignore-listed frames {
    code: 'ECONNREFUSED',
    [errors]: [ [Error], [Error] ]
  }
]
[2026-08-21T18:54:07.194Z] error: <httpProxy> Error calling http://localhost:3001/...
[2026-08-21T18:54:07.194Z] error: <httpProxy> [
  500,
  AggregateError: 
      at ignore-listed frames {
    code: 'ECONNREFUSED',
    [errors]: [ [Error], [Error] ]
  }
]
[2026-08-21T18:54:07.195Z] error: <httpProxy> Error calling http://localhost:8082/...
[2026-08-21T18:54:07.195Z] error: <httpProxy> [
  500,
  AggregateError: 
      at ignore-listed frames {
    code: 'ECONNREFUSED',
    [errors]: [ [Error], [Error] ]
  }
]
[2026-08-21T18:54:07.197Z] error: <httpProxy> Error calling http://localhost:8090/...
[2026-08-21T18:54:07.197Z] error: <httpProxy> [
  500,
  AggregateError: 
      at ignore-listed frames {
    code: 'ECONNREFUSED',
    [errors]: [ [Error], [Error] ]
  }
]
[2026-08-21T18:54:07.198Z] error: <httpProxy> Error calling http://localhost:8081/...
[2026-08-21T18:54:07.198Z] error: <httpProxy> [
  500,
  AggregateError: 
      at ignore-listed frames {
    code: 'ECONNREFUSED',
    [errors]: [ [Error], [Error] ]
  }
]
[2026-08-21T18:54:07.199Z] error: <httpProxy> Error calling http://localhost:8090/...
[2026-08-21T18:54:07.199Z] error: <httpProxy> [
  500,
  AggregateError: 
      at ignore-listed frames {
    code: 'ECONNREFUSED',
    [errors]: [ [Error], [Error] ]
  }
]
[2026-08-21T18:54:07.199Z] error: <httpProxy> Error calling http://localhost:8081/...
[2026-08-21T18:54:07.200Z] error: <httpProxy> [
  500,
  AggregateError: 
      at ignore-listed frames {
    code: 'ECONNREFUSED',
    [errors]: [ [Error], [Error] ]
  }
]
[2026-08-21T18:54:11.326Z] error: <httpProxy> Error calling http://localhost:8010/...
[2026-08-21T18:54:11.327Z] error: <httpProxy> [
  500,
  AggregateError: 
      at ignore-listed frames {
    code: 'ECONNREFUSED',
    [errors]: [ [Error], [Error] ]
  }
]
[2026-08-21T18:54:11.328Z] error: <httpProxy> Error calling http://localhost:2283/...
[2026-08-21T18:54:11.328Z] error: <httpProxy> [
  500,
  AggregateError: 
      at ignore-listed frames {
    code: 'ECONNREFUSED',
    [errors]: [ [Error], [Error] ]
  }
]
[2026-08-21T18:54:11.328Z] error: <httpProxy> Error calling http://localhost:5006/...
[2026-08-21T18:54:11.329Z] error: <httpProxy> [
  500,
  AggregateError: 
      at ignore-listed frames {
    code: 'ECONNREFUSED',
    [errors]: [ [Error], [Error] ]
  }
]
[2026-08-21T18:54:11.330Z] error: <httpProxy> Error calling http://localhost:8010/...
[2026-08-21T18:54:11.330Z] error: <httpProxy> [
  500,
  AggregateError: 
      at ignore-listed frames {
    code: 'ECONNREFUSED',
    [errors]: [ [Error], [Error] ]
  }
]
[2026-08-21T18:54:11.331Z] error: <httpProxy> Error calling http://localhost:2283/...
[2026-08-21T18:54:11.331Z] error: <httpProxy> [
  500,
  AggregateError: 
      at ignore-listed frames {
    code: 'ECONNREFUSED',
    [errors]: [ [Error], [Error] ]
  }
]
[2026-08-21T18:54:11.332Z] error: <httpProxy> Error calling http://localhost:5006/...
[2026-08-21T18:54:11.332Z] error: <httpProxy> [
  500,
  AggregateError: 
      at ignore-listed frames {
    code: 'ECONNREFUSED',
    [errors]: [ [Error], [Error] ]
  }
]
[2026-08-21T18:54:11.333Z] error: <httpProxy> Error calling http://localhost:9000/...
[2026-08-21T18:54:11.333Z] error: <httpProxy> [
  500,
  AggregateError: 
      at ignore-listed frames {
    code: 'ECONNREFUSED',
    [errors]: [ [Error], [Error] ]
  }
]
[2026-08-21T18:54:11.334Z] error: <httpProxy> Error calling http://localhost:9000/...
[2026-08-21T18:54:11.334Z] error: <httpProxy> [
  500,
  AggregateError: 
      at ignore-listed frames {
    code: 'ECONNREFUSED',
    [errors]: [ [Error], [Error] ]
  }
]
[2026-08-21T18:54:16.671Z] error: <httpProxy> Error calling http://localhost:8010/...
[2026-08-21T18:54:16.672Z] error: <httpProxy> [
  500,
  AggregateError: 
      at ignore-listed frames {
    code: 'ECONNREFUSED',
    [errors]: [ [Error], [Error] ]
  }
]
[2026-08-21T18:54:16.675Z] error: <httpProxy> Error calling http://localhost:8010/...
[2026-08-21T18:54:16.675Z] error: <httpProxy> [
  500,
  AggregateError: 
      at ignore-listed frames {
    code: 'ECONNREFUSED',
    [errors]: [ [Error], [Error] ]
  }
]
[2026-08-21T18:54:16.677Z] error: <httpProxy> Error calling http://localhost:2283/...
[2026-08-21T18:54:16.677Z] error: <httpProxy> [
  500,
  AggregateError: 
      at ignore-listed frames {
    code: 'ECONNREFUSED',
    [errors]: [ [Error], [Error] ]
  }
]
[2026-08-21T18:54:16.679Z] error: <httpProxy> Error calling http://localhost:5006/...
[2026-08-21T18:54:16.680Z] error: <httpProxy> [
  500,
  AggregateError: 
      at ignore-listed frames {
    code: 'ECONNREFUSED',
    [errors]: [ [Error], [Error] ]
  }
]
[2026-08-21T18:54:16.680Z] error: <httpProxy> Error calling http://localhost:9000/...
[2026-08-21T18:54:16.680Z] error: <httpProxy> [
  500,
  AggregateError: 
      at ignore-listed frames {
    code: 'ECONNREFUSED',
    [errors]: [ [Error], [Error] ]
  }
]
[2026-08-21T18:54:16.681Z] error: <httpProxy> Error calling http://localhost:8020/...
[2026-08-21T18:54:16.682Z] error: <httpProxy> [
  500,
  AggregateError: 
      at ignore-listed frames {
    code: 'ECONNREFUSED',
    [errors]: [ [Error], [Error] ]
  }
]
[2026-08-21T18:54:16.682Z] error: <httpProxy> Error calling http://localhost:2283/...
[2026-08-21T18:54:16.682Z] error: <httpProxy> [
  500,
  AggregateError: 
      at ignore-listed frames {
    code: 'ECONNREFUSED',
    [errors]: [ [Error], [Error] ]
  }
]
[2026-08-21T18:54:16.683Z] error: <httpProxy> Error calling http://localhost:5006/...
[2026-08-21T18:54:16.683Z] error: <httpProxy> [
  500,
  AggregateError: 
      at ignore-listed frames {
    code: 'ECONNREFUSED',
    [errors]: [ [Error], [Error] ]
  }
]
[2026-08-21T18:54:16.683Z] error: <httpProxy> Error calling http://localhost:9000/...
[2026-08-21T18:54:16.684Z] error: <httpProxy> [
  500,
  AggregateError: 
      at ignore-listed frames {
    code: 'ECONNREFUSED',
    [errors]: [ [Error], [Error] ]
  }
]
[2026-08-21T18:54:16.691Z] error: <httpProxy> Error calling http://localhost:8020/...
[2026-08-21T18:54:16.691Z] error: <httpProxy> [
  500,
  AggregateError: 
      at ignore-listed frames {
    code: 'ECONNREFUSED',
    [errors]: [ [Error], [Error] ]
  }
]
[2026-08-21T18:54:16.693Z] error: <httpProxy> Error calling http://localhost:8015/...
[2026-08-21T18:54:16.694Z] error: <httpProxy> [
  500,
  AggregateError: 
      at ignore-listed frames {
    code: 'ECONNREFUSED',
    [errors]: [ [Error], [Error] ]
  }
]
[2026-08-21T18:54:16.694Z] error: <httpProxy> Error calling http://localhost:3929/...
[2026-08-21T18:54:16.695Z] error: <httpProxy> [
  500,
  AggregateError: 
      at ignore-listed frames {
    code: 'ECONNREFUSED',
    [errors]: [ [Error], [Error] ]
  }
]
[2026-08-21T18:54:16.697Z] error: <httpProxy> Error calling http://localhost:8015/...
[2026-08-21T18:54:16.698Z] error: <httpProxy> [
  500,
  AggregateError: 
      at ignore-listed frames {
    code: 'ECONNREFUSED',
    [errors]: [ [Error], [Error] ]
  }
]
[2026-08-21T18:54:16.698Z] error: <httpProxy> Error calling http://localhost:3929/...
[2026-08-21T18:54:16.699Z] error: <httpProxy> [
  500,
  AggregateError: 
      at ignore-listed frames {
    code: 'ECONNREFUSED',
    [errors]: [ [Error], [Error] ]
  }
]
[2026-08-21T18:54:16.701Z] error: <httpProxy> Error calling http://localhost:3001/...
[2026-08-21T18:54:16.701Z] error: <httpProxy> [
  500,
  AggregateError: 
      at ignore-listed frames {
    code: 'ECONNREFUSED',
    [errors]: [ [Error], [Error] ]
  }
]
[2026-08-21T18:54:16.702Z] error: <httpProxy> Error calling http://localhost:8082/...
[2026-08-21T18:54:16.702Z] error: <httpProxy> [
  500,
  AggregateError: 
      at ignore-listed frames {
    code: 'ECONNREFUSED',
    [errors]: [ [Error], [Error] ]
  }
]
[2026-08-21T18:54:16.702Z] error: <httpProxy> Error calling http://localhost:8787/...
[2026-08-21T18:54:16.703Z] error: <httpProxy> [
  500,
  AggregateError: 
      at ignore-listed frames {
    code: 'ECONNREFUSED',
    [errors]: [ [Error], [Error] ]
  }
]
[2026-08-21T18:54:16.704Z] error: <httpProxy> Error calling http://localhost:8090/...
[2026-08-21T18:54:16.704Z] error: <httpProxy> [
  500,
  AggregateError: 
      at ignore-listed frames {
    code: 'ECONNREFUSED',
    [errors]: [ [Error], [Error] ]
  }
]
[2026-08-21T18:54:16.704Z] error: <httpProxy> Error calling http://localhost:3001/...
[2026-08-21T18:54:16.705Z] error: <httpProxy> [
  500,
  AggregateError: 
      at ignore-listed frames {
    code: 'ECONNREFUSED',
    [errors]: [ [Error], [Error] ]
  }
]
[2026-08-21T18:54:16.705Z] error: <httpProxy> Error calling http://localhost:8082/...
[2026-08-21T18:54:16.705Z] error: <httpProxy> [
  500,
  AggregateError: 
      at ignore-listed frames {
    code: 'ECONNREFUSED',
    [errors]: [ [Error], [Error] ]
  }
]
[2026-08-21T18:54:16.706Z] error: <httpProxy> Error calling http://localhost:8787/...
[2026-08-21T18:54:16.706Z] error: <httpProxy> [
  500,
  AggregateError: 
      at ignore-listed frames {
    code: 'ECONNREFUSED',
    [errors]: [ [Error], [Error] ]
  }
]
[2026-08-21T18:54:16.707Z] error: <httpProxy> Error calling http://localhost:8090/...
[2026-08-21T18:54:16.707Z] error: <httpProxy> [
  500,
  AggregateError: 
      at ignore-listed frames {
    code: 'ECONNREFUSED',
    [errors]: [ [Error], [Error] ]
  }
]
[2026-08-21T18:54:16.708Z] error: <httpProxy> Error calling http://localhost:8081/...
[2026-08-21T18:54:16.708Z] error: <httpProxy> [
  500,
  AggregateError: 
      at ignore-listed frames {
    code: 'ECONNREFUSED',
    [errors]: [ [Error], [Error] ]
  }
]
[2026-08-21T18:54:16.709Z] error: <httpProxy> Error calling http://localhost:8081/...
[2026-08-21T18:54:16.709Z] error: <httpProxy> [
  500,
  AggregateError: 
      at ignore-listed frames {
    code: 'ECONNREFUSED',
    [errors]: [ [Error], [Error] ]
  }
]
[2026-08-21T18:54:24.689Z] error: <httpProxy> Error calling http://localhost:2283/...
[2026-08-21T18:54:24.689Z] error: <httpProxy> [
  500,
  AggregateError: 
      at ignore-listed frames {
    code: 'ECONNREFUSED',
    [errors]: [ [Error], [Error] ]
  }
]
[2026-08-21T18:54:24.690Z] error: <httpProxy> Error calling http://localhost:8010/...
[2026-08-21T18:54:24.691Z] error: <httpProxy> [
  500,
  AggregateError: 
      at ignore-listed frames {
    code: 'ECONNREFUSED',
    [errors]: [ [Error], [Error] ]
  }
]
[2026-08-21T18:54:24.692Z] error: <httpProxy> Error calling http://localhost:5006/...
[2026-08-21T18:54:24.692Z] error: <httpProxy> [
  500,
  AggregateError: 
      at ignore-listed frames {
    code: 'ECONNREFUSED',
    [errors]: [ [Error], [Error] ]
  }
]
[2026-08-21T18:54:24.693Z] error: <httpProxy> Error calling http://localhost:9000/...
[2026-08-21T18:54:24.693Z] error: <httpProxy> [
  500,
  AggregateError: 
      at ignore-listed frames {
    code: 'ECONNREFUSED',
    [errors]: [ [Error], [Error] ]
  }
]
[2026-08-21T18:54:24.693Z] error: <httpProxy> Error calling http://localhost:2283/...
[2026-08-21T18:54:24.694Z] error: <httpProxy> [
  500,
  AggregateError: 
      at ignore-listed frames {
    code: 'ECONNREFUSED',
    [errors]: [ [Error], [Error] ]
  }
]
[2026-08-21T18:54:24.694Z] error: <httpProxy> Error calling http://localhost:8020/...
[2026-08-21T18:54:24.695Z] error: <httpProxy> [
  500,
  AggregateError: 
      at ignore-listed frames {
    code: 'ECONNREFUSED',
    [errors]: [ [Error], [Error] ]
  }
]
[2026-08-21T18:54:24.695Z] error: <httpProxy> Error calling http://localhost:8010/...
[2026-08-21T18:54:24.695Z] error: <httpProxy> [
  500,
  AggregateError: 
      at ignore-listed frames {
    code: 'ECONNREFUSED',
    [errors]: [ [Error], [Error] ]
  }
]
[2026-08-21T18:54:24.699Z] error: <httpProxy> Error calling http://localhost:8015/...
[2026-08-21T18:54:24.699Z] error: <httpProxy> [
  500,
  AggregateError: 
      at ignore-listed frames {
    code: 'ECONNREFUSED',
    [errors]: [ [Error], [Error] ]
  }
]
[2026-08-21T18:54:24.699Z] error: <httpProxy> Error calling http://localhost:5006/...
[2026-08-21T18:54:24.700Z] error: <httpProxy> [
  500,
  AggregateError: 
      at ignore-listed frames {
    code: 'ECONNREFUSED',
    [errors]: [ [Error], [Error] ]
  }
]
[2026-08-21T18:54:24.701Z] error: <httpProxy> Error calling http://localhost:9000/...
[2026-08-21T18:54:24.702Z] error: <httpProxy> [
  500,
  AggregateError: 
      at ignore-listed frames {
    code: 'ECONNREFUSED',
    [errors]: [ [Error], [Error] ]
  }
]
[2026-08-21T18:54:24.704Z] error: <httpProxy> Error calling http://localhost:8020/...
[2026-08-21T18:54:24.704Z] error: <httpProxy> [
  500,
  AggregateError: 
      at ignore-listed frames {
    code: 'ECONNREFUSED',
    [errors]: [ [Error], [Error] ]
  }
]
[2026-08-21T18:54:24.706Z] error: <httpProxy> Error calling http://localhost:8015/...
[2026-08-21T18:54:24.706Z] error: <httpProxy> [
  500,
  AggregateError: 
      at ignore-listed frames {
    code: 'ECONNREFUSED',
    [errors]: [ [Error], [Error] ]
  }
]
[2026-08-21T18:54:24.711Z] error: <httpProxy> Error calling http://localhost:3929/...
[2026-08-21T18:54:24.711Z] error: <httpProxy> [
  500,
  AggregateError: 
      at ignore-listed frames {
    code: 'ECONNREFUSED',
    [errors]: [ [Error], [Error] ]
  }
]
[2026-08-21T18:54:24.711Z] error: <httpProxy> Error calling http://localhost:3001/...
[2026-08-21T18:54:24.712Z] error: <httpProxy> [
  500,
  AggregateError: 
      at ignore-listed frames {
    code: 'ECONNREFUSED',
    [errors]: [ [Error], [Error] ]
  }
]
[2026-08-21T18:54:24.713Z] error: <httpProxy> Error calling http://localhost:8082/...
[2026-08-21T18:54:24.713Z] error: <httpProxy> [
  500,
  AggregateError: 
      at ignore-listed frames {
    code: 'ECONNREFUSED',
    [errors]: [ [Error], [Error] ]
  }
]
[2026-08-21T18:54:24.714Z] error: <httpProxy> Error calling http://localhost:8787/...
[2026-08-21T18:54:24.714Z] error: <httpProxy> [
  500,
  AggregateError: 
      at ignore-listed frames {
    code: 'ECONNREFUSED',
    [errors]: [ [Error], [Error] ]
  }
]
[2026-08-21T18:54:24.715Z] error: <httpProxy> Error calling http://localhost:3929/...
[2026-08-21T18:54:24.715Z] error: <httpProxy> [
  500,
  AggregateError: 
      at ignore-listed frames {
    code: 'ECONNREFUSED',
    [errors]: [ [Error], [Error] ]
  }
]
[2026-08-21T18:54:24.716Z] error: <httpProxy> Error calling http://localhost:3001/...
[2026-08-21T18:54:24.716Z] error: <httpProxy> [
  500,
  AggregateError: 
      at ignore-listed frames {
    code: 'ECONNREFUSED',
    [errors]: [ [Error], [Error] ]
  }
]
[2026-08-21T18:54:24.716Z] error: <httpProxy> Error calling http://localhost:8090/...
[2026-08-21T18:54:24.717Z] error: <httpProxy> [
  500,
  AggregateError: 
      at ignore-listed frames {
    code: 'ECONNREFUSED',
    [errors]: [ [Error], [Error] ]
  }
]
[2026-08-21T18:54:24.717Z] error: <httpProxy> Error calling http://localhost:8082/...
[2026-08-21T18:54:24.717Z] error: <httpProxy> [
  500,
  AggregateError: 
      at ignore-listed frames {
    code: 'ECONNREFUSED',
    [errors]: [ [Error], [Error] ]
  }
]
[2026-08-21T18:54:24.718Z] error: <httpProxy> Error calling http://localhost:8081/...
[2026-08-21T18:54:24.718Z] error: <httpProxy> [
  500,
  AggregateError: 
      at ignore-listed frames {
    code: 'ECONNREFUSED',
    [errors]: [ [Error], [Error] ]
  }
]
[2026-08-21T18:54:24.719Z] error: <httpProxy> Error calling http://localhost:8787/...
[2026-08-21T18:54:24.719Z] error: <httpProxy> [
  500,
  AggregateError: 
      at ignore-listed frames {
    code: 'ECONNREFUSED',
    [errors]: [ [Error], [Error] ]
  }
]
[2026-08-21T18:54:24.719Z] error: <httpProxy> Error calling http://localhost:8090/...
[2026-08-21T18:54:24.720Z] error: <httpProxy> [
  500,
  AggregateError: 
      at ignore-listed frames {
    code: 'ECONNREFUSED',
    [errors]: [ [Error], [Error] ]
  }
]
[2026-08-21T18:54:24.720Z] error: <httpProxy> Error calling http://localhost:8081/...
[2026-08-21T18:54:24.721Z] error: <httpProxy> [
  500,
  AggregateError: 
      at ignore-listed frames {
    code: 'ECONNREFUSED',
    [errors]: [ [Error], [Error] ]
  }
]
[2026-08-21T18:54:28.827Z] error: <httpProxy> Error calling http://localhost:2283/...
[2026-08-21T18:54:28.828Z] error: <httpProxy> [
  500,
  AggregateError: 
      at ignore-listed frames {
    code: 'ECONNREFUSED',
    [errors]: [ [Error], [Error] ]
  }
]
[2026-08-21T18:54:28.829Z] error: <httpProxy> Error calling http://localhost:8010/...
[2026-08-21T18:54:28.829Z] error: <httpProxy> [
  500,
  AggregateError: 
      at ignore-listed frames {
    code: 'ECONNREFUSED',
    [errors]: [ [Error], [Error] ]
  }
]
[2026-08-21T18:54:28.830Z] error: <httpProxy> Error calling http://localhost:5006/...
[2026-08-21T18:54:28.830Z] error: <httpProxy> [
  500,
  AggregateError: 
      at ignore-listed frames {
    code: 'ECONNREFUSED',
    [errors]: [ [Error], [Error] ]
  }
]
[2026-08-21T18:54:28.833Z] error: <httpProxy> Error calling http://localhost:2283/...
[2026-08-21T18:54:28.833Z] error: <httpProxy> [
  500,
  AggregateError: 
      at ignore-listed frames {
    code: 'ECONNREFUSED',
    [errors]: [ [Error], [Error] ]
  }
]
[2026-08-21T18:54:28.835Z] error: <httpProxy> Error calling http://localhost:9000/...
[2026-08-21T18:54:28.835Z] error: <httpProxy> [
  500,
  AggregateError: 
      at ignore-listed frames {
    code: 'ECONNREFUSED',
    [errors]: [ [Error], [Error] ]
  }
]
[2026-08-21T18:54:28.835Z] error: <httpProxy> Error calling http://localhost:8010/...
[2026-08-21T18:54:28.836Z] error: <httpProxy> [
  500,
  AggregateError: 
      at ignore-listed frames {
    code: 'ECONNREFUSED',
    [errors]: [ [Error], [Error] ]
  }
]
[2026-08-21T18:54:28.836Z] error: <httpProxy> Error calling http://localhost:5006/...
[2026-08-21T18:54:28.837Z] error: <httpProxy> [
  500,
  AggregateError: 
      at ignore-listed frames {
    code: 'ECONNREFUSED',
    [errors]: [ [Error], [Error] ]
  }
]
[2026-08-21T18:54:28.839Z] error: <httpProxy> Error calling http://localhost:8020/...
[2026-08-21T18:54:28.841Z] error: <httpProxy> [
  500,
  AggregateError: 
      at ignore-listed frames {
    code: 'ECONNREFUSED',
    [errors]: [ [Error], [Error] ]
  }
]
[2026-08-21T18:54:28.842Z] error: <httpProxy> Error calling http://localhost:9000/...
[2026-08-21T18:54:28.842Z] error: <httpProxy> [
  500,
  AggregateError: 
      at ignore-listed frames {
    code: 'ECONNREFUSED',
    [errors]: [ [Error], [Error] ]
  }
]
[2026-08-21T18:54:28.843Z] error: <httpProxy> Error calling http://localhost:8020/...
[2026-08-21T18:54:28.843Z] error: <httpProxy> [
  500,
  AggregateError: 
      at ignore-listed frames {
    code: 'ECONNREFUSED',
    [errors]: [ [Error], [Error] ]
  }
]
[2026-08-21T18:54:28.846Z] error: <httpProxy> Error calling http://localhost:8015/...
[2026-08-21T18:54:28.847Z] error: <httpProxy> [
  500,
  AggregateError: 
      at ignore-listed frames {
    code: 'ECONNREFUSED',
    [errors]: [ [Error], [Error] ]
  }
]
[2026-08-21T18:54:28.848Z] error: <httpProxy> Error calling http://localhost:3929/...
[2026-08-21T18:54:28.848Z] error: <httpProxy> [
  500,
  AggregateError: 
      at ignore-listed frames {
    code: 'ECONNREFUSED',
    [errors]: [ [Error], [Error] ]
  }
]
[2026-08-21T18:54:28.849Z] error: <httpProxy> Error calling http://localhost:3001/...
[2026-08-21T18:54:28.849Z] error: <httpProxy> [
  500,
  AggregateError: 
      at ignore-listed frames {
    code: 'ECONNREFUSED',
    [errors]: [ [Error], [Error] ]
  }
]
[2026-08-21T18:54:28.849Z] error: <httpProxy> Error calling http://localhost:8082/...
[2026-08-21T18:54:28.850Z] error: <httpProxy> [
  500,
  AggregateError: 
      at ignore-listed frames {
    code: 'ECONNREFUSED',
    [errors]: [ [Error], [Error] ]
  }
]
[2026-08-21T18:54:28.851Z] error: <httpProxy> Error calling http://localhost:8015/...
[2026-08-21T18:54:28.851Z] error: <httpProxy> [
  500,
  AggregateError: 
      at ignore-listed frames {
    code: 'ECONNREFUSED',
    [errors]: [ [Error], [Error] ]
  }
]
[2026-08-21T18:54:28.852Z] error: <httpProxy> Error calling http://localhost:3929/...
[2026-08-21T18:54:28.852Z] error: <httpProxy> [
  500,
  AggregateError: 
      at ignore-listed frames {
    code: 'ECONNREFUSED',
    [errors]: [ [Error], [Error] ]
  }
]
[2026-08-21T18:54:28.854Z] error: <httpProxy> Error calling http://localhost:3001/...
[2026-08-21T18:54:28.854Z] error: <httpProxy> [
  500,
  AggregateError: 
      at ignore-listed frames {
    code: 'ECONNREFUSED',
    [errors]: [ [Error], [Error] ]
  }
]
[2026-08-21T18:54:28.855Z] error: <httpProxy> Error calling http://localhost:8082/...
[2026-08-21T18:54:28.855Z] error: <httpProxy> [
  500,
  AggregateError: 
      at ignore-listed frames {
    code: 'ECONNREFUSED',
    [errors]: [ [Error], [Error] ]
  }
]
[2026-08-21T18:54:28.857Z] error: <httpProxy> Error calling http://localhost:8787/...
[2026-08-21T18:54:28.858Z] error: <httpProxy> [
  500,
  AggregateError: 
      at ignore-listed frames {
    code: 'ECONNREFUSED',
    [errors]: [ [Error], [Error] ]
  }
]
[2026-08-21T18:54:28.858Z] error: <httpProxy> Error calling http://localhost:8090/...
[2026-08-21T18:54:28.859Z] error: <httpProxy> [
  500,
  AggregateError: 
      at ignore-listed frames {
    code: 'ECONNREFUSED',
    [errors]: [ [Error], [Error] ]
  }
]
[2026-08-21T18:54:28.859Z] error: <httpProxy> Error calling http://localhost:8787/...
[2026-08-21T18:54:28.860Z] error: <httpProxy> [
  500,
  AggregateError: 
      at ignore-listed frames {
    code: 'ECONNREFUSED',
    [errors]: [ [Error], [Error] ]
  }
]
[2026-08-21T18:54:28.860Z] error: <httpProxy> Error calling http://localhost:8090/...
[2026-08-21T18:54:28.861Z] error: <httpProxy> [
  500,
  AggregateError: 
      at ignore-listed frames {
    code: 'ECONNREFUSED',
    [errors]: [ [Error], [Error] ]
  }
]
[2026-08-21T18:54:28.861Z] error: <httpProxy> Error calling http://localhost:8081/...
[2026-08-21T18:54:28.861Z] error: <httpProxy> [
  500,
  AggregateError: 
      at ignore-listed frames {
    code: 'ECONNREFUSED',
    [errors]: [ [Error], [Error] ]
  }
]
[2026-08-21T18:54:28.862Z] error: <httpProxy> Error calling http://localhost:8081/...
[2026-08-21T18:54:28.862Z] error: <httpProxy> [
  500,
  AggregateError: 
      at ignore-listed frames {
    code: 'ECONNREFUSED',
    [errors]: [ [Error], [Error] ]
  }
]
[2026-08-21T18:54:50.240Z] error: <httpProxy> Error calling http://localhost:8010/...
[2026-08-21T18:54:50.240Z] error: <httpProxy> [
  500,
  AggregateError: 
      at ignore-listed frames {
    code: 'ECONNREFUSED',
    [errors]: [ [Error], [Error] ]
  }
]
[2026-08-21T18:54:50.242Z] error: <httpProxy> Error calling http://localhost:5006/...
[2026-08-21T18:54:50.242Z] error: <httpProxy> [
  500,
  AggregateError: 
      at ignore-listed frames {
    code: 'ECONNREFUSED',
    [errors]: [ [Error], [Error] ]
  }
]
[2026-08-21T18:54:50.242Z] error: <httpProxy> Error calling http://localhost:8010/...
[2026-08-21T18:54:50.243Z] error: <httpProxy> [
  500,
  AggregateError: 
      at ignore-listed frames {
    code: 'ECONNREFUSED',
    [errors]: [ [Error], [Error] ]
  }
]
[2026-08-21T18:54:50.244Z] error: <httpProxy> Error calling http://localhost:2283/...
[2026-08-21T18:54:50.244Z] error: <httpProxy> [
  500,
  AggregateError: 
      at ignore-listed frames {
    code: 'ECONNREFUSED',
    [errors]: [ [Error], [Error] ]
  }
]
[2026-08-21T18:54:50.246Z] error: <httpProxy> Error calling http://localhost:9000/...
[2026-08-21T18:54:50.247Z] error: <httpProxy> [
  500,
  AggregateError: 
      at ignore-listed frames {
    code: 'ECONNREFUSED',
    [errors]: [ [Error], [Error] ]
  }
]
[2026-08-21T18:54:50.247Z] error: <httpProxy> Error calling http://localhost:5006/...
[2026-08-21T18:54:50.248Z] error: <httpProxy> [
  500,
  AggregateError: 
      at ignore-listed frames {
    code: 'ECONNREFUSED',
    [errors]: [ [Error], [Error] ]
  }
]
[2026-08-21T18:54:50.252Z] error: <httpProxy> Error calling http://localhost:8020/...
[2026-08-21T18:54:50.252Z] error: <httpProxy> [
  500,
  AggregateError: 
      at ignore-listed frames {
    code: 'ECONNREFUSED',
    [errors]: [ [Error], [Error] ]
  }
]
[2026-08-21T18:54:50.253Z] error: <httpProxy> Error calling http://localhost:2283/...
[2026-08-21T18:54:50.253Z] error: <httpProxy> [
  500,
  AggregateError: 
      at ignore-listed frames {
    code: 'ECONNREFUSED',
    [errors]: [ [Error], [Error] ]
  }
]
[2026-08-21T18:54:50.255Z] error: <httpProxy> Error calling http://localhost:9000/...
[2026-08-21T18:54:50.256Z] error: <httpProxy> [
  500,
  AggregateError: 
      at ignore-listed frames {
    code: 'ECONNREFUSED',
    [errors]: [ [Error], [Error] ]
  }
]
[2026-08-21T18:54:50.258Z] error: <httpProxy> Error calling http://localhost:8020/...
[2026-08-21T18:54:50.259Z] error: <httpProxy> [
  500,
  AggregateError: 
      at ignore-listed frames {
    code: 'ECONNREFUSED',
    [errors]: [ [Error], [Error] ]
  }
]
[2026-08-21T18:54:50.261Z] error: <httpProxy> Error calling http://localhost:8015/...
[2026-08-21T18:54:50.262Z] error: <httpProxy> [
  500,
  AggregateError: 
      at ignore-listed frames {
    code: 'ECONNREFUSED',
    [errors]: [ [Error], [Error] ]
  }
]
[2026-08-21T18:54:50.262Z] error: <httpProxy> Error calling http://localhost:3929/...
[2026-08-21T18:54:50.263Z] error: <httpProxy> [
  500,
  AggregateError: 
      at ignore-listed frames {
    code: 'ECONNREFUSED',
    [errors]: [ [Error], [Error] ]
  }
]
[2026-08-21T18:54:50.264Z] error: <httpProxy> Error calling http://localhost:3001/...
[2026-08-21T18:54:50.264Z] error: <httpProxy> [
  500,
  AggregateError: 
      at ignore-listed frames {
    code: 'ECONNREFUSED',
    [errors]: [ [Error], [Error] ]
  }
]
[2026-08-21T18:54:50.265Z] error: <httpProxy> Error calling http://localhost:8082/...
[2026-08-21T18:54:50.265Z] error: <httpProxy> [
  500,
  AggregateError: 
      at ignore-listed frames {
    code: 'ECONNREFUSED',
    [errors]: [ [Error], [Error] ]
  }
]
[2026-08-21T18:54:50.265Z] error: <httpProxy> Error calling http://localhost:8015/...
[2026-08-21T18:54:50.266Z] error: <httpProxy> [
  500,
  AggregateError: 
      at ignore-listed frames {
    code: 'ECONNREFUSED',
    [errors]: [ [Error], [Error] ]
  }
]
[2026-08-21T18:54:50.269Z] error: <httpProxy> Error calling http://localhost:3929/...
[2026-08-21T18:54:50.270Z] error: <httpProxy> [
  500,
  AggregateError: 
      at ignore-listed frames {
    code: 'ECONNREFUSED',
    [errors]: [ [Error], [Error] ]
  }
]
[2026-08-21T18:54:50.270Z] error: <httpProxy> Error calling http://localhost:8787/...
[2026-08-21T18:54:50.271Z] error: <httpProxy> [
  500,
  AggregateError: 
      at ignore-listed frames {
    code: 'ECONNREFUSED',
    [errors]: [ [Error], [Error] ]
  }
]
[2026-08-21T18:54:50.271Z] error: <httpProxy> Error calling http://localhost:3001/...
[2026-08-21T18:54:50.272Z] error: <httpProxy> [
  500,
  AggregateError: 
      at ignore-listed frames {
    code: 'ECONNREFUSED',
    [errors]: [ [Error], [Error] ]
  }
]
[2026-08-21T18:54:50.273Z] error: <httpProxy> Error calling http://localhost:8082/...
[2026-08-21T18:54:50.273Z] error: <httpProxy> [
  500,
  AggregateError: 
      at ignore-listed frames {
    code: 'ECONNREFUSED',
    [errors]: [ [Error], [Error] ]
  }
]
[2026-08-21T18:54:50.273Z] error: <httpProxy> Error calling http://localhost:8090/...
[2026-08-21T18:54:50.274Z] error: <httpProxy> [
  500,
  AggregateError: 
      at ignore-listed frames {
    code: 'ECONNREFUSED',
    [errors]: [ [Error], [Error] ]
  }
]
[2026-08-21T18:54:50.275Z] error: <httpProxy> Error calling http://localhost:8787/...
[2026-08-21T18:54:50.275Z] error: <httpProxy> [
  500,
  AggregateError: 
      at ignore-listed frames {
    code: 'ECONNREFUSED',
    [errors]: [ [Error], [Error] ]
  }
]
[2026-08-21T18:54:50.275Z] error: <httpProxy> Error calling http://localhost:8090/...
[2026-08-21T18:54:50.276Z] error: <httpProxy> [
  500,
  AggregateError: 
      at ignore-listed frames {
    code: 'ECONNREFUSED',
    [errors]: [ [Error], [Error] ]
  }
]
[2026-08-21T18:54:50.276Z] error: <httpProxy> Error calling http://localhost:8081/...
[2026-08-21T18:54:50.277Z] error: <httpProxy> [
  500,
  AggregateError: 
      at ignore-listed frames {
    code: 'ECONNREFUSED',
    [errors]: [ [Error], [Error] ]
  }
]
[2026-08-21T18:54:50.277Z] error: <httpProxy> Error calling http://localhost:8081/...
[2026-08-21T18:54:50.278Z] error: <httpProxy> [
  500,
  AggregateError: 
      at ignore-listed frames {
    code: 'ECONNREFUSED',
    [errors]: [ [Error], [Error] ]
  }
]
[2026-08-21T18:54:54.704Z] error: <httpProxy> Error calling http://localhost:2283/...
[2026-08-21T18:54:54.704Z] error: <httpProxy> [
  500,
  AggregateError: 
      at ignore-listed frames {
    code: 'ECONNREFUSED',
    [errors]: [ [Error], [Error] ]
  }
]
[2026-08-21T18:54:54.706Z] error: <httpProxy> Error calling http://localhost:8010/...
[2026-08-21T18:54:54.706Z] error: <httpProxy> [
  500,
  AggregateError: 
      at ignore-listed frames {
    code: 'ECONNREFUSED',
    [errors]: [ [Error], [Error] ]
  }
]
[2026-08-21T18:54:54.707Z] error: <httpProxy> Error calling http://localhost:2283/...
[2026-08-21T18:54:54.708Z] error: <httpProxy> [
  500,
  AggregateError: 
      at ignore-listed frames {
    code: 'ECONNREFUSED',
    [errors]: [ [Error], [Error] ]
  }
]
[2026-08-21T18:54:54.708Z] error: <httpProxy> Error calling http://localhost:8010/...
[2026-08-21T18:54:54.708Z] error: <httpProxy> [
  500,
  AggregateError: 
      at ignore-listed frames {
    code: 'ECONNREFUSED',
    [errors]: [ [Error], [Error] ]
  }
]
[2026-08-21T18:54:54.709Z] error: <httpProxy> Error calling http://localhost:5006/...
[2026-08-21T18:54:54.709Z] error: <httpProxy> [
  500,
  AggregateError: 
      at ignore-listed frames {
    code: 'ECONNREFUSED',
    [errors]: [ [Error], [Error] ]
  }
]
[2026-08-21T18:54:54.710Z] error: <httpProxy> Error calling http://localhost:9000/...
[2026-08-21T18:54:54.711Z] error: <httpProxy> [
  500,
  AggregateError: 
      at ignore-listed frames {
    code: 'ECONNREFUSED',
    [errors]: [ [Error], [Error] ]
  }
]
[2026-08-21T18:54:54.711Z] error: <httpProxy> Error calling http://localhost:5006/...
[2026-08-21T18:54:54.711Z] error: <httpProxy> [
  500,
  AggregateError: 
      at ignore-listed frames {
    code: 'ECONNREFUSED',
    [errors]: [ [Error], [Error] ]
  }
]
[2026-08-21T18:54:54.712Z] error: <httpProxy> Error calling http://localhost:9000/...
[2026-08-21T18:54:54.712Z] error: <httpProxy> [
  500,
  AggregateError: 
      at ignore-listed frames {
    code: 'ECONNREFUSED',
    [errors]: [ [Error], [Error] ]
  }
]
[2026-08-21T18:54:54.726Z] error: <httpProxy> Error calling http://localhost:8020/...
[2026-08-21T18:54:54.727Z] error: <httpProxy> [
  500,
  AggregateError: 
      at ignore-listed frames {
    code: 'ECONNREFUSED',
    [errors]: [ [Error], [Error] ]
  }
]
[2026-08-21T18:54:54.728Z] error: <httpProxy> Error calling http://localhost:8015/...
[2026-08-21T18:54:54.728Z] error: <httpProxy> [
  500,
  AggregateError: 
      at ignore-listed frames {
    code: 'ECONNREFUSED',
    [errors]: [ [Error], [Error] ]
  }
]
[2026-08-21T18:54:54.729Z] error: <httpProxy> Error calling http://localhost:3929/...
[2026-08-21T18:54:54.729Z] error: <httpProxy> [
  500,
  AggregateError: 
      at ignore-listed frames {
    code: 'ECONNREFUSED',
    [errors]: [ [Error], [Error] ]
  }
]
[2026-08-21T18:54:54.729Z] error: <httpProxy> Error calling http://localhost:3001/...
[2026-08-21T18:54:54.730Z] error: <httpProxy> [
  500,
  AggregateError: 
      at ignore-listed frames {
    code: 'ECONNREFUSED',
    [errors]: [ [Error], [Error] ]
  }
]
[2026-08-21T18:54:54.730Z] error: <httpProxy> Error calling http://localhost:8082/...
[2026-08-21T18:54:54.731Z] error: <httpProxy> [
  500,
  AggregateError: 
      at ignore-listed frames {
    code: 'ECONNREFUSED',
    [errors]: [ [Error], [Error] ]
  }
]
[2026-08-21T18:54:54.731Z] error: <httpProxy> Error calling http://localhost:8020/...
[2026-08-21T18:54:54.731Z] error: <httpProxy> [
  500,
  AggregateError: 
      at ignore-listed frames {
    code: 'ECONNREFUSED',
    [errors]: [ [Error], [Error] ]
  }
]
[2026-08-21T18:54:54.733Z] error: <httpProxy> Error calling http://localhost:8787/...
[2026-08-21T18:54:54.734Z] error: <httpProxy> [
  500,
  AggregateError: 
      at ignore-listed frames {
    code: 'ECONNREFUSED',
    [errors]: [ [Error], [Error] ]
  }
]
[2026-08-21T18:54:54.734Z] error: <httpProxy> Error calling http://localhost:8015/...
[2026-08-21T18:54:54.734Z] error: <httpProxy> [
  500,
  AggregateError: 
      at ignore-listed frames {
    code: 'ECONNREFUSED',
    [errors]: [ [Error], [Error] ]
  }
]
[2026-08-21T18:54:54.736Z] error: <httpProxy> Error calling http://localhost:3929/...
[2026-08-21T18:54:54.737Z] error: <httpProxy> [
  500,
  AggregateError: 
      at ignore-listed frames {
    code: 'ECONNREFUSED',
    [errors]: [ [Error], [Error] ]
  }
]
[2026-08-21T18:54:54.737Z] error: <httpProxy> Error calling http://localhost:3001/...
[2026-08-21T18:54:54.737Z] error: <httpProxy> [
  500,
  AggregateError: 
      at ignore-listed frames {
    code: 'ECONNREFUSED',
    [errors]: [ [Error], [Error] ]
  }
]
[2026-08-21T18:54:54.738Z] error: <httpProxy> Error calling http://localhost:8082/...
[2026-08-21T18:54:54.738Z] error: <httpProxy> [
  500,
  AggregateError: 
      at ignore-listed frames {
    code: 'ECONNREFUSED',
    [errors]: [ [Error], [Error] ]
  }
]
[2026-08-21T18:54:54.739Z] error: <httpProxy> Error calling http://localhost:8787/...
[2026-08-21T18:54:54.739Z] error: <httpProxy> [
  500,
  AggregateError: 
      at ignore-listed frames {
    code: 'ECONNREFUSED',
    [errors]: [ [Error], [Error] ]
  }
]
[2026-08-21T18:54:54.740Z] error: <httpProxy> Error calling http://localhost:8090/...
[2026-08-21T18:54:54.741Z] error: <httpProxy> [
  500,
  AggregateError: 
      at ignore-listed frames {
    code: 'ECONNREFUSED',
    [errors]: [ [Error], [Error] ]
  }
]
[2026-08-21T18:54:54.741Z] error: <httpProxy> Error calling http://localhost:8081/...
[2026-08-21T18:54:54.741Z] error: <httpProxy> [
  500,
  AggregateError: 
      at ignore-listed frames {
    code: 'ECONNREFUSED',
    [errors]: [ [Error], [Error] ]
  }
]
[2026-08-21T18:54:54.742Z] error: <httpProxy> Error calling http://localhost:8090/...
[2026-08-21T18:54:54.742Z] error: <httpProxy> [
  500,
  AggregateError: 
      at ignore-listed frames {
    code: 'ECONNREFUSED',
    [errors]: [ [Error], [Error] ]
  }
]
[2026-08-21T18:54:54.743Z] error: <httpProxy> Error calling http://localhost:8081/...
[2026-08-21T18:54:54.743Z] error: <httpProxy> [
  500,
  AggregateError: 
      at ignore-listed frames {
    code: 'ECONNREFUSED',
    [errors]: [ [Error], [Error] ]
  }
]
[2026-08-21T18:55:24.726Z] error: <httpProxy> Error calling http://localhost:2283/...
[2026-08-21T18:55:24.727Z] error: <httpProxy> [
  500,
  AggregateError: 
      at ignore-listed frames {
    code: 'ECONNREFUSED',
    [errors]: [ [Error], [Error] ]
  }
]
[2026-08-21T18:55:24.728Z] error: <httpProxy> Error calling http://localhost:5006/...
[2026-08-21T18:55:24.728Z] error: <httpProxy> [
  500,
  AggregateError: 
      at ignore-listed frames {
    code: 'ECONNREFUSED',
    [errors]: [ [Error], [Error] ]
  }
]
[2026-08-21T18:55:24.729Z] error: <httpProxy> Error calling http://localhost:8010/...
[2026-08-21T18:55:24.729Z] error: <httpProxy> [
  500,
  AggregateError: 
      at ignore-listed frames {
    code: 'ECONNREFUSED',
    [errors]: [ [Error], [Error] ]
  }
]
[2026-08-21T18:55:24.729Z] error: <httpProxy> Error calling http://localhost:9000/...
[2026-08-21T18:55:24.730Z] error: <httpProxy> [
  500,
  AggregateError: 
      at ignore-listed frames {
    code: 'ECONNREFUSED',
    [errors]: [ [Error], [Error] ]
  }
]
[2026-08-21T18:55:24.730Z] error: <httpProxy> Error calling http://localhost:2283/...
[2026-08-21T18:55:24.731Z] error: <httpProxy> [
  500,
  AggregateError: 
      at ignore-listed frames {
    code: 'ECONNREFUSED',
    [errors]: [ [Error], [Error] ]
  }
]
[2026-08-21T18:55:24.732Z] error: <httpProxy> Error calling http://localhost:5006/...
[2026-08-21T18:55:24.732Z] error: <httpProxy> [
  500,
  AggregateError: 
      at ignore-listed frames {
    code: 'ECONNREFUSED',
    [errors]: [ [Error], [Error] ]
  }
]
[2026-08-21T18:55:24.733Z] error: <httpProxy> Error calling http://localhost:8010/...
[2026-08-21T18:55:24.733Z] error: <httpProxy> [
  500,
  AggregateError: 
      at ignore-listed frames {
    code: 'ECONNREFUSED',
    [errors]: [ [Error], [Error] ]
  }
]
[2026-08-21T18:55:24.734Z] error: <httpProxy> Error calling http://localhost:9000/...
[2026-08-21T18:55:24.734Z] error: <httpProxy> [
  500,
  AggregateError: 
      at ignore-listed frames {
    code: 'ECONNREFUSED',
    [errors]: [ [Error], [Error] ]
  }
]
[2026-08-21T18:55:24.738Z] error: <httpProxy> Error calling http://localhost:8020/...
[2026-08-21T18:55:24.739Z] error: <httpProxy> [
  500,
  AggregateError: 
      at ignore-listed frames {
    code: 'ECONNREFUSED',
    [errors]: [ [Error], [Error] ]
  }
]
[2026-08-21T18:55:24.745Z] error: <httpProxy> Error calling http://localhost:8020/...
[2026-08-21T18:55:24.745Z] error: <httpProxy> [
  500,
  AggregateError: 
      at ignore-listed frames {
    code: 'ECONNREFUSED',
    [errors]: [ [Error], [Error] ]
  }
]
[2026-08-21T18:55:24.749Z] error: <httpProxy> Error calling http://localhost:8015/...
[2026-08-21T18:55:24.750Z] error: <httpProxy> [
  500,
  AggregateError: 
      at ignore-listed frames {
    code: 'ECONNREFUSED',
    [errors]: [ [Error], [Error] ]
  }
]
[2026-08-21T18:55:24.751Z] error: <httpProxy> Error calling http://localhost:3929/...
[2026-08-21T18:55:24.752Z] error: <httpProxy> [
  500,
  AggregateError: 
      at ignore-listed frames {
    code: 'ECONNREFUSED',
    [errors]: [ [Error], [Error] ]
  }
]
[2026-08-21T18:55:24.752Z] error: <httpProxy> Error calling http://localhost:3001/...
[2026-08-21T18:55:24.752Z] error: <httpProxy> [
  500,
  AggregateError: 
      at ignore-listed frames {
    code: 'ECONNREFUSED',
    [errors]: [ [Error], [Error] ]
  }
]
[2026-08-21T18:55:24.753Z] error: <httpProxy> Error calling http://localhost:8015/...
[2026-08-21T18:55:24.753Z] error: <httpProxy> [
  500,
  AggregateError: 
      at ignore-listed frames {
    code: 'ECONNREFUSED',
    [errors]: [ [Error], [Error] ]
  }
]
[2026-08-21T18:55:24.755Z] error: <httpProxy> Error calling http://localhost:8082/...
[2026-08-21T18:55:24.756Z] error: <httpProxy> [
  500,
  AggregateError: 
      at ignore-listed frames {
    code: 'ECONNREFUSED',
    [errors]: [ [Error], [Error] ]
  }
]
[2026-08-21T18:55:24.756Z] error: <httpProxy> Error calling http://localhost:8090/...
[2026-08-21T18:55:24.756Z] error: <httpProxy> [
  500,
  AggregateError: 
      at ignore-listed frames {
    code: 'ECONNREFUSED',
    [errors]: [ [Error], [Error] ]
  }
]
[2026-08-21T18:55:24.757Z] error: <httpProxy> Error calling http://localhost:8787/...
[2026-08-21T18:55:24.757Z] error: <httpProxy> [
  500,
  AggregateError: 
      at ignore-listed frames {
    code: 'ECONNREFUSED',
    [errors]: [ [Error], [Error] ]
  }
]
[2026-08-21T18:55:24.758Z] error: <httpProxy> Error calling http://localhost:3929/...
[2026-08-21T18:55:24.758Z] error: <httpProxy> [
  500,
  AggregateError: 
      at ignore-listed frames {
    code: 'ECONNREFUSED',
    [errors]: [ [Error], [Error] ]
  }
]
[2026-08-21T18:55:24.758Z] error: <httpProxy> Error calling http://localhost:3001/...
[2026-08-21T18:55:24.759Z] error: <httpProxy> [
  500,
  AggregateError: 
      at ignore-listed frames {
    code: 'ECONNREFUSED',
    [errors]: [ [Error], [Error] ]
  }
]
[2026-08-21T18:55:24.759Z] error: <httpProxy> Error calling http://localhost:8082/...
[2026-08-21T18:55:24.760Z] error: <httpProxy> [
  500,
  AggregateError: 
      at ignore-listed frames {
    code: 'ECONNREFUSED',
    [errors]: [ [Error], [Error] ]
  }
]
[2026-08-21T18:55:24.760Z] error: <httpProxy> Error calling http://localhost:8090/...
[2026-08-21T18:55:24.761Z] error: <httpProxy> [
  500,
  AggregateError: 
      at ignore-listed frames {
    code: 'ECONNREFUSED',
    [errors]: [ [Error], [Error] ]
  }
]
[2026-08-21T18:55:24.761Z] error: <httpProxy> Error calling http://localhost:8787/...
[2026-08-21T18:55:24.761Z] error: <httpProxy> [
  500,
  AggregateError: 
      at ignore-listed frames {
    code: 'ECONNREFUSED',
    [errors]: [ [Error], [Error] ]
  }
]
[2026-08-21T18:55:24.762Z] error: <httpProxy> Error calling http://localhost:8081/...
[2026-08-21T18:55:24.762Z] error: <httpProxy> [
  500,
  AggregateError: 
      at ignore-listed frames {
    code: 'ECONNREFUSED',
    [errors]: [ [Error], [Error] ]
  }
]
[2026-08-21T18:55:24.763Z] error: <httpProxy> Error calling http://localhost:8081/...
[2026-08-21T18:55:24.763Z] error: <httpProxy> [
  500,
  AggregateError: 
      at ignore-listed frames {
    code: 'ECONNREFUSED',
    [errors]: [ [Error], [Error] ]
  }
]
[2026-08-21T18:55:54.742Z] error: <httpProxy> Error calling http://localhost:2283/...
[2026-08-21T18:55:54.742Z] error: <httpProxy> [
  500,
  AggregateError: 
      at ignore-listed frames {
    code: 'ECONNREFUSED',
    [errors]: [ [Error], [Error] ]
  }
]
[2026-08-21T18:55:54.744Z] error: <httpProxy> Error calling http://localhost:5006/...
[2026-08-21T18:55:54.744Z] error: <httpProxy> [
  500,
  AggregateError: 
      at ignore-listed frames {
    code: 'ECONNREFUSED',
    [errors]: [ [Error], [Error] ]
  }
]
[2026-08-21T18:55:54.745Z] error: <httpProxy> Error calling http://localhost:2283/...
[2026-08-21T18:55:54.745Z] error: <httpProxy> [
  500,
  AggregateError: 
      at ignore-listed frames {
    code: 'ECONNREFUSED',
    [errors]: [ [Error], [Error] ]
  }
]
[2026-08-21T18:55:54.746Z] error: <httpProxy> Error calling http://localhost:8010/...
[2026-08-21T18:55:54.746Z] error: <httpProxy> [
  500,
  AggregateError: 
      at ignore-listed frames {
    code: 'ECONNREFUSED',
    [errors]: [ [Error], [Error] ]
  }
]
[2026-08-21T18:55:54.747Z] error: <httpProxy> Error calling http://localhost:9000/...
[2026-08-21T18:55:54.747Z] error: <httpProxy> [
  500,
  AggregateError: 
      at ignore-listed frames {
    code: 'ECONNREFUSED',
    [errors]: [ [Error], [Error] ]
  }
]
[2026-08-21T18:55:54.748Z] error: <httpProxy> Error calling http://localhost:5006/...
[2026-08-21T18:55:54.748Z] error: <httpProxy> [
  500,
  AggregateError: 
      at ignore-listed frames {
    code: 'ECONNREFUSED',
    [errors]: [ [Error], [Error] ]
  }
]
[2026-08-21T18:55:54.751Z] error: <httpProxy> Error calling http://localhost:8010/...
[2026-08-21T18:55:54.751Z] error: <httpProxy> [
  500,
  AggregateError: 
      at ignore-listed frames {
    code: 'ECONNREFUSED',
    [errors]: [ [Error], [Error] ]
  }
]
[2026-08-21T18:55:54.752Z] error: <httpProxy> Error calling http://localhost:9000/...
[2026-08-21T18:55:54.752Z] error: <httpProxy> [
  500,
  AggregateError: 
      at ignore-listed frames {
    code: 'ECONNREFUSED',
    [errors]: [ [Error], [Error] ]
  }
]
[2026-08-21T18:55:54.753Z] error: <httpProxy> Error calling http://localhost:8020/...
[2026-08-21T18:55:54.753Z] error: <httpProxy> [
  500,
  AggregateError: 
      at ignore-listed frames {
    code: 'ECONNREFUSED',
    [errors]: [ [Error], [Error] ]
  }
]
[2026-08-21T18:55:54.754Z] error: <httpProxy> Error calling http://localhost:8020/...
[2026-08-21T18:55:54.755Z] error: <httpProxy> [
  500,
  AggregateError: 
      at ignore-listed frames {
    code: 'ECONNREFUSED',
    [errors]: [ [Error], [Error] ]
  }
]
[2026-08-21T18:55:54.758Z] error: <httpProxy> Error calling http://localhost:8015/...
[2026-08-21T18:55:54.758Z] error: <httpProxy> [
  500,
  AggregateError: 
      at ignore-listed frames {
    code: 'ECONNREFUSED',
    [errors]: [ [Error], [Error] ]
  }
]
[2026-08-21T18:55:54.759Z] error: <httpProxy> Error calling http://localhost:8015/...
[2026-08-21T18:55:54.759Z] error: <httpProxy> [
  500,
  AggregateError: 
      at ignore-listed frames {
    code: 'ECONNREFUSED',
    [errors]: [ [Error], [Error] ]
  }
]
[2026-08-21T18:55:54.771Z] error: <httpProxy> Error calling http://localhost:3929/...
[2026-08-21T18:55:54.772Z] error: <httpProxy> [
  500,
  AggregateError: 
      at ignore-listed frames {
    code: 'ECONNREFUSED',
    [errors]: [ [Error], [Error] ]
  }
]
[2026-08-21T18:55:54.772Z] error: <httpProxy> Error calling http://localhost:3001/...
[2026-08-21T18:55:54.772Z] error: <httpProxy> [
  500,
  AggregateError: 
      at ignore-listed frames {
    code: 'ECONNREFUSED',
    [errors]: [ [Error], [Error] ]
  }
]
[2026-08-21T18:55:54.773Z] error: <httpProxy> Error calling http://localhost:8082/...
[2026-08-21T18:55:54.773Z] error: <httpProxy> [
  500,
  AggregateError: 
      at ignore-listed frames {
    code: 'ECONNREFUSED',
    [errors]: [ [Error], [Error] ]
  }
]
[2026-08-21T18:55:54.774Z] error: <httpProxy> Error calling http://localhost:8090/...
[2026-08-21T18:55:54.775Z] error: <httpProxy> [
  500,
  AggregateError: 
      at ignore-listed frames {
    code: 'ECONNREFUSED',
    [errors]: [ [Error], [Error] ]
  }
]
[2026-08-21T18:55:54.775Z] error: <httpProxy> Error calling http://localhost:8787/...
[2026-08-21T18:55:54.776Z] error: <httpProxy> [
  500,
  AggregateError: 
      at ignore-listed frames {
    code: 'ECONNREFUSED',
    [errors]: [ [Error], [Error] ]
  }
]
[2026-08-21T18:55:54.776Z] error: <httpProxy> Error calling http://localhost:3929/...
[2026-08-21T18:55:54.776Z] error: <httpProxy> [
  500,
  AggregateError: 
      at ignore-listed frames {
    code: 'ECONNREFUSED',
    [errors]: [ [Error], [Error] ]
  }
]
[2026-08-21T18:55:54.776Z] error: <httpProxy> Error calling http://localhost:3001/...
[2026-08-21T18:55:54.777Z] error: <httpProxy> [
  500,
  AggregateError: 
      at ignore-listed frames {
    code: 'ECONNREFUSED',
    [errors]: [ [Error], [Error] ]
  }
]
[2026-08-21T18:55:54.778Z] error: <httpProxy> Error calling http://localhost:8081/...
[2026-08-21T18:55:54.778Z] error: <httpProxy> [
  500,
  AggregateError: 
      at ignore-listed frames {
    code: 'ECONNREFUSED',
    [errors]: [ [Error], [Error] ]
  }
]
[2026-08-21T18:55:54.778Z] error: <httpProxy> Error calling http://localhost:8082/...
[2026-08-21T18:55:54.779Z] error: <httpProxy> [
  500,
  AggregateError: 
      at ignore-listed frames {
    code: 'ECONNREFUSED',
    [errors]: [ [Error], [Error] ]
  }
]
[2026-08-21T18:55:54.779Z] error: <httpProxy> Error calling http://localhost:8090/...
[2026-08-21T18:55:54.780Z] error: <httpProxy> [
  500,
  AggregateError: 
      at ignore-listed frames {
    code: 'ECONNREFUSED',
    [errors]: [ [Error], [Error] ]
  }
]
[2026-08-21T18:55:54.780Z] error: <httpProxy> Error calling http://localhost:8787/...
[2026-08-21T18:55:54.780Z] error: <httpProxy> [
  500,
  AggregateError: 
      at ignore-listed frames {
    code: 'ECONNREFUSED',
    [errors]: [ [Error], [Error] ]
  }
]
[2026-08-21T18:55:54.781Z] error: <httpProxy> Error calling http://localhost:8081/...
[2026-08-21T18:55:54.782Z] error: <httpProxy> [
  500,
  AggregateError: 
      at ignore-listed frames {
    code: 'ECONNREFUSED',
    [errors]: [ [Error], [Error] ]
  }
]
[2026-08-21T18:56:24.757Z] error: <httpProxy> Error calling http://localhost:2283/...
[2026-08-21T18:56:24.758Z] error: <httpProxy> [
  500,
  AggregateError: 
      at ignore-listed frames {
    code: 'ECONNREFUSED',
    [errors]: [ [Error], [Error] ]
  }
]
[2026-08-21T18:56:24.760Z] error: <httpProxy> Error calling http://localhost:5006/...
[2026-08-21T18:56:24.761Z] error: <httpProxy> [
  500,
  AggregateError: 
      at ignore-listed frames {
    code: 'ECONNREFUSED',
    [errors]: [ [Error], [Error] ]
  }
]
[2026-08-21T18:56:24.761Z] error: <httpProxy> Error calling http://localhost:2283/...
[2026-08-21T18:56:24.762Z] error: <httpProxy> [
  500,
  AggregateError: 
      at ignore-listed frames {
    code: 'ECONNREFUSED',
    [errors]: [ [Error], [Error] ]
  }
]
[2026-08-21T18:56:24.765Z] error: <httpProxy> Error calling http://localhost:8010/...
[2026-08-21T18:56:24.765Z] error: <httpProxy> [
  500,
  AggregateError: 
      at ignore-listed frames {
    code: 'ECONNREFUSED',
    [errors]: [ [Error], [Error] ]
  }
]
[2026-08-21T18:56:24.766Z] error: <httpProxy> Error calling http://localhost:5006/...
[2026-08-21T18:56:24.767Z] error: <httpProxy> [
  500,
  AggregateError: 
      at ignore-listed frames {
    code: 'ECONNREFUSED',
    [errors]: [ [Error], [Error] ]
  }
]
[2026-08-21T18:56:24.768Z] error: <httpProxy> Error calling http://localhost:9000/...
[2026-08-21T18:56:24.769Z] error: <httpProxy> [
  500,
  AggregateError: 
      at ignore-listed frames {
    code: 'ECONNREFUSED',
    [errors]: [ [Error], [Error] ]
  }
]
[2026-08-21T18:56:24.769Z] error: <httpProxy> Error calling http://localhost:8010/...
[2026-08-21T18:56:24.770Z] error: <httpProxy> [
  500,
  AggregateError: 
      at ignore-listed frames {
    code: 'ECONNREFUSED',
    [errors]: [ [Error], [Error] ]
  }
]
[2026-08-21T18:56:24.771Z] error: <httpProxy> Error calling http://localhost:8020/...
[2026-08-21T18:56:24.771Z] error: <httpProxy> [
  500,
  AggregateError: 
      at ignore-listed frames {
    code: 'ECONNREFUSED',
    [errors]: [ [Error], [Error] ]
  }
]
[2026-08-21T18:56:24.771Z] error: <httpProxy> Error calling http://localhost:9000/...
[2026-08-21T18:56:24.772Z] error: <httpProxy> [
  500,
  AggregateError: 
      at ignore-listed frames {
    code: 'ECONNREFUSED',
    [errors]: [ [Error], [Error] ]
  }
]
[2026-08-21T18:56:24.773Z] error: <httpProxy> Error calling http://localhost:8015/...
[2026-08-21T18:56:24.773Z] error: <httpProxy> [
  500,
  AggregateError: 
      at ignore-listed frames {
    code: 'ECONNREFUSED',
    [errors]: [ [Error], [Error] ]
  }
]
[2026-08-21T18:56:24.774Z] error: <httpProxy> Error calling http://localhost:8020/...
[2026-08-21T18:56:24.774Z] error: <httpProxy> [
  500,
  AggregateError: 
      at ignore-listed frames {
    code: 'ECONNREFUSED',
    [errors]: [ [Error], [Error] ]
  }
]
[2026-08-21T18:56:24.775Z] error: <httpProxy> Error calling http://localhost:8015/...
[2026-08-21T18:56:24.775Z] error: <httpProxy> [
  500,
  AggregateError: 
      at ignore-listed frames {
    code: 'ECONNREFUSED',
    [errors]: [ [Error], [Error] ]
  }
]
[2026-08-21T18:56:24.791Z] error: <httpProxy> Error calling http://localhost:3929/...
[2026-08-21T18:56:24.792Z] error: <httpProxy> [
  500,
  AggregateError: 
      at ignore-listed frames {
    code: 'ECONNREFUSED',
    [errors]: [ [Error], [Error] ]
  }
]
[2026-08-21T18:56:24.792Z] error: <httpProxy> Error calling http://localhost:3001/...
[2026-08-21T18:56:24.793Z] error: <httpProxy> [
  500,
  AggregateError: 
      at ignore-listed frames {
    code: 'ECONNREFUSED',
    [errors]: [ [Error], [Error] ]
  }
]
[2026-08-21T18:56:24.793Z] error: <httpProxy> Error calling http://localhost:8082/...
[2026-08-21T18:56:24.794Z] error: <httpProxy> [
  500,
  AggregateError: 
      at ignore-listed frames {
    code: 'ECONNREFUSED',
    [errors]: [ [Error], [Error] ]
  }
]
[2026-08-21T18:56:24.795Z] error: <httpProxy> Error calling http://localhost:8090/...
[2026-08-21T18:56:24.796Z] error: <httpProxy> [
  500,
  AggregateError: 
      at ignore-listed frames {
    code: 'ECONNREFUSED',
    [errors]: [ [Error], [Error] ]
  }
]
[2026-08-21T18:56:24.796Z] error: <httpProxy> Error calling http://localhost:8787/...
[2026-08-21T18:56:24.797Z] error: <httpProxy> [
  500,
  AggregateError: 
      at ignore-listed frames {
    code: 'ECONNREFUSED',
    [errors]: [ [Error], [Error] ]
  }
]
[2026-08-21T18:56:24.797Z] error: <httpProxy> Error calling http://localhost:8081/...
[2026-08-21T18:56:24.798Z] error: <httpProxy> [
  500,
  AggregateError: 
      at ignore-listed frames {
    code: 'ECONNREFUSED',
    [errors]: [ [Error], [Error] ]
  }
]
[2026-08-21T18:56:24.798Z] error: <httpProxy> Error calling http://localhost:3929/...
[2026-08-21T18:56:24.799Z] error: <httpProxy> [
  500,
  AggregateError: 
      at ignore-listed frames {
    code: 'ECONNREFUSED',
    [errors]: [ [Error], [Error] ]
  }
]
[2026-08-21T18:56:24.799Z] error: <httpProxy> Error calling http://localhost:3001/...
[2026-08-21T18:56:24.800Z] error: <httpProxy> [
  500,
  AggregateError: 
      at ignore-listed frames {
    code: 'ECONNREFUSED',
    [errors]: [ [Error], [Error] ]
  }
]
[2026-08-21T18:56:24.800Z] error: <httpProxy> Error calling http://localhost:8082/...
[2026-08-21T18:56:24.800Z] error: <httpProxy> [
  500,
  AggregateError: 
      at ignore-listed frames {
    code: 'ECONNREFUSED',
    [errors]: [ [Error], [Error] ]
  }
]
[2026-08-21T18:56:24.801Z] error: <httpProxy> Error calling http://localhost:8090/...
[2026-08-21T18:56:24.802Z] error: <httpProxy> [
  500,
  AggregateError: 
      at ignore-listed frames {
    code: 'ECONNREFUSED',
    [errors]: [ [Error], [Error] ]
  }
]
[2026-08-21T18:56:24.803Z] error: <httpProxy> Error calling http://localhost:8787/...
[2026-08-21T18:56:24.804Z] error: <httpProxy> [
  500,
  AggregateError: 
      at ignore-listed frames {
    code: 'ECONNREFUSED',
    [errors]: [ [Error], [Error] ]
  }
]
[2026-08-21T18:56:24.807Z] error: <httpProxy> Error calling http://localhost:8081/...
[2026-08-21T18:56:24.808Z] error: <httpProxy> [
  500,
  AggregateError: 
      at ignore-listed frames {
    code: 'ECONNREFUSED',
    [errors]: [ [Error], [Error] ]
  }
]
[2026-08-21T18:56:40.998Z] error: <httpProxy> Error calling http://localhost:8010/...
[2026-08-21T18:56:40.999Z] error: <httpProxy> [
  500,
  AggregateError: 
      at ignore-listed frames {
    code: 'ECONNREFUSED',
    [errors]: [ [Error], [Error] ]
  }
]
[2026-08-21T18:56:41.004Z] error: <httpProxy> Error calling http://localhost:8010/...
[2026-08-21T18:56:41.005Z] error: <httpProxy> [
  500,
  AggregateError: 
      at ignore-listed frames {
    code: 'ECONNREFUSED',
    [errors]: [ [Error], [Error] ]
  }
]
[2026-08-21T18:56:41.006Z] error: <httpProxy> Error calling http://localhost:2283/...
[2026-08-21T18:56:41.007Z] error: <httpProxy> [
  500,
  AggregateError: 
      at ignore-listed frames {
    code: 'ECONNREFUSED',
    [errors]: [ [Error], [Error] ]
  }
]
[2026-08-21T18:56:41.012Z] error: <httpProxy> Error calling http://localhost:5006/...
[2026-08-21T18:56:41.012Z] error: <httpProxy> [
  500,
  AggregateError: 
      at ignore-listed frames {
    code: 'ECONNREFUSED',
    [errors]: [ [Error], [Error] ]
  }
]
[2026-08-21T18:56:41.013Z] error: <httpProxy> Error calling http://localhost:9000/...
[2026-08-21T18:56:41.014Z] error: <httpProxy> [
  500,
  AggregateError: 
      at ignore-listed frames {
    code: 'ECONNREFUSED',
    [errors]: [ [Error], [Error] ]
  }
]
[2026-08-21T18:56:41.014Z] error: <httpProxy> Error calling http://localhost:8020/...
[2026-08-21T18:56:41.015Z] error: <httpProxy> [
  500,
  AggregateError: 
      at ignore-listed frames {
    code: 'ECONNREFUSED',
    [errors]: [ [Error], [Error] ]
  }
]
[2026-08-21T18:56:41.015Z] error: <httpProxy> Error calling http://localhost:2283/...
[2026-08-21T18:56:41.016Z] error: <httpProxy> [
  500,
  AggregateError: 
      at ignore-listed frames {
    code: 'ECONNREFUSED',
    [errors]: [ [Error], [Error] ]
  }
]
[2026-08-21T18:56:41.018Z] error: <httpProxy> Error calling http://localhost:5006/...
[2026-08-21T18:56:41.018Z] error: <httpProxy> [
  500,
  AggregateError: 
      at ignore-listed frames {
    code: 'ECONNREFUSED',
    [errors]: [ [Error], [Error] ]
  }
]
[2026-08-21T18:56:41.025Z] error: <httpProxy> Error calling http://localhost:9000/...
[2026-08-21T18:56:41.026Z] error: <httpProxy> [
  500,
  AggregateError: 
      at ignore-listed frames {
    code: 'ECONNREFUSED',
    [errors]: [ [Error], [Error] ]
  }
]
[2026-08-21T18:56:41.028Z] error: <httpProxy> Error calling http://localhost:8020/...
[2026-08-21T18:56:41.029Z] error: <httpProxy> [
  500,
  AggregateError: 
      at ignore-listed frames {
    code: 'ECONNREFUSED',
    [errors]: [ [Error], [Error] ]
  }
]
[2026-08-21T18:56:41.032Z] error: <httpProxy> Error calling http://localhost:8015/...
[2026-08-21T18:56:41.032Z] error: <httpProxy> [
  500,
  AggregateError: 
      at ignore-listed frames {
    code: 'ECONNREFUSED',
    [errors]: [ [Error], [Error] ]
  }
]
[2026-08-21T18:56:41.033Z] error: <httpProxy> Error calling http://localhost:3929/...
[2026-08-21T18:56:41.033Z] error: <httpProxy> [
  500,
  AggregateError: 
      at ignore-listed frames {
    code: 'ECONNREFUSED',
    [errors]: [ [Error], [Error] ]
  }
]
[2026-08-21T18:56:41.036Z] error: <httpProxy> Error calling http://localhost:8015/...
[2026-08-21T18:56:41.037Z] error: <httpProxy> [
  500,
  AggregateError: 
      at ignore-listed frames {
    code: 'ECONNREFUSED',
    [errors]: [ [Error], [Error] ]
  }
]
[2026-08-21T18:56:41.038Z] error: <httpProxy> Error calling http://localhost:3929/...
[2026-08-21T18:56:41.039Z] error: <httpProxy> [
  500,
  AggregateError: 
      at ignore-listed frames {
    code: 'ECONNREFUSED',
    [errors]: [ [Error], [Error] ]
  }
]
[2026-08-21T18:56:41.042Z] error: <httpProxy> Error calling http://localhost:3001/...
[2026-08-21T18:56:41.043Z] error: <httpProxy> [
  500,
  AggregateError: 
      at ignore-listed frames {
    code: 'ECONNREFUSED',
    [errors]: [ [Error], [Error] ]
  }
]
[2026-08-21T18:56:41.044Z] error: <httpProxy> Error calling http://localhost:8082/...
[2026-08-21T18:56:41.045Z] error: <httpProxy> [
  500,
  AggregateError: 
      at ignore-listed frames {
    code: 'ECONNREFUSED',
    [errors]: [ [Error], [Error] ]
  }
]
[2026-08-21T18:56:41.046Z] error: <httpProxy> Error calling http://localhost:8787/...
[2026-08-21T18:56:41.047Z] error: <httpProxy> [
  500,
  AggregateError: 
      at ignore-listed frames {
    code: 'ECONNREFUSED',
    [errors]: [ [Error], [Error] ]
  }
]
[2026-08-21T18:56:41.047Z] error: <httpProxy> Error calling http://localhost:8090/...
[2026-08-21T18:56:41.048Z] error: <httpProxy> [
  500,
  AggregateError: 
      at ignore-listed frames {
    code: 'ECONNREFUSED',
    [errors]: [ [Error], [Error] ]
  }
]
[2026-08-21T18:56:41.048Z] error: <httpProxy> Error calling http://localhost:3001/...
[2026-08-21T18:56:41.049Z] error: <httpProxy> [
  500,
  AggregateError: 
      at ignore-listed frames {
    code: 'ECONNREFUSED',
    [errors]: [ [Error], [Error] ]
  }
]
[2026-08-21T18:56:41.049Z] error: <httpProxy> Error calling http://localhost:8082/...
[2026-08-21T18:56:41.050Z] error: <httpProxy> [
  500,
  AggregateError: 
      at ignore-listed frames {
    code: 'ECONNREFUSED',
    [errors]: [ [Error], [Error] ]
  }
]
[2026-08-21T18:56:41.051Z] error: <httpProxy> Error calling http://localhost:8787/...
[2026-08-21T18:56:41.051Z] error: <httpProxy> [
  500,
  AggregateError: 
      at ignore-listed frames {
    code: 'ECONNREFUSED',
    [errors]: [ [Error], [Error] ]
  }
]
[2026-08-21T18:56:41.052Z] error: <httpProxy> Error calling http://localhost:8090/...
[2026-08-21T18:56:41.052Z] error: <httpProxy> [
  500,
  AggregateError: 
      at ignore-listed frames {
    code: 'ECONNREFUSED',
    [errors]: [ [Error], [Error] ]
  }
]
[2026-08-21T18:56:41.053Z] error: <httpProxy> Error calling http://localhost:8081/...
[2026-08-21T18:56:41.053Z] error: <httpProxy> [
  500,
  AggregateError: 
      at ignore-listed frames {
    code: 'ECONNREFUSED',
    [errors]: [ [Error], [Error] ]
  }
]
[2026-08-21T18:56:41.054Z] error: <httpProxy> Error calling http://localhost:8081/...
[2026-08-21T18:56:41.055Z] error: <httpProxy> [
  500,
  AggregateError: 
      at ignore-listed frames {
    code: 'ECONNREFUSED',
    [errors]: [ [Error], [Error] ]
  }
]
[2026-08-21T19:05:36.739Z] error: <httpProxy> Error calling http://localhost:5006/...
[2026-08-21T19:05:36.739Z] error: <httpProxy> [
  500,
  AggregateError: 
      at ignore-listed frames {
    code: 'ECONNREFUSED',
    [errors]: [ [Error], [Error] ]
  }
]
[2026-08-21T19:05:36.740Z] error: <httpProxy> Error calling http://localhost:2283/...
[2026-08-21T19:05:36.741Z] error: <httpProxy> [
  500,
  AggregateError: 
      at ignore-listed frames {
    code: 'ECONNREFUSED',
    [errors]: [ [Error], [Error] ]
  }
]
[2026-08-21T19:05:36.744Z] error: <httpProxy> Error calling http://localhost:9000/...
[2026-08-21T19:05:36.745Z] error: <httpProxy> [
  500,
  AggregateError: 
      at ignore-listed frames {
    code: 'ECONNREFUSED',
    [errors]: [ [Error], [Error] ]
  }
]
[2026-08-21T19:05:36.746Z] error: <httpProxy> Error calling http://localhost:5006/...
[2026-08-21T19:05:36.747Z] error: <httpProxy> [
  500,
  AggregateError: 
      at ignore-listed frames {
    code: 'ECONNREFUSED',
    [errors]: [ [Error], [Error] ]
  }
]
[2026-08-21T19:05:36.748Z] error: <httpProxy> Error calling http://localhost:2283/...
[2026-08-21T19:05:36.749Z] error: <httpProxy> [
  500,
  AggregateError: 
      at ignore-listed frames {
    code: 'ECONNREFUSED',
    [errors]: [ [Error], [Error] ]
  }
]
[2026-08-21T19:05:36.753Z] error: <httpProxy> Error calling http://localhost:8020/...
[2026-08-21T19:05:36.754Z] error: <httpProxy> [
  500,
  AggregateError: 
      at ignore-listed frames {
    code: 'ECONNREFUSED',
    [errors]: [ [Error], [Error] ]
  }
]
[2026-08-21T19:05:36.754Z] error: <httpProxy> Error calling http://localhost:9000/...
[2026-08-21T19:05:36.755Z] error: <httpProxy> [
  500,
  AggregateError: 
      at ignore-listed frames {
    code: 'ECONNREFUSED',
    [errors]: [ [Error], [Error] ]
  }
]
[2026-08-21T19:05:36.758Z] error: <httpProxy> Error calling http://localhost:8015/...
[2026-08-21T19:05:36.759Z] error: <httpProxy> [
  500,
  AggregateError: 
      at ignore-listed frames {
    code: 'ECONNREFUSED',
    [errors]: [ [Error], [Error] ]
  }
]
[2026-08-21T19:05:36.759Z] error: <httpProxy> Error calling http://localhost:8020/...
[2026-08-21T19:05:36.759Z] error: <httpProxy> [
  500,
  AggregateError: 
      at ignore-listed frames {
    code: 'ECONNREFUSED',
    [errors]: [ [Error], [Error] ]
  }
]
[2026-08-21T19:05:36.764Z] error: <httpProxy> Error calling http://localhost:3929/...
[2026-08-21T19:05:36.765Z] error: <httpProxy> [
  500,
  AggregateError: 
      at ignore-listed frames {
    code: 'ECONNREFUSED',
    [errors]: [ [Error], [Error] ]
  }
]
[2026-08-21T19:05:36.766Z] error: <httpProxy> Error calling http://localhost:8015/...
[2026-08-21T19:05:36.766Z] error: <httpProxy> [
  500,
  AggregateError: 
      at ignore-listed frames {
    code: 'ECONNREFUSED',
    [errors]: [ [Error], [Error] ]
  }
]
[2026-08-21T19:05:36.767Z] error: <httpProxy> Error calling http://localhost:3001/...
[2026-08-21T19:05:36.768Z] error: <httpProxy> [
  500,
  AggregateError: 
      at ignore-listed frames {
    code: 'ECONNREFUSED',
    [errors]: [ [Error], [Error] ]
  }
]
[2026-08-21T19:05:36.768Z] error: <httpProxy> Error calling http://localhost:8082/...
[2026-08-21T19:05:36.768Z] error: <httpProxy> [
  500,
  AggregateError: 
      at ignore-listed frames {
    code: 'ECONNREFUSED',
    [errors]: [ [Error], [Error] ]
  }
]
[2026-08-21T19:05:36.772Z] error: <httpProxy> Error calling http://localhost:3929/...
[2026-08-21T19:05:36.773Z] error: <httpProxy> [
  500,
  AggregateError: 
      at ignore-listed frames {
    code: 'ECONNREFUSED',
    [errors]: [ [Error], [Error] ]
  }
]
[2026-08-21T19:05:36.777Z] error: <httpProxy> Error calling http://localhost:8787/...
[2026-08-21T19:05:36.778Z] error: <httpProxy> [
  500,
  AggregateError: 
      at ignore-listed frames {
    code: 'ECONNREFUSED',
    [errors]: [ [Error], [Error] ]
  }
]
[2026-08-21T19:05:36.778Z] error: <httpProxy> Error calling http://localhost:3001/...
[2026-08-21T19:05:36.779Z] error: <httpProxy> [
  500,
  AggregateError: 
      at ignore-listed frames {
    code: 'ECONNREFUSED',
    [errors]: [ [Error], [Error] ]
  }
]
[2026-08-21T19:05:36.779Z] error: <httpProxy> Error calling http://localhost:8082/...
[2026-08-21T19:05:36.780Z] error: <httpProxy> [
  500,
  AggregateError: 
      at ignore-listed frames {
    code: 'ECONNREFUSED',
    [errors]: [ [Error], [Error] ]
  }
]
[2026-08-21T19:05:36.780Z] error: <httpProxy> Error calling http://localhost:8090/...
[2026-08-21T19:05:36.781Z] error: <httpProxy> [
  500,
  AggregateError: 
      at ignore-listed frames {
    code: 'ECONNREFUSED',
    [errors]: [ [Error], [Error] ]
  }
]
[2026-08-21T19:05:36.782Z] error: <httpProxy> Error calling http://localhost:8787/...
[2026-08-21T19:05:36.783Z] error: <httpProxy> [
  500,
  AggregateError: 
      at ignore-listed frames {
    code: 'ECONNREFUSED',
    [errors]: [ [Error], [Error] ]
  }
]
[2026-08-21T19:05:36.783Z] error: <httpProxy> Error calling http://localhost:8090/...
[2026-08-21T19:05:36.783Z] error: <httpProxy> [
  500,
  AggregateError: 
      at ignore-listed frames {
    code: 'ECONNREFUSED',
    [errors]: [ [Error], [Error] ]
  }
]
[2026-08-21T19:05:36.784Z] error: <httpProxy> Error calling http://localhost:8081/...
[2026-08-21T19:05:36.784Z] error: <httpProxy> [
  500,
  AggregateError: 
      at ignore-listed frames {
    code: 'ECONNREFUSED',
    [errors]: [ [Error], [Error] ]
  }
]
[2026-08-21T19:05:36.785Z] error: <httpProxy> Error calling http://localhost:8081/...
[2026-08-21T19:05:36.785Z] error: <httpProxy> [
  500,
  AggregateError: 
      at ignore-listed frames {
    code: 'ECONNREFUSED',
    [errors]: [ [Error], [Error] ]
  }
]
[2026-08-21T19:05:37.062Z] error: <httpProxy> Error calling http://localhost:2283/...
[2026-08-21T19:05:37.063Z] error: <httpProxy> [
  500,
  AggregateError: 
      at ignore-listed frames {
    code: 'ECONNREFUSED',
    [errors]: [ [Error], [Error] ]
  }
]
[2026-08-21T19:05:37.064Z] error: <httpProxy> Error calling http://localhost:8010/...
[2026-08-21T19:05:37.064Z] error: <httpProxy> [
  500,
  AggregateError: 
      at ignore-listed frames {
    code: 'ECONNREFUSED',
    [errors]: [ [Error], [Error] ]
  }
]
[2026-08-21T19:05:37.065Z] error: <httpProxy> Error calling http://localhost:5006/...
[2026-08-21T19:05:37.067Z] error: <httpProxy> [
  500,
  AggregateError: 
      at ignore-listed frames {
    code: 'ECONNREFUSED',
    [errors]: [ [Error], [Error] ]
  }
]
[2026-08-21T19:05:37.068Z] error: <httpProxy> Error calling http://localhost:3001/...
[2026-08-21T19:05:37.069Z] error: <httpProxy> [
  500,
  AggregateError: 
      at ignore-listed frames {
    code: 'ECONNREFUSED',
    [errors]: [ [Error], [Error] ]
  }
]
[2026-08-21T19:05:37.072Z] error: <httpProxy> Error calling http://localhost:8082/...
[2026-08-21T19:05:37.073Z] error: <httpProxy> [
  500,
  AggregateError: 
      at ignore-listed frames {
    code: 'ECONNREFUSED',
    [errors]: [ [Error], [Error] ]
  }
]
[2026-08-21T19:05:37.073Z] error: <httpProxy> Error calling http://localhost:8787/...
[2026-08-21T19:05:37.074Z] error: <httpProxy> [
  500,
  AggregateError: 
      at ignore-listed frames {
    code: 'ECONNREFUSED',
    [errors]: [ [Error], [Error] ]
  }
]
[2026-08-21T19:05:37.075Z] error: <httpProxy> Error calling http://localhost:2283/...
[2026-08-21T19:05:37.075Z] error: <httpProxy> [
  500,
  AggregateError: 
      at ignore-listed frames {
    code: 'ECONNREFUSED',
    [errors]: [ [Error], [Error] ]
  }
]
[2026-08-21T19:05:37.076Z] error: <httpProxy> Error calling http://localhost:8010/...
[2026-08-21T19:05:37.076Z] error: <httpProxy> [
  500,
  AggregateError: 
      at ignore-listed frames {
    code: 'ECONNREFUSED',
    [errors]: [ [Error], [Error] ]
  }
]
[2026-08-21T19:05:37.080Z] error: <httpProxy> Error calling http://localhost:5006/...
[2026-08-21T19:05:37.081Z] error: <httpProxy> [
  500,
  AggregateError: 
      at ignore-listed frames {
    code: 'ECONNREFUSED',
    [errors]: [ [Error], [Error] ]
  }
]
[2026-08-21T19:05:37.081Z] error: <httpProxy> Error calling http://localhost:3001/...
[2026-08-21T19:05:37.082Z] error: <httpProxy> [
  500,
  AggregateError: 
      at ignore-listed frames {
    code: 'ECONNREFUSED',
    [errors]: [ [Error], [Error] ]
  }
]
[2026-08-21T19:05:37.086Z] error: <httpProxy> Error calling http://localhost:8082/...
[2026-08-21T19:05:37.087Z] error: <httpProxy> [
  500,
  AggregateError: 
      at ignore-listed frames {
    code: 'ECONNREFUSED',
    [errors]: [ [Error], [Error] ]
  }
]
[2026-08-21T19:05:37.088Z] error: <httpProxy> Error calling http://localhost:8787/...
[2026-08-21T19:05:37.088Z] error: <httpProxy> [
  500,
  AggregateError: 
      at ignore-listed frames {
    code: 'ECONNREFUSED',
    [errors]: [ [Error], [Error] ]
  }
]
[2026-08-21T19:05:37.096Z] error: <httpProxy> Error calling http://localhost:8090/...
[2026-08-21T19:05:37.096Z] error: <httpProxy> [
  500,
  AggregateError: 
      at ignore-listed frames {
    code: 'ECONNREFUSED',
    [errors]: [ [Error], [Error] ]
  }
]
[2026-08-21T19:05:37.097Z] error: <httpProxy> Error calling http://localhost:8081/...
[2026-08-21T19:05:37.097Z] error: <httpProxy> [
  500,
  AggregateError: 
      at ignore-listed frames {
    code: 'ECONNREFUSED',
    [errors]: [ [Error], [Error] ]
  }
]
[2026-08-21T19:05:37.098Z] error: <httpProxy> Error calling http://localhost:8787/...
[2026-08-21T19:05:37.099Z] error: <httpProxy> [
  500,
  AggregateError: 
      at ignore-listed frames {
    code: 'ECONNREFUSED',
    [errors]: [ [Error], [Error] ]
  }
]
[2026-08-21T19:05:37.099Z] error: <httpProxy> Error calling http://localhost:8083/...
[2026-08-21T19:05:37.099Z] error: <httpProxy> [
  500,
  AggregateError: 
      at ignore-listed frames {
    code: 'ECONNREFUSED',
    [errors]: [ [Error], [Error] ]
  }
]
[2026-08-21T19:05:37.100Z] error: <httpProxy> Error calling http://localhost:8083/...
[2026-08-21T19:05:37.100Z] error: <httpProxy> [
  500,
  AggregateError: 
      at ignore-listed frames {
    code: 'ECONNREFUSED',
    [errors]: [ [Error], [Error] ]
  }
]
[2026-08-21T19:05:37.101Z] error: <httpProxy> Error calling http://localhost:8083/...
[2026-08-21T19:05:37.101Z] error: <httpProxy> [
  500,
  AggregateError: 
      at ignore-listed frames {
    code: 'ECONNREFUSED',
    [errors]: [ [Error], [Error] ]
  }
]
[2026-08-21T19:05:37.102Z] error: <httpProxy> Error calling http://localhost:8090/...
[2026-08-21T19:05:37.102Z] error: <httpProxy> [
  500,
  AggregateError: 
      at ignore-listed frames {
    code: 'ECONNREFUSED',
    [errors]: [ [Error], [Error] ]
  }
]
[2026-08-21T19:05:37.102Z] error: <httpProxy> Error calling http://localhost:8081/...
[2026-08-21T19:05:37.103Z] error: <httpProxy> [
  500,
  AggregateError: 
      at ignore-listed frames {
    code: 'ECONNREFUSED',
    [errors]: [ [Error], [Error] ]
  }
]
[2026-08-21T19:05:37.107Z] error: <httpProxy> Error calling http://localhost:8787/...
[2026-08-21T19:05:37.108Z] error: <httpProxy> [
  500,
  AggregateError: 
      at ignore-listed frames {
    code: 'ECONNREFUSED',
    [errors]: [ [Error], [Error] ]
  }
]
[2026-08-21T19:05:37.108Z] error: <httpProxy> Error calling http://localhost:8083/...
[2026-08-21T19:05:37.108Z] error: <httpProxy> [
  500,
  AggregateError: 
      at ignore-listed frames {
    code: 'ECONNREFUSED',
    [errors]: [ [Error], [Error] ]
  }
]
[2026-08-21T19:05:37.113Z] error: <httpProxy> Error calling http://localhost:8083/...
[2026-08-21T19:05:37.113Z] error: <httpProxy> [
  500,
  AggregateError: 
      at ignore-listed frames {
    code: 'ECONNREFUSED',
    [errors]: [ [Error], [Error] ]
  }
]
[2026-08-21T19:05:37.114Z] error: <httpProxy> Error calling http://localhost:8083/...
[2026-08-21T19:05:37.114Z] error: <httpProxy> [
  500,
  AggregateError: 
      at ignore-listed frames {
    code: 'ECONNREFUSED',
    [errors]: [ [Error], [Error] ]
  }
]
[2026-08-21T19:05:37.124Z] error: <httpProxy> Error calling http://localhost:9000/...
[2026-08-21T19:05:37.124Z] error: <httpProxy> [
  500,
  AggregateError: 
      at ignore-listed frames {
    code: 'ECONNREFUSED',
    [errors]: [ [Error], [Error] ]
  }
]
[2026-08-21T19:05:37.125Z] error: <httpProxy> Error calling http://localhost:8020/...
[2026-08-21T19:05:37.125Z] error: <httpProxy> [
  500,
  AggregateError: 
      at ignore-listed frames {
    code: 'ECONNREFUSED',
    [errors]: [ [Error], [Error] ]
  }
]
[2026-08-21T19:05:37.127Z] error: <httpProxy> Error calling http://localhost:8015/...
[2026-08-21T19:05:37.127Z] error: <httpProxy> [
  500,
  AggregateError: 
      at ignore-listed frames {
    code: 'ECONNREFUSED',
    [errors]: [ [Error], [Error] ]
  }
]
[2026-08-21T19:05:37.128Z] error: <httpProxy> Error calling http://localhost:3929/...
[2026-08-21T19:05:37.128Z] error: <httpProxy> [
  500,
  AggregateError: 
      at ignore-listed frames {
    code: 'ECONNREFUSED',
    [errors]: [ [Error], [Error] ]
  }
]
[2026-08-21T19:05:37.129Z] error: <httpProxy> Error calling http://localhost:9000/...
[2026-08-21T19:05:37.130Z] error: <httpProxy> [
  500,
  AggregateError: 
      at ignore-listed frames {
    code: 'ECONNREFUSED',
    [errors]: [ [Error], [Error] ]
  }
]
[2026-08-21T19:05:37.130Z] error: <httpProxy> Error calling http://localhost:8020/...
[2026-08-21T19:05:37.131Z] error: <httpProxy> [
  500,
  AggregateError: 
      at ignore-listed frames {
    code: 'ECONNREFUSED',
    [errors]: [ [Error], [Error] ]
  }
]
[2026-08-21T19:05:37.133Z] error: <httpProxy> Error calling http://localhost:8015/...
[2026-08-21T19:05:37.133Z] error: <httpProxy> [
  500,
  AggregateError: 
      at ignore-listed frames {
    code: 'ECONNREFUSED',
    [errors]: [ [Error], [Error] ]
  }
]
[2026-08-21T19:05:37.133Z] error: <httpProxy> Error calling http://localhost:3929/...
[2026-08-21T19:05:37.134Z] error: <httpProxy> [
  500,
  AggregateError: 
      at ignore-listed frames {
    code: 'ECONNREFUSED',
    [errors]: [ [Error], [Error] ]
  }
]
[2026-08-21T19:06:07.164Z] error: <httpProxy> Error calling http://localhost:2283/...
[2026-08-21T19:06:07.165Z] error: <httpProxy> [
  500,
  AggregateError: 
      at ignore-listed frames {
    code: 'ECONNREFUSED',
    [errors]: [ [Error], [Error] ]
  }
]
[2026-08-21T19:06:07.166Z] error: <httpProxy> Error calling http://localhost:9000/...
[2026-08-21T19:06:07.166Z] error: <httpProxy> [
  500,
  AggregateError: 
      at ignore-listed frames {
    code: 'ECONNREFUSED',
    [errors]: [ [Error], [Error] ]
  }
]
[2026-08-21T19:06:07.167Z] error: <httpProxy> Error calling http://localhost:5006/...
[2026-08-21T19:06:07.167Z] error: <httpProxy> [
  500,
  AggregateError: 
      at ignore-listed frames {
    code: 'ECONNREFUSED',
    [errors]: [ [Error], [Error] ]
  }
]
[2026-08-21T19:06:07.168Z] error: <httpProxy> Error calling http://localhost:8010/...
[2026-08-21T19:06:07.169Z] error: <httpProxy> [
  500,
  AggregateError: 
      at ignore-listed frames {
    code: 'ECONNREFUSED',
    [errors]: [ [Error], [Error] ]
  }
]
[2026-08-21T19:06:07.169Z] error: <httpProxy> Error calling http://localhost:2283/...
[2026-08-21T19:06:07.170Z] error: <httpProxy> [
  500,
  AggregateError: 
      at ignore-listed frames {
    code: 'ECONNREFUSED',
    [errors]: [ [Error], [Error] ]
  }
]
[2026-08-21T19:06:07.170Z] error: <httpProxy> Error calling http://localhost:8015/...
[2026-08-21T19:06:07.171Z] error: <httpProxy> [
  500,
  AggregateError: 
      at ignore-listed frames {
    code: 'ECONNREFUSED',
    [errors]: [ [Error], [Error] ]
  }
]
[2026-08-21T19:06:07.171Z] error: <httpProxy> Error calling http://localhost:9000/...
[2026-08-21T19:06:07.171Z] error: <httpProxy> [
  500,
  AggregateError: 
      at ignore-listed frames {
    code: 'ECONNREFUSED',
    [errors]: [ [Error], [Error] ]
  }
]
[2026-08-21T19:06:07.175Z] error: <httpProxy> Error calling http://localhost:8020/...
[2026-08-21T19:06:07.176Z] error: <httpProxy> [
  500,
  AggregateError: 
      at ignore-listed frames {
    code: 'ECONNREFUSED',
    [errors]: [ [Error], [Error] ]
  }
]
[2026-08-21T19:06:07.176Z] error: <httpProxy> Error calling http://localhost:5006/...
[2026-08-21T19:06:07.177Z] error: <httpProxy> [
  500,
  AggregateError: 
      at ignore-listed frames {
    code: 'ECONNREFUSED',
    [errors]: [ [Error], [Error] ]
  }
]
[2026-08-21T19:06:07.179Z] error: <httpProxy> Error calling http://localhost:8010/...
[2026-08-21T19:06:07.180Z] error: <httpProxy> [
  500,
  AggregateError: 
      at ignore-listed frames {
    code: 'ECONNREFUSED',
    [errors]: [ [Error], [Error] ]
  }
]
[2026-08-21T19:06:07.182Z] error: <httpProxy> Error calling http://localhost:8015/...
[2026-08-21T19:06:07.182Z] error: <httpProxy> [
  500,
  AggregateError: 
      at ignore-listed frames {
    code: 'ECONNREFUSED',
    [errors]: [ [Error], [Error] ]
  }
]
[2026-08-21T19:06:07.185Z] error: <httpProxy> Error calling http://localhost:8020/...
[2026-08-21T19:06:07.185Z] error: <httpProxy> [
  500,
  AggregateError: 
      at ignore-listed frames {
    code: 'ECONNREFUSED',
    [errors]: [ [Error], [Error] ]
  }
]
[2026-08-21T19:06:07.189Z] error: <httpProxy> Error calling http://localhost:3929/...
[2026-08-21T19:06:07.190Z] error: <httpProxy> [
  500,
  AggregateError: 
      at ignore-listed frames {
    code: 'ECONNREFUSED',
    [errors]: [ [Error], [Error] ]
  }
]
[2026-08-21T19:06:07.190Z] error: <httpProxy> Error calling http://localhost:3001/...
[2026-08-21T19:06:07.191Z] error: <httpProxy> [
  500,
  AggregateError: 
      at ignore-listed frames {
    code: 'ECONNREFUSED',
    [errors]: [ [Error], [Error] ]
  }
]
[2026-08-21T19:06:07.191Z] error: <httpProxy> Error calling http://localhost:8082/...
[2026-08-21T19:06:07.192Z] error: <httpProxy> [
  500,
  AggregateError: 
      at ignore-listed frames {
    code: 'ECONNREFUSED',
    [errors]: [ [Error], [Error] ]
  }
]
[2026-08-21T19:06:07.193Z] error: <httpProxy> Error calling http://localhost:8787/...
[2026-08-21T19:06:07.193Z] error: <httpProxy> [
  500,
  AggregateError: 
      at ignore-listed frames {
    code: 'ECONNREFUSED',
    [errors]: [ [Error], [Error] ]
  }
]
[2026-08-21T19:06:07.193Z] error: <httpProxy> Error calling http://localhost:8090/...
[2026-08-21T19:06:07.194Z] error: <httpProxy> [
  500,
  AggregateError: 
      at ignore-listed frames {
    code: 'ECONNREFUSED',
    [errors]: [ [Error], [Error] ]
  }
]
[2026-08-21T19:06:07.194Z] error: <httpProxy> Error calling http://localhost:3929/...
[2026-08-21T19:06:07.194Z] error: <httpProxy> [
  500,
  AggregateError: 
      at ignore-listed frames {
    code: 'ECONNREFUSED',
    [errors]: [ [Error], [Error] ]
  }
]
[2026-08-21T19:06:07.195Z] error: <httpProxy> Error calling http://localhost:3001/...
[2026-08-21T19:06:07.196Z] error: <httpProxy> [
  500,
  AggregateError: 
      at ignore-listed frames {
    code: 'ECONNREFUSED',
    [errors]: [ [Error], [Error] ]
  }
]
[2026-08-21T19:06:07.199Z] error: <httpProxy> Error calling http://localhost:8081/...
[2026-08-21T19:06:07.199Z] error: <httpProxy> [
  500,
  AggregateError: 
      at ignore-listed frames {
    code: 'ECONNREFUSED',
    [errors]: [ [Error], [Error] ]
  }
]
[2026-08-21T19:06:07.200Z] error: <httpProxy> Error calling http://localhost:8082/...
[2026-08-21T19:06:07.200Z] error: <httpProxy> [
  500,
  AggregateError: 
      at ignore-listed frames {
    code: 'ECONNREFUSED',
    [errors]: [ [Error], [Error] ]
  }
]
[2026-08-21T19:06:07.202Z] error: <httpProxy> Error calling http://localhost:8787/...
[2026-08-21T19:06:07.202Z] error: <httpProxy> [
  500,
  AggregateError: 
      at ignore-listed frames {
    code: 'ECONNREFUSED',
    [errors]: [ [Error], [Error] ]
  }
]
[2026-08-21T19:06:07.203Z] error: <httpProxy> Error calling http://localhost:8090/...
[2026-08-21T19:06:07.203Z] error: <httpProxy> [
  500,
  AggregateError: 
      at ignore-listed frames {
    code: 'ECONNREFUSED',
    [errors]: [ [Error], [Error] ]
  }
]
[2026-08-21T19:06:07.205Z] error: <httpProxy> Error calling http://localhost:8081/...
[2026-08-21T19:06:07.205Z] error: <httpProxy> [
  500,
  AggregateError: 
      at ignore-listed frames {
    code: 'ECONNREFUSED',
    [errors]: [ [Error], [Error] ]
  }
]
[2026-08-21T19:06:07.208Z] error: <httpProxy> Error calling http://localhost:8787/...
[2026-08-21T19:06:07.209Z] error: <httpProxy> [
  500,
  AggregateError: 
      at ignore-listed frames {
    code: 'ECONNREFUSED',
    [errors]: [ [Error], [Error] ]
  }
]
[2026-08-21T19:06:07.209Z] error: <httpProxy> Error calling http://localhost:8083/...
[2026-08-21T19:06:07.209Z] error: <httpProxy> [
  500,
  AggregateError: 
      at ignore-listed frames {
    code: 'ECONNREFUSED',
    [errors]: [ [Error], [Error] ]
  }
]
[2026-08-21T19:06:07.210Z] error: <httpProxy> Error calling http://localhost:8083/...
[2026-08-21T19:06:07.210Z] error: <httpProxy> [
  500,
  AggregateError: 
      at ignore-listed frames {
    code: 'ECONNREFUSED',
    [errors]: [ [Error], [Error] ]
  }
]
[2026-08-21T19:06:07.211Z] error: <httpProxy> Error calling http://localhost:8083/...
[2026-08-21T19:06:07.211Z] error: <httpProxy> [
  500,
  AggregateError: 
      at ignore-listed frames {
    code: 'ECONNREFUSED',
    [errors]: [ [Error], [Error] ]
  }
]
[2026-08-21T19:06:07.211Z] error: <httpProxy> Error calling http://localhost:8787/...
[2026-08-21T19:06:07.212Z] error: <httpProxy> [
  500,
  AggregateError: 
      at ignore-listed frames {
    code: 'ECONNREFUSED',
    [errors]: [ [Error], [Error] ]
  }
]
[2026-08-21T19:06:07.212Z] error: <httpProxy> Error calling http://localhost:8083/...
[2026-08-21T19:06:07.212Z] error: <httpProxy> [
  500,
  AggregateError: 
      at ignore-listed frames {
    code: 'ECONNREFUSED',
    [errors]: [ [Error], [Error] ]
  }
]
[2026-08-21T19:06:07.213Z] error: <httpProxy> Error calling http://localhost:8083/...
[2026-08-21T19:06:07.213Z] error: <httpProxy> [
  500,
  AggregateError: 
      at ignore-listed frames {
    code: 'ECONNREFUSED',
    [errors]: [ [Error], [Error] ]
  }
]
[2026-08-21T19:06:07.214Z] error: <httpProxy> Error calling http://localhost:8083/...
[2026-08-21T19:06:07.214Z] error: <httpProxy> [
  500,
  AggregateError: 
      at ignore-listed frames {
    code: 'ECONNREFUSED',
    [errors]: [ [Error], [Error] ]
  }
]
[2026-08-21T19:06:18.742Z] error: <httpProxy> Error calling http://localhost:8010/...
[2026-08-21T19:06:18.742Z] error: <httpProxy> [
  500,
  AggregateError: 
      at ignore-listed frames {
    code: 'ECONNREFUSED',
    [errors]: [ [Error], [Error] ]
  }
]
[2026-08-21T19:06:18.749Z] error: <httpProxy> Error calling http://localhost:8010/...
[2026-08-21T19:06:18.750Z] error: <httpProxy> [
  500,
  AggregateError: 
      at ignore-listed frames {
    code: 'ECONNREFUSED',
    [errors]: [ [Error], [Error] ]
  }
]
[2026-08-21T19:06:18.756Z] error: <httpProxy> Error calling http://localhost:2283/...
[2026-08-21T19:06:18.756Z] error: <httpProxy> [
  500,
  AggregateError: 
      at ignore-listed frames {
    code: 'ECONNREFUSED',
    [errors]: [ [Error], [Error] ]
  }
]
[2026-08-21T19:06:18.757Z] error: <httpProxy> Error calling http://localhost:9000/...
[2026-08-21T19:06:18.757Z] error: <httpProxy> [
  500,
  AggregateError: 
      at ignore-listed frames {
    code: 'ECONNREFUSED',
    [errors]: [ [Error], [Error] ]
  }
]
[2026-08-21T19:06:18.758Z] error: <httpProxy> Error calling http://localhost:5006/...
[2026-08-21T19:06:18.758Z] error: <httpProxy> [
  500,
  AggregateError: 
      at ignore-listed frames {
    code: 'ECONNREFUSED',
    [errors]: [ [Error], [Error] ]
  }
]
[2026-08-21T19:06:18.760Z] error: <httpProxy> Error calling http://localhost:8020/...
[2026-08-21T19:06:18.761Z] error: <httpProxy> [
  500,
  AggregateError: 
      at ignore-listed frames {
    code: 'ECONNREFUSED',
    [errors]: [ [Error], [Error] ]
  }
]
[2026-08-21T19:06:18.761Z] error: <httpProxy> Error calling http://localhost:2283/...
[2026-08-21T19:06:18.761Z] error: <httpProxy> [
  500,
  AggregateError: 
      at ignore-listed frames {
    code: 'ECONNREFUSED',
    [errors]: [ [Error], [Error] ]
  }
]
[2026-08-21T19:06:18.762Z] error: <httpProxy> Error calling http://localhost:9000/...
[2026-08-21T19:06:18.762Z] error: <httpProxy> [
  500,
  AggregateError: 
      at ignore-listed frames {
    code: 'ECONNREFUSED',
    [errors]: [ [Error], [Error] ]
  }
]
[2026-08-21T19:06:18.768Z] error: <httpProxy> Error calling http://localhost:5006/...
[2026-08-21T19:06:18.769Z] error: <httpProxy> [
  500,
  AggregateError: 
      at ignore-listed frames {
    code: 'ECONNREFUSED',
    [errors]: [ [Error], [Error] ]
  }
]
[2026-08-21T19:06:18.769Z] error: <httpProxy> Error calling http://localhost:8015/...
[2026-08-21T19:06:18.770Z] error: <httpProxy> [
  500,
  AggregateError: 
      at ignore-listed frames {
    code: 'ECONNREFUSED',
    [errors]: [ [Error], [Error] ]
  }
]
[2026-08-21T19:06:18.770Z] error: <httpProxy> Error calling http://localhost:3929/...
[2026-08-21T19:06:18.771Z] error: <httpProxy> [
  500,
  AggregateError: 
      at ignore-listed frames {
    code: 'ECONNREFUSED',
    [errors]: [ [Error], [Error] ]
  }
]
[2026-08-21T19:06:18.771Z] error: <httpProxy> Error calling http://localhost:8020/...
[2026-08-21T19:06:18.772Z] error: <httpProxy> [
  500,
  AggregateError: 
      at ignore-listed frames {
    code: 'ECONNREFUSED',
    [errors]: [ [Error], [Error] ]
  }
]
[2026-08-21T19:06:18.778Z] error: <httpProxy> Error calling http://localhost:8015/...
[2026-08-21T19:06:18.778Z] error: <httpProxy> [
  500,
  AggregateError: 
      at ignore-listed frames {
    code: 'ECONNREFUSED',
    [errors]: [ [Error], [Error] ]
  }
]
[2026-08-21T19:06:18.779Z] error: <httpProxy> Error calling http://localhost:3929/...
[2026-08-21T19:06:18.779Z] error: <httpProxy> [
  500,
  AggregateError: 
      at ignore-listed frames {
    code: 'ECONNREFUSED',
    [errors]: [ [Error], [Error] ]
  }
]
[2026-08-21T19:06:18.783Z] error: <httpProxy> Error calling http://localhost:3001/...
[2026-08-21T19:06:18.784Z] error: <httpProxy> [
  500,
  AggregateError: 
      at ignore-listed frames {
    code: 'ECONNREFUSED',
    [errors]: [ [Error], [Error] ]
  }
]
[2026-08-21T19:06:18.784Z] error: <httpProxy> Error calling http://localhost:8082/...
[2026-08-21T19:06:18.784Z] error: <httpProxy> [
  500,
  AggregateError: 
      at ignore-listed frames {
    code: 'ECONNREFUSED',
    [errors]: [ [Error], [Error] ]
  }
]
[2026-08-21T19:06:18.786Z] error: <httpProxy> Error calling http://localhost:8787/...
[2026-08-21T19:06:18.787Z] error: <httpProxy> [
  500,
  AggregateError: 
      at ignore-listed frames {
    code: 'ECONNREFUSED',
    [errors]: [ [Error], [Error] ]
  }
]
[2026-08-21T19:06:18.787Z] error: <httpProxy> Error calling http://localhost:8090/...
[2026-08-21T19:06:18.787Z] error: <httpProxy> [
  500,
  AggregateError: 
      at ignore-listed frames {
    code: 'ECONNREFUSED',
    [errors]: [ [Error], [Error] ]
  }
]
[2026-08-21T19:06:18.788Z] error: <httpProxy> Error calling http://localhost:3001/...
[2026-08-21T19:06:18.788Z] error: <httpProxy> [
  500,
  AggregateError: 
      at ignore-listed frames {
    code: 'ECONNREFUSED',
    [errors]: [ [Error], [Error] ]
  }
]
[2026-08-21T19:06:18.788Z] error: <httpProxy> Error calling http://localhost:8082/...
[2026-08-21T19:06:18.789Z] error: <httpProxy> [
  500,
  AggregateError: 
      at ignore-listed frames {
    code: 'ECONNREFUSED',
    [errors]: [ [Error], [Error] ]
  }
]
[2026-08-21T19:06:18.793Z] error: <httpProxy> Error calling http://localhost:8081/...
[2026-08-21T19:06:18.794Z] error: <httpProxy> [
  500,
  AggregateError: 
      at ignore-listed frames {
    code: 'ECONNREFUSED',
    [errors]: [ [Error], [Error] ]
  }
]
[2026-08-21T19:06:18.794Z] error: <httpProxy> Error calling http://localhost:8787/...
[2026-08-21T19:06:18.794Z] error: <httpProxy> [
  500,
  AggregateError: 
      at ignore-listed frames {
    code: 'ECONNREFUSED',
    [errors]: [ [Error], [Error] ]
  }
]
[2026-08-21T19:06:18.795Z] error: <httpProxy> Error calling http://localhost:8787/...
[2026-08-21T19:06:18.795Z] error: <httpProxy> [
  500,
  AggregateError: 
      at ignore-listed frames {
    code: 'ECONNREFUSED',
    [errors]: [ [Error], [Error] ]
  }
]
[2026-08-21T19:06:18.795Z] error: <httpProxy> Error calling http://localhost:8090/...
[2026-08-21T19:06:18.796Z] error: <httpProxy> [
  500,
  AggregateError: 
      at ignore-listed frames {
    code: 'ECONNREFUSED',
    [errors]: [ [Error], [Error] ]
  }
]
[2026-08-21T19:06:18.800Z] error: <httpProxy> Error calling http://localhost:8081/...
[2026-08-21T19:06:18.801Z] error: <httpProxy> [
  500,
  AggregateError: 
      at ignore-listed frames {
    code: 'ECONNREFUSED',
    [errors]: [ [Error], [Error] ]
  }
]
[2026-08-21T19:06:18.801Z] error: <httpProxy> Error calling http://localhost:8787/...
[2026-08-21T19:06:18.801Z] error: <httpProxy> [
  500,
  AggregateError: 
      at ignore-listed frames {
    code: 'ECONNREFUSED',
    [errors]: [ [Error], [Error] ]
  }
]
[2026-08-21T19:06:18.803Z] error: <httpProxy> Error calling http://localhost:8083/...
[2026-08-21T19:06:18.803Z] error: <httpProxy> [
  500,
  AggregateError: 
      at ignore-listed frames {
    code: 'ECONNREFUSED',
    [errors]: [ [Error], [Error] ]
  }
]
[2026-08-21T19:06:18.804Z] error: <httpProxy> Error calling http://localhost:8083/...
[2026-08-21T19:06:18.804Z] error: <httpProxy> [
  500,
  AggregateError: 
      at ignore-listed frames {
    code: 'ECONNREFUSED',
    [errors]: [ [Error], [Error] ]
  }
]
[2026-08-21T19:06:18.805Z] error: <httpProxy> Error calling http://localhost:8083/...
[2026-08-21T19:06:18.805Z] error: <httpProxy> [
  500,
  AggregateError: 
      at ignore-listed frames {
    code: 'ECONNREFUSED',
    [errors]: [ [Error], [Error] ]
  }
]
[2026-08-21T19:06:18.805Z] error: <httpProxy> Error calling http://localhost:8083/...
[2026-08-21T19:06:18.806Z] error: <httpProxy> [
  500,
  AggregateError: 
      at ignore-listed frames {
    code: 'ECONNREFUSED',
    [errors]: [ [Error], [Error] ]
  }
]
[2026-08-21T19:06:18.806Z] error: <httpProxy> Error calling http://localhost:8083/...
[2026-08-21T19:06:18.806Z] error: <httpProxy> [
  500,
  AggregateError: 
      at ignore-listed frames {
    code: 'ECONNREFUSED',
    [errors]: [ [Error], [Error] ]
  }
]
[2026-08-21T19:06:18.807Z] error: <httpProxy> Error calling http://localhost:8083/...
[2026-08-21T19:06:18.807Z] error: <httpProxy> [
  500,
  AggregateError: 
      at ignore-listed frames {
    code: 'ECONNREFUSED',
    [errors]: [ [Error], [Error] ]
  }
]
[2026-08-21T19:06:23.929Z] error: <httpProxy> Error calling http://localhost:2283/...
[2026-08-21T19:06:23.929Z] error: <httpProxy> [
  500,
  AggregateError: 
      at ignore-listed frames {
    code: 'ECONNREFUSED',
    [errors]: [ [Error], [Error] ]
  }
]
[2026-08-21T19:06:23.930Z] error: <httpProxy> Error calling http://localhost:8010/...
[2026-08-21T19:06:23.930Z] error: <httpProxy> [
  500,
  AggregateError: 
      at ignore-listed frames {
    code: 'ECONNREFUSED',
    [errors]: [ [Error], [Error] ]
  }
]
[2026-08-21T19:06:23.931Z] error: <httpProxy> Error calling http://localhost:9000/...
[2026-08-21T19:06:23.931Z] error: <httpProxy> [
  500,
  AggregateError: 
      at ignore-listed frames {
    code: 'ECONNREFUSED',
    [errors]: [ [Error], [Error] ]
  }
]
[2026-08-21T19:06:23.933Z] error: <httpProxy> Error calling http://localhost:5006/...
[2026-08-21T19:06:23.933Z] error: <httpProxy> [
  500,
  AggregateError: 
      at ignore-listed frames {
    code: 'ECONNREFUSED',
    [errors]: [ [Error], [Error] ]
  }
]
[2026-08-21T19:06:23.934Z] error: <httpProxy> Error calling http://localhost:8020/...
[2026-08-21T19:06:23.934Z] error: <httpProxy> [
  500,
  AggregateError: 
      at ignore-listed frames {
    code: 'ECONNREFUSED',
    [errors]: [ [Error], [Error] ]
  }
]
[2026-08-21T19:06:23.935Z] error: <httpProxy> Error calling http://localhost:2283/...
[2026-08-21T19:06:23.935Z] error: <httpProxy> [
  500,
  AggregateError: 
      at ignore-listed frames {
    code: 'ECONNREFUSED',
    [errors]: [ [Error], [Error] ]
  }
]
[2026-08-21T19:06:23.935Z] error: <httpProxy> Error calling http://localhost:8010/...
[2026-08-21T19:06:23.936Z] error: <httpProxy> [
  500,
  AggregateError: 
      at ignore-listed frames {
    code: 'ECONNREFUSED',
    [errors]: [ [Error], [Error] ]
  }
]
[2026-08-21T19:06:23.936Z] error: <httpProxy> Error calling http://localhost:9000/...
[2026-08-21T19:06:23.936Z] error: <httpProxy> [
  500,
  AggregateError: 
      at ignore-listed frames {
    code: 'ECONNREFUSED',
    [errors]: [ [Error], [Error] ]
  }
]
[2026-08-21T19:06:23.942Z] error: <httpProxy> Error calling http://localhost:8015/...
[2026-08-21T19:06:23.942Z] error: <httpProxy> [
  500,
  AggregateError: 
      at ignore-listed frames {
    code: 'ECONNREFUSED',
    [errors]: [ [Error], [Error] ]
  }
]
[2026-08-21T19:06:23.943Z] error: <httpProxy> Error calling http://localhost:5006/...
[2026-08-21T19:06:23.943Z] error: <httpProxy> [
  500,
  AggregateError: 
      at ignore-listed frames {
    code: 'ECONNREFUSED',
    [errors]: [ [Error], [Error] ]
  }
]
[2026-08-21T19:06:23.944Z] error: <httpProxy> Error calling http://localhost:8020/...
[2026-08-21T19:06:23.944Z] error: <httpProxy> [
  500,
  AggregateError: 
      at ignore-listed frames {
    code: 'ECONNREFUSED',
    [errors]: [ [Error], [Error] ]
  }
]
[2026-08-21T19:06:23.949Z] error: <httpProxy> Error calling http://localhost:8015/...
[2026-08-21T19:06:23.949Z] error: <httpProxy> [
  500,
  AggregateError: 
      at ignore-listed frames {
    code: 'ECONNREFUSED',
    [errors]: [ [Error], [Error] ]
  }
]
[2026-08-21T19:06:23.955Z] error: <httpProxy> Error calling http://localhost:3929/...
[2026-08-21T19:06:23.955Z] error: <httpProxy> [
  500,
  AggregateError: 
      at ignore-listed frames {
    code: 'ECONNREFUSED',
    [errors]: [ [Error], [Error] ]
  }
]
[2026-08-21T19:06:23.955Z] error: <httpProxy> Error calling http://localhost:3001/...
[2026-08-21T19:06:23.956Z] error: <httpProxy> [
  500,
  AggregateError: 
      at ignore-listed frames {
    code: 'ECONNREFUSED',
    [errors]: [ [Error], [Error] ]
  }
]
[2026-08-21T19:06:23.956Z] error: <httpProxy> Error calling http://localhost:8082/...
[2026-08-21T19:06:23.956Z] error: <httpProxy> [
  500,
  AggregateError: 
      at ignore-listed frames {
    code: 'ECONNREFUSED',
    [errors]: [ [Error], [Error] ]
  }
]
[2026-08-21T19:06:23.958Z] error: <httpProxy> Error calling http://localhost:8787/...
[2026-08-21T19:06:23.958Z] error: <httpProxy> [
  500,
  AggregateError: 
      at ignore-listed frames {
    code: 'ECONNREFUSED',
    [errors]: [ [Error], [Error] ]
  }
]
[2026-08-21T19:06:23.958Z] error: <httpProxy> Error calling http://localhost:8090/...
[2026-08-21T19:06:23.959Z] error: <httpProxy> [
  500,
  AggregateError: 
      at ignore-listed frames {
    code: 'ECONNREFUSED',
    [errors]: [ [Error], [Error] ]
  }
]
[2026-08-21T19:06:23.959Z] error: <httpProxy> Error calling http://localhost:3929/...
[2026-08-21T19:06:23.959Z] error: <httpProxy> [
  500,
  AggregateError: 
      at ignore-listed frames {
    code: 'ECONNREFUSED',
    [errors]: [ [Error], [Error] ]
  }
]
[2026-08-21T19:06:23.960Z] error: <httpProxy> Error calling http://localhost:3001/...
[2026-08-21T19:06:23.960Z] error: <httpProxy> [
  500,
  AggregateError: 
      at ignore-listed frames {
    code: 'ECONNREFUSED',
    [errors]: [ [Error], [Error] ]
  }
]
[2026-08-21T19:06:23.961Z] error: <httpProxy> Error calling http://localhost:8082/...
[2026-08-21T19:06:23.961Z] error: <httpProxy> [
  500,
  AggregateError: 
      at ignore-listed frames {
    code: 'ECONNREFUSED',
    [errors]: [ [Error], [Error] ]
  }
]
[2026-08-21T19:06:23.967Z] error: <httpProxy> Error calling http://localhost:8081/...
[2026-08-21T19:06:23.968Z] error: <httpProxy> [
  500,
  AggregateError: 
      at ignore-listed frames {
    code: 'ECONNREFUSED',
    [errors]: [ [Error], [Error] ]
  }
]
[2026-08-21T19:06:23.968Z] error: <httpProxy> Error calling http://localhost:8787/...
[2026-08-21T19:06:23.969Z] error: <httpProxy> [
  500,
  AggregateError: 
      at ignore-listed frames {
    code: 'ECONNREFUSED',
    [errors]: [ [Error], [Error] ]
  }
]
[2026-08-21T19:06:23.969Z] error: <httpProxy> Error calling http://localhost:8090/...
[2026-08-21T19:06:23.969Z] error: <httpProxy> [
  500,
  AggregateError: 
      at ignore-listed frames {
    code: 'ECONNREFUSED',
    [errors]: [ [Error], [Error] ]
  }
]
[2026-08-21T19:06:23.974Z] error: <httpProxy> Error calling http://localhost:8081/...
[2026-08-21T19:06:23.975Z] error: <httpProxy> [
  500,
  AggregateError: 
      at ignore-listed frames {
    code: 'ECONNREFUSED',
    [errors]: [ [Error], [Error] ]
  }
]
[2026-08-21T19:06:23.977Z] error: <httpProxy> Error calling http://localhost:8787/...
[2026-08-21T19:06:23.977Z] error: <httpProxy> [
  500,
  AggregateError: 
      at ignore-listed frames {
    code: 'ECONNREFUSED',
    [errors]: [ [Error], [Error] ]
  }
]
[2026-08-21T19:06:23.978Z] error: <httpProxy> Error calling http://localhost:8083/...
[2026-08-21T19:06:23.978Z] error: <httpProxy> [
  500,
  AggregateError: 
      at ignore-listed frames {
    code: 'ECONNREFUSED',
    [errors]: [ [Error], [Error] ]
  }
]
[2026-08-21T19:06:23.978Z] error: <httpProxy> Error calling http://localhost:8083/...
[2026-08-21T19:06:23.979Z] error: <httpProxy> [
  500,
  AggregateError: 
      at ignore-listed frames {
    code: 'ECONNREFUSED',
    [errors]: [ [Error], [Error] ]
  }
]
[2026-08-21T19:06:23.982Z] error: <httpProxy> Error calling http://localhost:8083/...
[2026-08-21T19:06:23.983Z] error: <httpProxy> [
  500,
  AggregateError: 
      at ignore-listed frames {
    code: 'ECONNREFUSED',
    [errors]: [ [Error], [Error] ]
  }
]
[2026-08-21T19:06:23.983Z] error: <httpProxy> Error calling http://localhost:8787/...
[2026-08-21T19:06:23.984Z] error: <httpProxy> [
  500,
  AggregateError: 
      at ignore-listed frames {
    code: 'ECONNREFUSED',
    [errors]: [ [Error], [Error] ]
  }
]
[2026-08-21T19:06:23.984Z] error: <httpProxy> Error calling http://localhost:8083/...
[2026-08-21T19:06:23.984Z] error: <httpProxy> [
  500,
  AggregateError: 
      at ignore-listed frames {
    code: 'ECONNREFUSED',
    [errors]: [ [Error], [Error] ]
  }
]
[2026-08-21T19:06:23.985Z] error: <httpProxy> Error calling http://localhost:8083/...
[2026-08-21T19:06:23.985Z] error: <httpProxy> [
  500,
  AggregateError: 
      at ignore-listed frames {
    code: 'ECONNREFUSED',
    [errors]: [ [Error], [Error] ]
  }
]
[2026-08-21T19:06:23.990Z] error: <httpProxy> Error calling http://localhost:8083/...
[2026-08-21T19:06:23.991Z] error: <httpProxy> [
  500,
  AggregateError: 
      at ignore-listed frames {
    code: 'ECONNREFUSED',
    [errors]: [ [Error], [Error] ]
  }
]
[2026-08-21T19:06:26.777Z] error: <httpProxy> Error calling http://localhost:2283/...
[2026-08-21T19:06:26.778Z] error: <httpProxy> [
  500,
  AggregateError: 
      at ignore-listed frames {
    code: 'ECONNREFUSED',
    [errors]: [ [Error], [Error] ]
  }
]
[2026-08-21T19:06:26.779Z] error: <httpProxy> Error calling http://localhost:8010/...
[2026-08-21T19:06:26.779Z] error: <httpProxy> [
  500,
  AggregateError: 
      at ignore-listed frames {
    code: 'ECONNREFUSED',
    [errors]: [ [Error], [Error] ]
  }
]
[2026-08-21T19:06:26.782Z] error: <httpProxy> Error calling http://localhost:9000/...
[2026-08-21T19:06:26.783Z] error: <httpProxy> [
  500,
  AggregateError: 
      at ignore-listed frames {
    code: 'ECONNREFUSED',
    [errors]: [ [Error], [Error] ]
  }
]
[2026-08-21T19:06:26.787Z] error: <httpProxy> Error calling http://localhost:2283/...
[2026-08-21T19:06:26.787Z] error: <httpProxy> [
  500,
  AggregateError: 
      at ignore-listed frames {
    code: 'ECONNREFUSED',
    [errors]: [ [Error], [Error] ]
  }
]
[2026-08-21T19:06:26.788Z] error: <httpProxy> Error calling http://localhost:8010/...
[2026-08-21T19:06:26.788Z] error: <httpProxy> [
  500,
  AggregateError: 
      at ignore-listed frames {
    code: 'ECONNREFUSED',
    [errors]: [ [Error], [Error] ]
  }
]
[2026-08-21T19:06:26.792Z] error: <httpProxy> Error calling http://localhost:5006/...
[2026-08-21T19:06:26.792Z] error: <httpProxy> [
  500,
  AggregateError: 
      at ignore-listed frames {
    code: 'ECONNREFUSED',
    [errors]: [ [Error], [Error] ]
  }
]
[2026-08-21T19:06:26.793Z] error: <httpProxy> Error calling http://localhost:8020/...
[2026-08-21T19:06:26.793Z] error: <httpProxy> [
  500,
  AggregateError: 
      at ignore-listed frames {
    code: 'ECONNREFUSED',
    [errors]: [ [Error], [Error] ]
  }
]
[2026-08-21T19:06:26.794Z] error: <httpProxy> Error calling http://localhost:9000/...
[2026-08-21T19:06:26.795Z] error: <httpProxy> [
  500,
  AggregateError: 
      at ignore-listed frames {
    code: 'ECONNREFUSED',
    [errors]: [ [Error], [Error] ]
  }
]
[2026-08-21T19:06:26.800Z] error: <httpProxy> Error calling http://localhost:5006/...
[2026-08-21T19:06:26.801Z] error: <httpProxy> [
  500,
  AggregateError: 
      at ignore-listed frames {
    code: 'ECONNREFUSED',
    [errors]: [ [Error], [Error] ]
  }
]
[2026-08-21T19:06:26.801Z] error: <httpProxy> Error calling http://localhost:8020/...
[2026-08-21T19:06:26.802Z] error: <httpProxy> [
  500,
  AggregateError: 
      at ignore-listed frames {
    code: 'ECONNREFUSED',
    [errors]: [ [Error], [Error] ]
  }
]
[2026-08-21T19:06:26.807Z] error: <httpProxy> Error calling http://localhost:8015/...
[2026-08-21T19:06:26.808Z] error: <httpProxy> [
  500,
  AggregateError: 
      at ignore-listed frames {
    code: 'ECONNREFUSED',
    [errors]: [ [Error], [Error] ]
  }
]
[2026-08-21T19:06:26.810Z] error: <httpProxy> Error calling http://localhost:3929/...
[2026-08-21T19:06:26.810Z] error: <httpProxy> [
  500,
  AggregateError: 
      at ignore-listed frames {
    code: 'ECONNREFUSED',
    [errors]: [ [Error], [Error] ]
  }
]
[2026-08-21T19:06:26.810Z] error: <httpProxy> Error calling http://localhost:3001/...
[2026-08-21T19:06:26.811Z] error: <httpProxy> [
  500,
  AggregateError: 
      at ignore-listed frames {
    code: 'ECONNREFUSED',
    [errors]: [ [Error], [Error] ]
  }
]
[2026-08-21T19:06:26.811Z] error: <httpProxy> Error calling http://localhost:8015/...
[2026-08-21T19:06:26.811Z] error: <httpProxy> [
  500,
  AggregateError: 
      at ignore-listed frames {
    code: 'ECONNREFUSED',
    [errors]: [ [Error], [Error] ]
  }
]
[2026-08-21T19:06:26.812Z] error: <httpProxy> Error calling http://localhost:8082/...
[2026-08-21T19:06:26.813Z] error: <httpProxy> [
  500,
  AggregateError: 
      at ignore-listed frames {
    code: 'ECONNREFUSED',
    [errors]: [ [Error], [Error] ]
  }
]
[2026-08-21T19:06:26.815Z] error: <httpProxy> Error calling http://localhost:3929/...
[2026-08-21T19:06:26.815Z] error: <httpProxy> [
  500,
  AggregateError: 
      at ignore-listed frames {
    code: 'ECONNREFUSED',
    [errors]: [ [Error], [Error] ]
  }
]
[2026-08-21T19:06:26.815Z] error: <httpProxy> Error calling http://localhost:3001/...
[2026-08-21T19:06:26.816Z] error: <httpProxy> [
  500,
  AggregateError: 
      at ignore-listed frames {
    code: 'ECONNREFUSED',
    [errors]: [ [Error], [Error] ]
  }
]
[2026-08-21T19:06:26.817Z] error: <httpProxy> Error calling http://localhost:8787/...
[2026-08-21T19:06:26.817Z] error: <httpProxy> [
  500,
  AggregateError: 
      at ignore-listed frames {
    code: 'ECONNREFUSED',
    [errors]: [ [Error], [Error] ]
  }
]
[2026-08-21T19:06:26.817Z] error: <httpProxy> Error calling http://localhost:8090/...
[2026-08-21T19:06:26.818Z] error: <httpProxy> [
  500,
  AggregateError: 
      at ignore-listed frames {
    code: 'ECONNREFUSED',
    [errors]: [ [Error], [Error] ]
  }
]
[2026-08-21T19:06:26.818Z] error: <httpProxy> Error calling http://localhost:8082/...
[2026-08-21T19:06:26.818Z] error: <httpProxy> [
  500,
  AggregateError: 
      at ignore-listed frames {
    code: 'ECONNREFUSED',
    [errors]: [ [Error], [Error] ]
  }
]
[2026-08-21T19:06:26.822Z] error: <httpProxy> Error calling http://localhost:8787/...
[2026-08-21T19:06:26.823Z] error: <httpProxy> [
  500,
  AggregateError: 
      at ignore-listed frames {
    code: 'ECONNREFUSED',
    [errors]: [ [Error], [Error] ]
  }
]
[2026-08-21T19:06:26.823Z] error: <httpProxy> Error calling http://localhost:8090/...
[2026-08-21T19:06:26.823Z] error: <httpProxy> [
  500,
  AggregateError: 
      at ignore-listed frames {
    code: 'ECONNREFUSED',
    [errors]: [ [Error], [Error] ]
  }
]
[2026-08-21T19:06:26.826Z] error: <httpProxy> Error calling http://localhost:8081/...
[2026-08-21T19:06:26.826Z] error: <httpProxy> [
  500,
  AggregateError: 
      at ignore-listed frames {
    code: 'ECONNREFUSED',
    [errors]: [ [Error], [Error] ]
  }
]
[2026-08-21T19:06:26.827Z] error: <httpProxy> Error calling http://localhost:8787/...
[2026-08-21T19:06:26.827Z] error: <httpProxy> [
  500,
  AggregateError: 
      at ignore-listed frames {
    code: 'ECONNREFUSED',
    [errors]: [ [Error], [Error] ]
  }
]
[2026-08-21T19:06:26.828Z] error: <httpProxy> Error calling http://localhost:8083/...
[2026-08-21T19:06:26.828Z] error: <httpProxy> [
  500,
  AggregateError: 
      at ignore-listed frames {
    code: 'ECONNREFUSED',
    [errors]: [ [Error], [Error] ]
  }
]
[2026-08-21T19:06:26.829Z] error: <httpProxy> Error calling http://localhost:8083/...
[2026-08-21T19:06:26.829Z] error: <httpProxy> [
  500,
  AggregateError: 
      at ignore-listed frames {
    code: 'ECONNREFUSED',
    [errors]: [ [Error], [Error] ]
  }
]
[2026-08-21T19:06:26.829Z] error: <httpProxy> Error calling http://localhost:8081/...
[2026-08-21T19:06:26.829Z] error: <httpProxy> [
  500,
  AggregateError: 
      at ignore-listed frames {
    code: 'ECONNREFUSED',
    [errors]: [ [Error], [Error] ]
  }
]
[2026-08-21T19:06:26.830Z] error: <httpProxy> Error calling http://localhost:8787/...
[2026-08-21T19:06:26.831Z] error: <httpProxy> [
  500,
  AggregateError: 
      at ignore-listed frames {
    code: 'ECONNREFUSED',
    [errors]: [ [Error], [Error] ]
  }
]
[2026-08-21T19:06:26.831Z] error: <httpProxy> Error calling http://localhost:8083/...
[2026-08-21T19:06:26.831Z] error: <httpProxy> [
  500,
  AggregateError: 
      at ignore-listed frames {
    code: 'ECONNREFUSED',
    [errors]: [ [Error], [Error] ]
  }
]
[2026-08-21T19:06:26.832Z] error: <httpProxy> Error calling http://localhost:8083/...
[2026-08-21T19:06:26.832Z] error: <httpProxy> [
  500,
  AggregateError: 
      at ignore-listed frames {
    code: 'ECONNREFUSED',
    [errors]: [ [Error], [Error] ]
  }
]
[2026-08-21T19:06:26.832Z] error: <httpProxy> Error calling http://localhost:8083/...
[2026-08-21T19:06:26.833Z] error: <httpProxy> [
  500,
  AggregateError: 
      at ignore-listed frames {
    code: 'ECONNREFUSED',
    [errors]: [ [Error], [Error] ]
  }
]
[2026-08-21T19:06:26.833Z] error: <httpProxy> Error calling http://localhost:8083/...
[2026-08-21T19:06:26.834Z] error: <httpProxy> [
  500,
  AggregateError: 
      at ignore-listed frames {
    code: 'ECONNREFUSED',
    [errors]: [ [Error], [Error] ]
  }
]
[2026-08-21T19:06:28.759Z] error: <httpProxy> Error calling http://localhost:2283/...
[2026-08-21T19:06:28.759Z] error: <httpProxy> [
  500,
  AggregateError: 
      at ignore-listed frames {
    code: 'ECONNREFUSED',
    [errors]: [ [Error], [Error] ]
  }
]
[2026-08-21T19:06:28.760Z] error: <httpProxy> Error calling http://localhost:8010/...
[2026-08-21T19:06:28.760Z] error: <httpProxy> [
  500,
  AggregateError: 
      at ignore-listed frames {
    code: 'ECONNREFUSED',
    [errors]: [ [Error], [Error] ]
  }
]
[2026-08-21T19:06:28.760Z] error: <httpProxy> Error calling http://localhost:9000/...
[2026-08-21T19:06:28.761Z] error: <httpProxy> [
  500,
  AggregateError: 
      at ignore-listed frames {
    code: 'ECONNREFUSED',
    [errors]: [ [Error], [Error] ]
  }
]
[2026-08-21T19:06:28.762Z] error: <httpProxy> Error calling http://localhost:5006/...
[2026-08-21T19:06:28.762Z] error: <httpProxy> [
  500,
  AggregateError: 
      at ignore-listed frames {
    code: 'ECONNREFUSED',
    [errors]: [ [Error], [Error] ]
  }
]
[2026-08-21T19:06:28.762Z] error: <httpProxy> Error calling http://localhost:8020/...
[2026-08-21T19:06:28.763Z] error: <httpProxy> [
  500,
  AggregateError: 
      at ignore-listed frames {
    code: 'ECONNREFUSED',
    [errors]: [ [Error], [Error] ]
  }
]
[2026-08-21T19:06:28.763Z] error: <httpProxy> Error calling http://localhost:8015/...
[2026-08-21T19:06:28.764Z] error: <httpProxy> [
  500,
  AggregateError: 
      at ignore-listed frames {
    code: 'ECONNREFUSED',
    [errors]: [ [Error], [Error] ]
  }
]
[2026-08-21T19:06:28.765Z] error: <httpProxy> Error calling http://localhost:2283/...
[2026-08-21T19:06:28.765Z] error: <httpProxy> [
  500,
  AggregateError: 
      at ignore-listed frames {
    code: 'ECONNREFUSED',
    [errors]: [ [Error], [Error] ]
  }
]
[2026-08-21T19:06:28.766Z] error: <httpProxy> Error calling http://localhost:8010/...
[2026-08-21T19:06:28.766Z] error: <httpProxy> [
  500,
  AggregateError: 
      at ignore-listed frames {
    code: 'ECONNREFUSED',
    [errors]: [ [Error], [Error] ]
  }
]
[2026-08-21T19:06:28.767Z] error: <httpProxy> Error calling http://localhost:9000/...
[2026-08-21T19:06:28.767Z] error: <httpProxy> [
  500,
  AggregateError: 
      at ignore-listed frames {
    code: 'ECONNREFUSED',
    [errors]: [ [Error], [Error] ]
  }
]
[2026-08-21T19:06:28.773Z] error: <httpProxy> Error calling http://localhost:5006/...
[2026-08-21T19:06:28.773Z] error: <httpProxy> [
  500,
  AggregateError: 
      at ignore-listed frames {
    code: 'ECONNREFUSED',
    [errors]: [ [Error], [Error] ]
  }
]
[2026-08-21T19:06:28.774Z] error: <httpProxy> Error calling http://localhost:8020/...
[2026-08-21T19:06:28.774Z] error: <httpProxy> [
  500,
  AggregateError: 
      at ignore-listed frames {
    code: 'ECONNREFUSED',
    [errors]: [ [Error], [Error] ]
  }
]
[2026-08-21T19:06:28.774Z] error: <httpProxy> Error calling http://localhost:8015/...
[2026-08-21T19:06:28.775Z] error: <httpProxy> [
  500,
  AggregateError: 
      at ignore-listed frames {
    code: 'ECONNREFUSED',
    [errors]: [ [Error], [Error] ]
  }
]
[2026-08-21T19:06:28.782Z] error: <httpProxy> Error calling http://localhost:3929/...
[2026-08-21T19:06:28.782Z] error: <httpProxy> [
  500,
  AggregateError: 
      at ignore-listed frames {
    code: 'ECONNREFUSED',
    [errors]: [ [Error], [Error] ]
  }
]
[2026-08-21T19:06:28.782Z] error: <httpProxy> Error calling http://localhost:3001/...
[2026-08-21T19:06:28.783Z] error: <httpProxy> [
  500,
  AggregateError: 
      at ignore-listed frames {
    code: 'ECONNREFUSED',
    [errors]: [ [Error], [Error] ]
  }
]
[2026-08-21T19:06:28.783Z] error: <httpProxy> Error calling http://localhost:8082/...
[2026-08-21T19:06:28.783Z] error: <httpProxy> [
  500,
  AggregateError: 
      at ignore-listed frames {
    code: 'ECONNREFUSED',
    [errors]: [ [Error], [Error] ]
  }
]
[2026-08-21T19:06:28.785Z] error: <httpProxy> Error calling http://localhost:8787/...
[2026-08-21T19:06:28.785Z] error: <httpProxy> [
  500,
  AggregateError: 
      at ignore-listed frames {
    code: 'ECONNREFUSED',
    [errors]: [ [Error], [Error] ]
  }
]
[2026-08-21T19:06:28.786Z] error: <httpProxy> Error calling http://localhost:8090/...
[2026-08-21T19:06:28.786Z] error: <httpProxy> [
  500,
  AggregateError: 
      at ignore-listed frames {
    code: 'ECONNREFUSED',
    [errors]: [ [Error], [Error] ]
  }
]
[2026-08-21T19:06:28.786Z] error: <httpProxy> Error calling http://localhost:8081/...
[2026-08-21T19:06:28.787Z] error: <httpProxy> [
  500,
  AggregateError: 
      at ignore-listed frames {
    code: 'ECONNREFUSED',
    [errors]: [ [Error], [Error] ]
  }
]
[2026-08-21T19:06:28.787Z] error: <httpProxy> Error calling http://localhost:3929/...
[2026-08-21T19:06:28.788Z] error: <httpProxy> [
  500,
  AggregateError: 
      at ignore-listed frames {
    code: 'ECONNREFUSED',
    [errors]: [ [Error], [Error] ]
  }
]
[2026-08-21T19:06:28.788Z] error: <httpProxy> Error calling http://localhost:3001/...
[2026-08-21T19:06:28.788Z] error: <httpProxy> [
  500,
  AggregateError: 
      at ignore-listed frames {
    code: 'ECONNREFUSED',
    [errors]: [ [Error], [Error] ]
  }
]
[2026-08-21T19:06:28.788Z] error: <httpProxy> Error calling http://localhost:8082/...
[2026-08-21T19:06:28.789Z] error: <httpProxy> [
  500,
  AggregateError: 
      at ignore-listed frames {
    code: 'ECONNREFUSED',
    [errors]: [ [Error], [Error] ]
  }
]
[2026-08-21T19:06:28.794Z] error: <httpProxy> Error calling http://localhost:8787/...
[2026-08-21T19:06:28.794Z] error: <httpProxy> [
  500,
  AggregateError: 
      at ignore-listed frames {
    code: 'ECONNREFUSED',
    [errors]: [ [Error], [Error] ]
  }
]
[2026-08-21T19:06:28.797Z] error: <httpProxy> Error calling http://localhost:8090/...
[2026-08-21T19:06:28.797Z] error: <httpProxy> [
  500,
  AggregateError: 
      at ignore-listed frames {
    code: 'ECONNREFUSED',
    [errors]: [ [Error], [Error] ]
  }
]
[2026-08-21T19:06:28.797Z] error: <httpProxy> Error calling http://localhost:8081/...
[2026-08-21T19:06:28.798Z] error: <httpProxy> [
  500,
  AggregateError: 
      at ignore-listed frames {
    code: 'ECONNREFUSED',
    [errors]: [ [Error], [Error] ]
  }
]
[2026-08-21T19:06:28.805Z] error: <httpProxy> Error calling http://localhost:8787/...
[2026-08-21T19:06:28.806Z] error: <httpProxy> [
  500,
  AggregateError: 
      at ignore-listed frames {
    code: 'ECONNREFUSED',
    [errors]: [ [Error], [Error] ]
  }
]
[2026-08-21T19:06:28.806Z] error: <httpProxy> Error calling http://localhost:8083/...
[2026-08-21T19:06:28.806Z] error: <httpProxy> [
  500,
  AggregateError: 
      at ignore-listed frames {
    code: 'ECONNREFUSED',
    [errors]: [ [Error], [Error] ]
  }
]
[2026-08-21T19:06:28.807Z] error: <httpProxy> Error calling http://localhost:8083/...
[2026-08-21T19:06:28.807Z] error: <httpProxy> [
  500,
  AggregateError: 
      at ignore-listed frames {
    code: 'ECONNREFUSED',
    [errors]: [ [Error], [Error] ]
  }
]
[2026-08-21T19:06:28.808Z] error: <httpProxy> Error calling http://localhost:8083/...
[2026-08-21T19:06:28.808Z] error: <httpProxy> [
  500,
  AggregateError: 
      at ignore-listed frames {
    code: 'ECONNREFUSED',
    [errors]: [ [Error], [Error] ]
  }
]
[2026-08-21T19:06:28.809Z] error: <httpProxy> Error calling http://localhost:8787/...
[2026-08-21T19:06:28.810Z] error: <httpProxy> [
  500,
  AggregateError: 
      at ignore-listed frames {
    code: 'ECONNREFUSED',
    [errors]: [ [Error], [Error] ]
  }
]
[2026-08-21T19:06:28.810Z] error: <httpProxy> Error calling http://localhost:8083/...
[2026-08-21T19:06:28.810Z] error: <httpProxy> [
  500,
  AggregateError: 
      at ignore-listed frames {
    code: 'ECONNREFUSED',
    [errors]: [ [Error], [Error] ]
  }
]
[2026-08-21T19:06:28.811Z] error: <httpProxy> Error calling http://localhost:8083/...
[2026-08-21T19:06:28.811Z] error: <httpProxy> [
  500,
  AggregateError: 
      at ignore-listed frames {
    code: 'ECONNREFUSED',
    [errors]: [ [Error], [Error] ]
  }
]
[2026-08-21T19:06:28.816Z] error: <httpProxy> Error calling http://localhost:8083/...
[2026-08-21T19:06:28.817Z] error: <httpProxy> [
  500,
  AggregateError: 
      at ignore-listed frames {
    code: 'ECONNREFUSED',
    [errors]: [ [Error], [Error] ]
  }
]
[2026-08-21T19:06:30.461Z] error: <httpProxy> Error calling http://localhost:2283/...
[2026-08-21T19:06:30.462Z] error: <httpProxy> [
  500,
  AggregateError: 
      at ignore-listed frames {
    code: 'ECONNREFUSED',
    [errors]: [ [Error], [Error] ]
  }
]
[2026-08-21T19:06:30.462Z] error: <httpProxy> Error calling http://localhost:8010/...
[2026-08-21T19:06:30.463Z] error: <httpProxy> [
  500,
  AggregateError: 
      at ignore-listed frames {
    code: 'ECONNREFUSED',
    [errors]: [ [Error], [Error] ]
  }
]
[2026-08-21T19:06:30.466Z] error: <httpProxy> Error calling http://localhost:9000/...
[2026-08-21T19:06:30.466Z] error: <httpProxy> [
  500,
  AggregateError: 
      at ignore-listed frames {
    code: 'ECONNREFUSED',
    [errors]: [ [Error], [Error] ]
  }
]
[2026-08-21T19:06:30.467Z] error: <httpProxy> Error calling http://localhost:2283/...
[2026-08-21T19:06:30.468Z] error: <httpProxy> [
  500,
  AggregateError: 
      at ignore-listed frames {
    code: 'ECONNREFUSED',
    [errors]: [ [Error], [Error] ]
  }
]
[2026-08-21T19:06:30.468Z] error: <httpProxy> Error calling http://localhost:8010/...
[2026-08-21T19:06:30.468Z] error: <httpProxy> [
  500,
  AggregateError: 
      at ignore-listed frames {
    code: 'ECONNREFUSED',
    [errors]: [ [Error], [Error] ]
  }
]
[2026-08-21T19:06:30.472Z] error: <httpProxy> Error calling http://localhost:5006/...
[2026-08-21T19:06:30.472Z] error: <httpProxy> [
  500,
  AggregateError: 
      at ignore-listed frames {
    code: 'ECONNREFUSED',
    [errors]: [ [Error], [Error] ]
  }
]
[2026-08-21T19:06:30.473Z] error: <httpProxy> Error calling http://localhost:8020/...
[2026-08-21T19:06:30.473Z] error: <httpProxy> [
  500,
  AggregateError: 
      at ignore-listed frames {
    code: 'ECONNREFUSED',
    [errors]: [ [Error], [Error] ]
  }
]
[2026-08-21T19:06:30.473Z] error: <httpProxy> Error calling http://localhost:9000/...
[2026-08-21T19:06:30.473Z] error: <httpProxy> [
  500,
  AggregateError: 
      at ignore-listed frames {
    code: 'ECONNREFUSED',
    [errors]: [ [Error], [Error] ]
  }
]
[2026-08-21T19:06:30.476Z] error: <httpProxy> Error calling http://localhost:5006/...
[2026-08-21T19:06:30.476Z] error: <httpProxy> [
  500,
  AggregateError: 
      at ignore-listed frames {
    code: 'ECONNREFUSED',
    [errors]: [ [Error], [Error] ]
  }
]
[2026-08-21T19:06:30.476Z] error: <httpProxy> Error calling http://localhost:8020/...
[2026-08-21T19:06:30.477Z] error: <httpProxy> [
  500,
  AggregateError: 
      at ignore-listed frames {
    code: 'ECONNREFUSED',
    [errors]: [ [Error], [Error] ]
  }
]
[2026-08-21T19:06:30.480Z] error: <httpProxy> Error calling http://localhost:8015/...
[2026-08-21T19:06:30.480Z] error: <httpProxy> [
  500,
  AggregateError: 
      at ignore-listed frames {
    code: 'ECONNREFUSED',
    [errors]: [ [Error], [Error] ]
  }
]
[2026-08-21T19:06:30.481Z] error: <httpProxy> Error calling http://localhost:3929/...
[2026-08-21T19:06:30.482Z] error: <httpProxy> [
  500,
  AggregateError: 
      at ignore-listed frames {
    code: 'ECONNREFUSED',
    [errors]: [ [Error], [Error] ]
  }
]
[2026-08-21T19:06:30.482Z] error: <httpProxy> Error calling http://localhost:3001/...
[2026-08-21T19:06:30.482Z] error: <httpProxy> [
  500,
  AggregateError: 
      at ignore-listed frames {
    code: 'ECONNREFUSED',
    [errors]: [ [Error], [Error] ]
  }
]
[2026-08-21T19:06:30.483Z] error: <httpProxy> Error calling http://localhost:8015/...
[2026-08-21T19:06:30.483Z] error: <httpProxy> [
  500,
  AggregateError: 
      at ignore-listed frames {
    code: 'ECONNREFUSED',
    [errors]: [ [Error], [Error] ]
  }
]
[2026-08-21T19:06:30.484Z] error: <httpProxy> Error calling http://localhost:8082/...
[2026-08-21T19:06:30.484Z] error: <httpProxy> [
  500,
  AggregateError: 
      at ignore-listed frames {
    code: 'ECONNREFUSED',
    [errors]: [ [Error], [Error] ]
  }
]
[2026-08-21T19:06:30.486Z] error: <httpProxy> Error calling http://localhost:3929/...
[2026-08-21T19:06:30.486Z] error: <httpProxy> [
  500,
  AggregateError: 
      at ignore-listed frames {
    code: 'ECONNREFUSED',
    [errors]: [ [Error], [Error] ]
  }
]
[2026-08-21T19:06:30.487Z] error: <httpProxy> Error calling http://localhost:3001/...
[2026-08-21T19:06:30.487Z] error: <httpProxy> [
  500,
  AggregateError: 
      at ignore-listed frames {
    code: 'ECONNREFUSED',
    [errors]: [ [Error], [Error] ]
  }
]
[2026-08-21T19:06:30.489Z] error: <httpProxy> Error calling http://localhost:8787/...
[2026-08-21T19:06:30.489Z] error: <httpProxy> [
  500,
  AggregateError: 
      at ignore-listed frames {
    code: 'ECONNREFUSED',
    [errors]: [ [Error], [Error] ]
  }
]
[2026-08-21T19:06:30.489Z] error: <httpProxy> Error calling http://localhost:8090/...
[2026-08-21T19:06:30.489Z] error: <httpProxy> [
  500,
  AggregateError: 
      at ignore-listed frames {
    code: 'ECONNREFUSED',
    [errors]: [ [Error], [Error] ]
  }
]
[2026-08-21T19:06:30.490Z] error: <httpProxy> Error calling http://localhost:8082/...
[2026-08-21T19:06:30.490Z] error: <httpProxy> [
  500,
  AggregateError: 
      at ignore-listed frames {
    code: 'ECONNREFUSED',
    [errors]: [ [Error], [Error] ]
  }
]
[2026-08-21T19:06:30.494Z] error: <httpProxy> Error calling http://localhost:8787/...
[2026-08-21T19:06:30.494Z] error: <httpProxy> [
  500,
  AggregateError: 
      at ignore-listed frames {
    code: 'ECONNREFUSED',
    [errors]: [ [Error], [Error] ]
  }
]
[2026-08-21T19:06:30.494Z] error: <httpProxy> Error calling http://localhost:8090/...
[2026-08-21T19:06:30.495Z] error: <httpProxy> [
  500,
  AggregateError: 
      at ignore-listed frames {
    code: 'ECONNREFUSED',
    [errors]: [ [Error], [Error] ]
  }
]
[2026-08-21T19:06:30.497Z] error: <httpProxy> Error calling http://localhost:8081/...
[2026-08-21T19:06:30.498Z] error: <httpProxy> [
  500,
  AggregateError: 
      at ignore-listed frames {
    code: 'ECONNREFUSED',
    [errors]: [ [Error], [Error] ]
  }
]
[2026-08-21T19:06:30.498Z] error: <httpProxy> Error calling http://localhost:8787/...
[2026-08-21T19:06:30.499Z] error: <httpProxy> [
  500,
  AggregateError: 
      at ignore-listed frames {
    code: 'ECONNREFUSED',
    [errors]: [ [Error], [Error] ]
  }
]
[2026-08-21T19:06:30.499Z] error: <httpProxy> Error calling http://localhost:8083/...
[2026-08-21T19:06:30.500Z] error: <httpProxy> [
  500,
  AggregateError: 
      at ignore-listed frames {
    code: 'ECONNREFUSED',
    [errors]: [ [Error], [Error] ]
  }
]
[2026-08-21T19:06:30.500Z] error: <httpProxy> Error calling http://localhost:8083/...
[2026-08-21T19:06:30.500Z] error: <httpProxy> [
  500,
  AggregateError: 
      at ignore-listed frames {
    code: 'ECONNREFUSED',
    [errors]: [ [Error], [Error] ]
  }
]
[2026-08-21T19:06:30.501Z] error: <httpProxy> Error calling http://localhost:8081/...
[2026-08-21T19:06:30.501Z] error: <httpProxy> [
  500,
  AggregateError: 
      at ignore-listed frames {
    code: 'ECONNREFUSED',
    [errors]: [ [Error], [Error] ]
  }
]
[2026-08-21T19:06:30.502Z] error: <httpProxy> Error calling http://localhost:8787/...
[2026-08-21T19:06:30.502Z] error: <httpProxy> [
  500,
  AggregateError: 
      at ignore-listed frames {
    code: 'ECONNREFUSED',
    [errors]: [ [Error], [Error] ]
  }
]
[2026-08-21T19:06:30.502Z] error: <httpProxy> Error calling http://localhost:8083/...
[2026-08-21T19:06:30.503Z] error: <httpProxy> [
  500,
  AggregateError: 
      at ignore-listed frames {
    code: 'ECONNREFUSED',
    [errors]: [ [Error], [Error] ]
  }
]
[2026-08-21T19:06:30.503Z] error: <httpProxy> Error calling http://localhost:8083/...
[2026-08-21T19:06:30.503Z] error: <httpProxy> [
  500,
  AggregateError: 
      at ignore-listed frames {
    code: 'ECONNREFUSED',
    [errors]: [ [Error], [Error] ]
  }
]
[2026-08-21T19:06:30.503Z] error: <httpProxy> Error calling http://localhost:8083/...
[2026-08-21T19:06:30.504Z] error: <httpProxy> [
  500,
  AggregateError: 
      at ignore-listed frames {
    code: 'ECONNREFUSED',
    [errors]: [ [Error], [Error] ]
  }
]
[2026-08-21T19:06:30.504Z] error: <httpProxy> Error calling http://localhost:8083/...
[2026-08-21T19:06:30.504Z] error: <httpProxy> [
  500,
  AggregateError: 
      at ignore-listed frames {
    code: 'ECONNREFUSED',
    [errors]: [ [Error], [Error] ]
  }
]
[2026-08-21T19:06:33.856Z] error: <httpProxy> Error calling http://localhost:2283/...
[2026-08-21T19:06:33.857Z] error: <httpProxy> [
  500,
  AggregateError: 
      at ignore-listed frames {
    code: 'ECONNREFUSED',
    [errors]: [ [Error], [Error] ]
  }
]
[2026-08-21T19:06:33.857Z] error: <httpProxy> Error calling http://localhost:8010/...
[2026-08-21T19:06:33.857Z] error: <httpProxy> [
  500,
  AggregateError: 
      at ignore-listed frames {
    code: 'ECONNREFUSED',
    [errors]: [ [Error], [Error] ]
  }
]
[2026-08-21T19:06:33.858Z] error: <httpProxy> Error calling http://localhost:9000/...
[2026-08-21T19:06:33.858Z] error: <httpProxy> [
  500,
  AggregateError: 
      at ignore-listed frames {
    code: 'ECONNREFUSED',
    [errors]: [ [Error], [Error] ]
  }
]
[2026-08-21T19:06:33.858Z] error: <httpProxy> Error calling http://localhost:5006/...
[2026-08-21T19:06:33.859Z] error: <httpProxy> [
  500,
  AggregateError: 
      at ignore-listed frames {
    code: 'ECONNREFUSED',
    [errors]: [ [Error], [Error] ]
  }
]
[2026-08-21T19:06:33.859Z] error: <httpProxy> Error calling http://localhost:8020/...
[2026-08-21T19:06:33.859Z] error: <httpProxy> [
  500,
  AggregateError: 
      at ignore-listed frames {
    code: 'ECONNREFUSED',
    [errors]: [ [Error], [Error] ]
  }
]
[2026-08-21T19:06:33.860Z] error: <httpProxy> Error calling http://localhost:8015/...
[2026-08-21T19:06:33.860Z] error: <httpProxy> [
  500,
  AggregateError: 
      at ignore-listed frames {
    code: 'ECONNREFUSED',
    [errors]: [ [Error], [Error] ]
  }
]
[2026-08-21T19:06:33.861Z] error: <httpProxy> Error calling http://localhost:2283/...
[2026-08-21T19:06:33.861Z] error: <httpProxy> [
  500,
  AggregateError: 
      at ignore-listed frames {
    code: 'ECONNREFUSED',
    [errors]: [ [Error], [Error] ]
  }
]
[2026-08-21T19:06:33.862Z] error: <httpProxy> Error calling http://localhost:8010/...
[2026-08-21T19:06:33.862Z] error: <httpProxy> [
  500,
  AggregateError: 
      at ignore-listed frames {
    code: 'ECONNREFUSED',
    [errors]: [ [Error], [Error] ]
  }
]
[2026-08-21T19:06:33.863Z] error: <httpProxy> Error calling http://localhost:9000/...
[2026-08-21T19:06:33.863Z] error: <httpProxy> [
  500,
  AggregateError: 
      at ignore-listed frames {
    code: 'ECONNREFUSED',
    [errors]: [ [Error], [Error] ]
  }
]
[2026-08-21T19:06:33.868Z] error: <httpProxy> Error calling http://localhost:5006/...
[2026-08-21T19:06:33.868Z] error: <httpProxy> [
  500,
  AggregateError: 
      at ignore-listed frames {
    code: 'ECONNREFUSED',
    [errors]: [ [Error], [Error] ]
  }
]
[2026-08-21T19:06:33.868Z] error: <httpProxy> Error calling http://localhost:8020/...
[2026-08-21T19:06:33.869Z] error: <httpProxy> [
  500,
  AggregateError: 
      at ignore-listed frames {
    code: 'ECONNREFUSED',
    [errors]: [ [Error], [Error] ]
  }
]
[2026-08-21T19:06:33.869Z] error: <httpProxy> Error calling http://localhost:8015/...
[2026-08-21T19:06:33.869Z] error: <httpProxy> [
  500,
  AggregateError: 
      at ignore-listed frames {
    code: 'ECONNREFUSED',
    [errors]: [ [Error], [Error] ]
  }
]
[2026-08-21T19:06:33.877Z] error: <httpProxy> Error calling http://localhost:3929/...
[2026-08-21T19:06:33.878Z] error: <httpProxy> [
  500,
  AggregateError: 
      at ignore-listed frames {
    code: 'ECONNREFUSED',
    [errors]: [ [Error], [Error] ]
  }
]
[2026-08-21T19:06:33.878Z] error: <httpProxy> Error calling http://localhost:3001/...
[2026-08-21T19:06:33.878Z] error: <httpProxy> [
  500,
  AggregateError: 
      at ignore-listed frames {
    code: 'ECONNREFUSED',
    [errors]: [ [Error], [Error] ]
  }
]
[2026-08-21T19:06:33.879Z] error: <httpProxy> Error calling http://localhost:8082/...
[2026-08-21T19:06:33.879Z] error: <httpProxy> [
  500,
  AggregateError: 
      at ignore-listed frames {
    code: 'ECONNREFUSED',
    [errors]: [ [Error], [Error] ]
  }
]
[2026-08-21T19:06:33.881Z] error: <httpProxy> Error calling http://localhost:8787/...
[2026-08-21T19:06:33.881Z] error: <httpProxy> [
  500,
  AggregateError: 
      at ignore-listed frames {
    code: 'ECONNREFUSED',
    [errors]: [ [Error], [Error] ]
  }
]
[2026-08-21T19:06:33.882Z] error: <httpProxy> Error calling http://localhost:8090/...
[2026-08-21T19:06:33.882Z] error: <httpProxy> [
  500,
  AggregateError: 
      at ignore-listed frames {
    code: 'ECONNREFUSED',
    [errors]: [ [Error], [Error] ]
  }
]
[2026-08-21T19:06:33.882Z] error: <httpProxy> Error calling http://localhost:8081/...
[2026-08-21T19:06:33.882Z] error: <httpProxy> [
  500,
  AggregateError: 
      at ignore-listed frames {
    code: 'ECONNREFUSED',
    [errors]: [ [Error], [Error] ]
  }
]
[2026-08-21T19:06:33.883Z] error: <httpProxy> Error calling http://localhost:3929/...
[2026-08-21T19:06:33.883Z] error: <httpProxy> [
  500,
  AggregateError: 
      at ignore-listed frames {
    code: 'ECONNREFUSED',
    [errors]: [ [Error], [Error] ]
  }
]
[2026-08-21T19:06:33.884Z] error: <httpProxy> Error calling http://localhost:3001/...
[2026-08-21T19:06:33.884Z] error: <httpProxy> [
  500,
  AggregateError: 
      at ignore-listed frames {
    code: 'ECONNREFUSED',
    [errors]: [ [Error], [Error] ]
  }
]
[2026-08-21T19:06:33.885Z] error: <httpProxy> Error calling http://localhost:8082/...
[2026-08-21T19:06:33.885Z] error: <httpProxy> [
  500,
  AggregateError: 
      at ignore-listed frames {
    code: 'ECONNREFUSED',
    [errors]: [ [Error], [Error] ]
  }
]
[2026-08-21T19:06:33.892Z] error: <httpProxy> Error calling http://localhost:8787/...
[2026-08-21T19:06:33.892Z] error: <httpProxy> [
  500,
  AggregateError: 
      at ignore-listed frames {
    code: 'ECONNREFUSED',
    [errors]: [ [Error], [Error] ]
  }
]
[2026-08-21T19:06:33.893Z] error: <httpProxy> Error calling http://localhost:8090/...
[2026-08-21T19:06:33.893Z] error: <httpProxy> [
  500,
  AggregateError: 
      at ignore-listed frames {
    code: 'ECONNREFUSED',
    [errors]: [ [Error], [Error] ]
  }
]
[2026-08-21T19:06:33.894Z] error: <httpProxy> Error calling http://localhost:8081/...
[2026-08-21T19:06:33.894Z] error: <httpProxy> [
  500,
  AggregateError: 
      at ignore-listed frames {
    code: 'ECONNREFUSED',
    [errors]: [ [Error], [Error] ]
  }
]
[2026-08-21T19:06:33.902Z] error: <httpProxy> Error calling http://localhost:8787/...
[2026-08-21T19:06:33.903Z] error: <httpProxy> [
  500,
  AggregateError: 
      at ignore-listed frames {
    code: 'ECONNREFUSED',
    [errors]: [ [Error], [Error] ]
  }
]
[2026-08-21T19:06:33.903Z] error: <httpProxy> Error calling http://localhost:8083/...
[2026-08-21T19:06:33.903Z] error: <httpProxy> [
  500,
  AggregateError: 
      at ignore-listed frames {
    code: 'ECONNREFUSED',
    [errors]: [ [Error], [Error] ]
  }
]
[2026-08-21T19:06:33.904Z] error: <httpProxy> Error calling http://localhost:8083/...
[2026-08-21T19:06:33.904Z] error: <httpProxy> [
  500,
  AggregateError: 
      at ignore-listed frames {
    code: 'ECONNREFUSED',
    [errors]: [ [Error], [Error] ]
  }
]
[2026-08-21T19:06:33.905Z] error: <httpProxy> Error calling http://localhost:8083/...
[2026-08-21T19:06:33.905Z] error: <httpProxy> [
  500,
  AggregateError: 
      at ignore-listed frames {
    code: 'ECONNREFUSED',
    [errors]: [ [Error], [Error] ]
  }
]
[2026-08-21T19:06:33.906Z] error: <httpProxy> Error calling http://localhost:8787/...
[2026-08-21T19:06:33.907Z] error: <httpProxy> [
  500,
  AggregateError: 
      at ignore-listed frames {
    code: 'ECONNREFUSED',
    [errors]: [ [Error], [Error] ]
  }
]
[2026-08-21T19:06:33.907Z] error: <httpProxy> Error calling http://localhost:8083/...
[2026-08-21T19:06:33.907Z] error: <httpProxy> [
  500,
  AggregateError: 
      at ignore-listed frames {
    code: 'ECONNREFUSED',
    [errors]: [ [Error], [Error] ]
  }
]
[2026-08-21T19:06:33.908Z] error: <httpProxy> Error calling http://localhost:8083/...
[2026-08-21T19:06:33.908Z] error: <httpProxy> [
  500,
  AggregateError: 
      at ignore-listed frames {
    code: 'ECONNREFUSED',
    [errors]: [ [Error], [Error] ]
  }
]
[2026-08-21T19:06:33.912Z] error: <httpProxy> Error calling http://localhost:8083/...
[2026-08-21T19:06:33.913Z] error: <httpProxy> [
  500,
  AggregateError: 
      at ignore-listed frames {
    code: 'ECONNREFUSED',
    [errors]: [ [Error], [Error] ]
  }
]
[2026-08-21T19:06:35.521Z] error: <httpProxy> Error calling http://localhost:2283/...
[2026-08-21T19:06:35.522Z] error: <httpProxy> [
  500,
  AggregateError: 
      at ignore-listed frames {
    code: 'ECONNREFUSED',
    [errors]: [ [Error], [Error] ]
  }
]
[2026-08-21T19:06:35.522Z] error: <httpProxy> Error calling http://localhost:9000/...
[2026-08-21T19:06:35.522Z] error: <httpProxy> [
  500,
  AggregateError: 
      at ignore-listed frames {
    code: 'ECONNREFUSED',
    [errors]: [ [Error], [Error] ]
  }
]
[2026-08-21T19:06:35.523Z] error: <httpProxy> Error calling http://localhost:8010/...
[2026-08-21T19:06:35.523Z] error: <httpProxy> [
  500,
  AggregateError: 
      at ignore-listed frames {
    code: 'ECONNREFUSED',
    [errors]: [ [Error], [Error] ]
  }
]
[2026-08-21T19:06:35.527Z] error: <httpProxy> Error calling http://localhost:2283/...
[2026-08-21T19:06:35.528Z] error: <httpProxy> [
  500,
  AggregateError: 
      at ignore-listed frames {
    code: 'ECONNREFUSED',
    [errors]: [ [Error], [Error] ]
  }
]
[2026-08-21T19:06:35.528Z] error: <httpProxy> Error calling http://localhost:9000/...
[2026-08-21T19:06:35.529Z] error: <httpProxy> [
  500,
  AggregateError: 
      at ignore-listed frames {
    code: 'ECONNREFUSED',
    [errors]: [ [Error], [Error] ]
  }
]
[2026-08-21T19:06:35.529Z] error: <httpProxy> Error calling http://localhost:8010/...
[2026-08-21T19:06:35.530Z] error: <httpProxy> [
  500,
  AggregateError: 
      at ignore-listed frames {
    code: 'ECONNREFUSED',
    [errors]: [ [Error], [Error] ]
  }
]
[2026-08-21T19:06:35.536Z] error: <httpProxy> Error calling http://localhost:5006/...
[2026-08-21T19:06:35.536Z] error: <httpProxy> [
  500,
  AggregateError: 
      at ignore-listed frames {
    code: 'ECONNREFUSED',
    [errors]: [ [Error], [Error] ]
  }
]
[2026-08-21T19:06:35.537Z] error: <httpProxy> Error calling http://localhost:8020/...
[2026-08-21T19:06:35.537Z] error: <httpProxy> [
  500,
  AggregateError: 
      at ignore-listed frames {
    code: 'ECONNREFUSED',
    [errors]: [ [Error], [Error] ]
  }
]
[2026-08-21T19:06:35.539Z] error: <httpProxy> Error calling http://localhost:5006/...
[2026-08-21T19:06:35.540Z] error: <httpProxy> [
  500,
  AggregateError: 
      at ignore-listed frames {
    code: 'ECONNREFUSED',
    [errors]: [ [Error], [Error] ]
  }
]
[2026-08-21T19:06:35.540Z] error: <httpProxy> Error calling http://localhost:8020/...
[2026-08-21T19:06:35.540Z] error: <httpProxy> [
  500,
  AggregateError: 
      at ignore-listed frames {
    code: 'ECONNREFUSED',
    [errors]: [ [Error], [Error] ]
  }
]
[2026-08-21T19:06:35.547Z] error: <httpProxy> Error calling http://localhost:8015/...
[2026-08-21T19:06:35.547Z] error: <httpProxy> [
  500,
  AggregateError: 
      at ignore-listed frames {
    code: 'ECONNREFUSED',
    [errors]: [ [Error], [Error] ]
  }
]
[2026-08-21T19:06:35.552Z] error: <httpProxy> Error calling http://localhost:3929/...
[2026-08-21T19:06:35.553Z] error: <httpProxy> [
  500,
  AggregateError: 
      at ignore-listed frames {
    code: 'ECONNREFUSED',
    [errors]: [ [Error], [Error] ]
  }
]
[2026-08-21T19:06:35.554Z] error: <httpProxy> Error calling http://localhost:3001/...
[2026-08-21T19:06:35.554Z] error: <httpProxy> [
  500,
  AggregateError: 
      at ignore-listed frames {
    code: 'ECONNREFUSED',
    [errors]: [ [Error], [Error] ]
  }
]
[2026-08-21T19:06:35.554Z] error: <httpProxy> Error calling http://localhost:8082/...
[2026-08-21T19:06:35.555Z] error: <httpProxy> [
  500,
  AggregateError: 
      at ignore-listed frames {
    code: 'ECONNREFUSED',
    [errors]: [ [Error], [Error] ]
  }
]
[2026-08-21T19:06:35.555Z] error: <httpProxy> Error calling http://localhost:8015/...
[2026-08-21T19:06:35.555Z] error: <httpProxy> [
  500,
  AggregateError: 
      at ignore-listed frames {
    code: 'ECONNREFUSED',
    [errors]: [ [Error], [Error] ]
  }
]
[2026-08-21T19:06:35.559Z] error: <httpProxy> Error calling http://localhost:3929/...
[2026-08-21T19:06:35.559Z] error: <httpProxy> [
  500,
  AggregateError: 
      at ignore-listed frames {
    code: 'ECONNREFUSED',
    [errors]: [ [Error], [Error] ]
  }
]
[2026-08-21T19:06:35.560Z] error: <httpProxy> Error calling http://localhost:3001/...
[2026-08-21T19:06:35.560Z] error: <httpProxy> [
  500,
  AggregateError: 
      at ignore-listed frames {
    code: 'ECONNREFUSED',
    [errors]: [ [Error], [Error] ]
  }
]
[2026-08-21T19:06:35.560Z] error: <httpProxy> Error calling http://localhost:8082/...
[2026-08-21T19:06:35.560Z] error: <httpProxy> [
  500,
  AggregateError: 
      at ignore-listed frames {
    code: 'ECONNREFUSED',
    [errors]: [ [Error], [Error] ]
  }
]
[2026-08-21T19:06:35.564Z] error: <httpProxy> Error calling http://localhost:8787/...
[2026-08-21T19:06:35.564Z] error: <httpProxy> [
  500,
  AggregateError: 
      at ignore-listed frames {
    code: 'ECONNREFUSED',
    [errors]: [ [Error], [Error] ]
  }
]
[2026-08-21T19:06:35.565Z] error: <httpProxy> Error calling http://localhost:8090/...
[2026-08-21T19:06:35.565Z] error: <httpProxy> [
  500,
  AggregateError: 
      at ignore-listed frames {
    code: 'ECONNREFUSED',
    [errors]: [ [Error], [Error] ]
  }
]
[2026-08-21T19:06:35.566Z] error: <httpProxy> Error calling http://localhost:8787/...
[2026-08-21T19:06:35.566Z] error: <httpProxy> [
  500,
  AggregateError: 
      at ignore-listed frames {
    code: 'ECONNREFUSED',
    [errors]: [ [Error], [Error] ]
  }
]
[2026-08-21T19:06:35.567Z] error: <httpProxy> Error calling http://localhost:8090/...
[2026-08-21T19:06:35.567Z] error: <httpProxy> [
  500,
  AggregateError: 
      at ignore-listed frames {
    code: 'ECONNREFUSED',
    [errors]: [ [Error], [Error] ]
  }
]
[2026-08-21T19:06:35.570Z] error: <httpProxy> Error calling http://localhost:8081/...
[2026-08-21T19:06:35.570Z] error: <httpProxy> [
  500,
  AggregateError: 
      at ignore-listed frames {
    code: 'ECONNREFUSED',
    [errors]: [ [Error], [Error] ]
  }
]
[2026-08-21T19:06:35.571Z] error: <httpProxy> Error calling http://localhost:8787/...
[2026-08-21T19:06:35.571Z] error: <httpProxy> [
  500,
  AggregateError: 
      at ignore-listed frames {
    code: 'ECONNREFUSED',
    [errors]: [ [Error], [Error] ]
  }
]
[2026-08-21T19:06:35.571Z] error: <httpProxy> Error calling http://localhost:8083/...
[2026-08-21T19:06:35.572Z] error: <httpProxy> [
  500,
  AggregateError: 
      at ignore-listed frames {
    code: 'ECONNREFUSED',
    [errors]: [ [Error], [Error] ]
  }
]
[2026-08-21T19:06:35.572Z] error: <httpProxy> Error calling http://localhost:8083/...
[2026-08-21T19:06:35.572Z] error: <httpProxy> [
  500,
  AggregateError: 
      at ignore-listed frames {
    code: 'ECONNREFUSED',
    [errors]: [ [Error], [Error] ]
  }
]
[2026-08-21T19:06:35.572Z] error: <httpProxy> Error calling http://localhost:8081/...
[2026-08-21T19:06:35.573Z] error: <httpProxy> [
  500,
  AggregateError: 
      at ignore-listed frames {
    code: 'ECONNREFUSED',
    [errors]: [ [Error], [Error] ]
  }
]
[2026-08-21T19:06:35.574Z] error: <httpProxy> Error calling http://localhost:8787/...
[2026-08-21T19:06:35.574Z] error: <httpProxy> [
  500,
  AggregateError: 
      at ignore-listed frames {
    code: 'ECONNREFUSED',
    [errors]: [ [Error], [Error] ]
  }
]
[2026-08-21T19:06:35.574Z] error: <httpProxy> Error calling http://localhost:8083/...
[2026-08-21T19:06:35.575Z] error: <httpProxy> [
  500,
  AggregateError: 
      at ignore-listed frames {
    code: 'ECONNREFUSED',
    [errors]: [ [Error], [Error] ]
  }
]
[2026-08-21T19:06:35.575Z] error: <httpProxy> Error calling http://localhost:8083/...
[2026-08-21T19:06:35.575Z] error: <httpProxy> [
  500,
  AggregateError: 
      at ignore-listed frames {
    code: 'ECONNREFUSED',
    [errors]: [ [Error], [Error] ]
  }
]
[2026-08-21T19:06:35.575Z] error: <httpProxy> Error calling http://localhost:8083/...
[2026-08-21T19:06:35.576Z] error: <httpProxy> [
  500,
  AggregateError: 
      at ignore-listed frames {
    code: 'ECONNREFUSED',
    [errors]: [ [Error], [Error] ]
  }
]
[2026-08-21T19:06:35.576Z] error: <httpProxy> Error calling http://localhost:8083/...
[2026-08-21T19:06:35.577Z] error: <httpProxy> [
  500,
  AggregateError: 
      at ignore-listed frames {
    code: 'ECONNREFUSED',
    [errors]: [ [Error], [Error] ]
  }
]
[2026-08-21T19:06:45.285Z] error: <httpProxy> Error calling http://localhost:8010/...
[2026-08-21T19:06:45.285Z] error: <httpProxy> [
  500,
  AggregateError: 
      at ignore-listed frames {
    code: 'ECONNREFUSED',
    [errors]: [ [Error], [Error] ]
  }
]
[2026-08-21T19:06:45.294Z] error: <httpProxy> Error calling http://localhost:2283/...
[2026-08-21T19:06:45.294Z] error: <httpProxy> [
  500,
  AggregateError: 
      at ignore-listed frames {
    code: 'ECONNREFUSED',
    [errors]: [ [Error], [Error] ]
  }
]
[2026-08-21T19:06:45.295Z] error: <httpProxy> Error calling http://localhost:8010/...
[2026-08-21T19:06:45.295Z] error: <httpProxy> [
  500,
  AggregateError: 
      at ignore-listed frames {
    code: 'ECONNREFUSED',
    [errors]: [ [Error], [Error] ]
  }
]
[2026-08-21T19:06:45.298Z] error: <httpProxy> Error calling http://localhost:9000/...
[2026-08-21T19:06:45.299Z] error: <httpProxy> [
  500,
  AggregateError: 
      at ignore-listed frames {
    code: 'ECONNREFUSED',
    [errors]: [ [Error], [Error] ]
  }
]
[2026-08-21T19:06:45.301Z] error: <httpProxy> Error calling http://localhost:2283/...
[2026-08-21T19:06:45.301Z] error: <httpProxy> [
  500,
  AggregateError: 
      at ignore-listed frames {
    code: 'ECONNREFUSED',
    [errors]: [ [Error], [Error] ]
  }
]
[2026-08-21T19:06:45.304Z] error: <httpProxy> Error calling http://localhost:9000/...
[2026-08-21T19:06:45.304Z] error: <httpProxy> [
  500,
  AggregateError: 
      at ignore-listed frames {
    code: 'ECONNREFUSED',
    [errors]: [ [Error], [Error] ]
  }
]
[2026-08-21T19:06:45.307Z] error: <httpProxy> Error calling http://localhost:5006/...
[2026-08-21T19:06:45.308Z] error: <httpProxy> [
  500,
  AggregateError: 
      at ignore-listed frames {
    code: 'ECONNREFUSED',
    [errors]: [ [Error], [Error] ]
  }
]
[2026-08-21T19:06:45.310Z] error: <httpProxy> Error calling http://localhost:8020/...
[2026-08-21T19:06:45.311Z] error: <httpProxy> [
  500,
  AggregateError: 
      at ignore-listed frames {
    code: 'ECONNREFUSED',
    [errors]: [ [Error], [Error] ]
  }
]
[2026-08-21T19:06:45.312Z] error: <httpProxy> Error calling http://localhost:8015/...
[2026-08-21T19:06:45.313Z] error: <httpProxy> [
  500,
  AggregateError: 
      at ignore-listed frames {
    code: 'ECONNREFUSED',
    [errors]: [ [Error], [Error] ]
  }
]
[2026-08-21T19:06:45.313Z] error: <httpProxy> Error calling http://localhost:5006/...
[2026-08-21T19:06:45.314Z] error: <httpProxy> [
  500,
  AggregateError: 
      at ignore-listed frames {
    code: 'ECONNREFUSED',
    [errors]: [ [Error], [Error] ]
  }
]
[2026-08-21T19:06:45.315Z] error: <httpProxy> Error calling http://localhost:8020/...
[2026-08-21T19:06:45.316Z] error: <httpProxy> [
  500,
  AggregateError: 
      at ignore-listed frames {
    code: 'ECONNREFUSED',
    [errors]: [ [Error], [Error] ]
  }
]
[2026-08-21T19:06:45.320Z] error: <httpProxy> Error calling http://localhost:3929/...
[2026-08-21T19:06:45.321Z] error: <httpProxy> [
  500,
  AggregateError: 
      at ignore-listed frames {
    code: 'ECONNREFUSED',
    [errors]: [ [Error], [Error] ]
  }
]
[2026-08-21T19:06:45.321Z] error: <httpProxy> Error calling http://localhost:8015/...
[2026-08-21T19:06:45.322Z] error: <httpProxy> [
  500,
  AggregateError: 
      at ignore-listed frames {
    code: 'ECONNREFUSED',
    [errors]: [ [Error], [Error] ]
  }
]
[2026-08-21T19:06:45.322Z] error: <httpProxy> Error calling http://localhost:3001/...
[2026-08-21T19:06:45.323Z] error: <httpProxy> [
  500,
  AggregateError: 
      at ignore-listed frames {
    code: 'ECONNREFUSED',
    [errors]: [ [Error], [Error] ]
  }
]
[2026-08-21T19:06:45.327Z] error: <httpProxy> Error calling http://localhost:8082/...
[2026-08-21T19:06:45.327Z] error: <httpProxy> [
  500,
  AggregateError: 
      at ignore-listed frames {
    code: 'ECONNREFUSED',
    [errors]: [ [Error], [Error] ]
  }
]
[2026-08-21T19:06:45.329Z] error: <httpProxy> Error calling http://localhost:3929/...
[2026-08-21T19:06:45.330Z] error: <httpProxy> [
  500,
  AggregateError: 
      at ignore-listed frames {
    code: 'ECONNREFUSED',
    [errors]: [ [Error], [Error] ]
  }
]
[2026-08-21T19:06:45.333Z] error: <httpProxy> Error calling http://localhost:3001/...
[2026-08-21T19:06:45.333Z] error: <httpProxy> [
  500,
  AggregateError: 
      at ignore-listed frames {
    code: 'ECONNREFUSED',
    [errors]: [ [Error], [Error] ]
  }
]
[2026-08-21T19:06:45.334Z] error: <httpProxy> Error calling http://localhost:8082/...
[2026-08-21T19:06:45.334Z] error: <httpProxy> [
  500,
  AggregateError: 
      at ignore-listed frames {
    code: 'ECONNREFUSED',
    [errors]: [ [Error], [Error] ]
  }
]
[2026-08-21T19:06:45.336Z] error: <httpProxy> Error calling http://localhost:8787/...
[2026-08-21T19:06:45.337Z] error: <httpProxy> [
  500,
  AggregateError: 
      at ignore-listed frames {
    code: 'ECONNREFUSED',
    [errors]: [ [Error], [Error] ]
  }
]
[2026-08-21T19:06:45.337Z] error: <httpProxy> Error calling http://localhost:8090/...
[2026-08-21T19:06:45.338Z] error: <httpProxy> [
  500,
  AggregateError: 
      at ignore-listed frames {
    code: 'ECONNREFUSED',
    [errors]: [ [Error], [Error] ]
  }
]
[2026-08-21T19:06:45.341Z] error: <httpProxy> Error calling http://localhost:8081/...
[2026-08-21T19:06:45.341Z] error: <httpProxy> [
  500,
  AggregateError: 
      at ignore-listed frames {
    code: 'ECONNREFUSED',
    [errors]: [ [Error], [Error] ]
  }
]
[2026-08-21T19:06:45.342Z] error: <httpProxy> Error calling http://localhost:8787/...
[2026-08-21T19:06:45.342Z] error: <httpProxy> [
  500,
  AggregateError: 
      at ignore-listed frames {
    code: 'ECONNREFUSED',
    [errors]: [ [Error], [Error] ]
  }
]
[2026-08-21T19:06:45.342Z] error: <httpProxy> Error calling http://localhost:8090/...
[2026-08-21T19:06:45.343Z] error: <httpProxy> [
  500,
  AggregateError: 
      at ignore-listed frames {
    code: 'ECONNREFUSED',
    [errors]: [ [Error], [Error] ]
  }
]
[2026-08-21T19:06:45.346Z] error: <httpProxy> Error calling http://localhost:8787/...
[2026-08-21T19:06:45.346Z] error: <httpProxy> [
  500,
  AggregateError: 
      at ignore-listed frames {
    code: 'ECONNREFUSED',
    [errors]: [ [Error], [Error] ]
  }
]
[2026-08-21T19:06:45.347Z] error: <httpProxy> Error calling http://localhost:8081/...
[2026-08-21T19:06:45.347Z] error: <httpProxy> [
  500,
  AggregateError: 
      at ignore-listed frames {
    code: 'ECONNREFUSED',
    [errors]: [ [Error], [Error] ]
  }
]
[2026-08-21T19:06:45.348Z] error: <httpProxy> Error calling http://localhost:8083/...
[2026-08-21T19:06:45.348Z] error: <httpProxy> [
  500,
  AggregateError: 
      at ignore-listed frames {
    code: 'ECONNREFUSED',
    [errors]: [ [Error], [Error] ]
  }
]
[2026-08-21T19:06:45.349Z] error: <httpProxy> Error calling http://localhost:8083/...
[2026-08-21T19:06:45.349Z] error: <httpProxy> [
  500,
  AggregateError: 
      at ignore-listed frames {
    code: 'ECONNREFUSED',
    [errors]: [ [Error], [Error] ]
  }
]
[2026-08-21T19:06:45.350Z] error: <httpProxy> Error calling http://localhost:8787/...
[2026-08-21T19:06:45.350Z] error: <httpProxy> [
  500,
  AggregateError: 
      at ignore-listed frames {
    code: 'ECONNREFUSED',
    [errors]: [ [Error], [Error] ]
  }
]
[2026-08-21T19:06:45.351Z] error: <httpProxy> Error calling http://localhost:8083/...
[2026-08-21T19:06:45.352Z] error: <httpProxy> [
  500,
  AggregateError: 
      at ignore-listed frames {
    code: 'ECONNREFUSED',
    [errors]: [ [Error], [Error] ]
  }
]
[2026-08-21T19:06:45.352Z] error: <httpProxy> Error calling http://localhost:8083/...
[2026-08-21T19:06:45.352Z] error: <httpProxy> [
  500,
  AggregateError: 
      at ignore-listed frames {
    code: 'ECONNREFUSED',
    [errors]: [ [Error], [Error] ]
  }
]
[2026-08-21T19:06:45.353Z] error: <httpProxy> Error calling http://localhost:8083/...
[2026-08-21T19:06:45.353Z] error: <httpProxy> [
  500,
  AggregateError: 
      at ignore-listed frames {
    code: 'ECONNREFUSED',
    [errors]: [ [Error], [Error] ]
  }
]
[2026-08-21T19:06:45.354Z] error: <httpProxy> Error calling http://localhost:8083/...
[2026-08-21T19:06:45.354Z] error: <httpProxy> [
  500,
  AggregateError: 
      at ignore-listed frames {
    code: 'ECONNREFUSED',
    [errors]: [ [Error], [Error] ]
  }
]
[2026-08-21T19:06:51.632Z] error: <httpProxy> Error calling http://localhost:8010/...
[2026-08-21T19:06:51.633Z] error: <httpProxy> [
  500,
  AggregateError: 
      at ignore-listed frames {
    code: 'ECONNREFUSED',
    [errors]: [ [Error], [Error] ]
  }
]
[2026-08-21T19:06:51.638Z] error: <httpProxy> Error calling http://localhost:8010/...
[2026-08-21T19:06:51.638Z] error: <httpProxy> [
  500,
  AggregateError: 
      at ignore-listed frames {
    code: 'ECONNREFUSED',
    [errors]: [ [Error], [Error] ]
  }
]
[2026-08-21T19:06:51.641Z] error: <httpProxy> Error calling http://localhost:2283/...
[2026-08-21T19:06:51.641Z] error: <httpProxy> [
  500,
  AggregateError: 
      at ignore-listed frames {
    code: 'ECONNREFUSED',
    [errors]: [ [Error], [Error] ]
  }
]
[2026-08-21T19:06:51.643Z] error: <httpProxy> Error calling http://localhost:9000/...
[2026-08-21T19:06:51.644Z] error: <httpProxy> [
  500,
  AggregateError: 
      at ignore-listed frames {
    code: 'ECONNREFUSED',
    [errors]: [ [Error], [Error] ]
  }
]
[2026-08-21T19:06:51.644Z] error: <httpProxy> Error calling http://localhost:5006/...
[2026-08-21T19:06:51.644Z] error: <httpProxy> [
  500,
  AggregateError: 
      at ignore-listed frames {
    code: 'ECONNREFUSED',
    [errors]: [ [Error], [Error] ]
  }
]
[2026-08-21T19:06:51.646Z] error: <httpProxy> Error calling http://localhost:2283/...
[2026-08-21T19:06:51.646Z] error: <httpProxy> [
  500,
  AggregateError: 
      at ignore-listed frames {
    code: 'ECONNREFUSED',
    [errors]: [ [Error], [Error] ]
  }
]
[2026-08-21T19:06:51.649Z] error: <httpProxy> Error calling http://localhost:9000/...
[2026-08-21T19:06:51.649Z] error: <httpProxy> [
  500,
  AggregateError: 
      at ignore-listed frames {
    code: 'ECONNREFUSED',
    [errors]: [ [Error], [Error] ]
  }
]
[2026-08-21T19:06:51.649Z] error: <httpProxy> Error calling http://localhost:5006/...
[2026-08-21T19:06:51.650Z] error: <httpProxy> [
  500,
  AggregateError: 
      at ignore-listed frames {
    code: 'ECONNREFUSED',
    [errors]: [ [Error], [Error] ]
  }
]
[2026-08-21T19:06:51.653Z] error: <httpProxy> Error calling http://localhost:8020/...
[2026-08-21T19:06:51.653Z] error: <httpProxy> [
  500,
  AggregateError: 
      at ignore-listed frames {
    code: 'ECONNREFUSED',
    [errors]: [ [Error], [Error] ]
  }
]
[2026-08-21T19:06:51.654Z] error: <httpProxy> Error calling http://localhost:8015/...
[2026-08-21T19:06:51.655Z] error: <httpProxy> [
  500,
  AggregateError: 
      at ignore-listed frames {
    code: 'ECONNREFUSED',
    [errors]: [ [Error], [Error] ]
  }
]
[2026-08-21T19:06:51.655Z] error: <httpProxy> Error calling http://localhost:3929/...
[2026-08-21T19:06:51.656Z] error: <httpProxy> [
  500,
  AggregateError: 
      at ignore-listed frames {
    code: 'ECONNREFUSED',
    [errors]: [ [Error], [Error] ]
  }
]
[2026-08-21T19:06:51.656Z] error: <httpProxy> Error calling http://localhost:8020/...
[2026-08-21T19:06:51.657Z] error: <httpProxy> [
  500,
  AggregateError: 
      at ignore-listed frames {
    code: 'ECONNREFUSED',
    [errors]: [ [Error], [Error] ]
  }
]
[2026-08-21T19:06:51.658Z] error: <httpProxy> Error calling http://localhost:8015/...
[2026-08-21T19:06:51.658Z] error: <httpProxy> [
  500,
  AggregateError: 
      at ignore-listed frames {
    code: 'ECONNREFUSED',
    [errors]: [ [Error], [Error] ]
  }
]
[2026-08-21T19:06:51.663Z] error: <httpProxy> Error calling http://localhost:3001/...
[2026-08-21T19:06:51.664Z] error: <httpProxy> [
  500,
  AggregateError: 
      at ignore-listed frames {
    code: 'ECONNREFUSED',
    [errors]: [ [Error], [Error] ]
  }
]
[2026-08-21T19:06:51.664Z] error: <httpProxy> Error calling http://localhost:3929/...
[2026-08-21T19:06:51.665Z] error: <httpProxy> [
  500,
  AggregateError: 
      at ignore-listed frames {
    code: 'ECONNREFUSED',
    [errors]: [ [Error], [Error] ]
  }
]
[2026-08-21T19:06:51.665Z] error: <httpProxy> Error calling http://localhost:8082/...
[2026-08-21T19:06:51.666Z] error: <httpProxy> [
  500,
  AggregateError: 
      at ignore-listed frames {
    code: 'ECONNREFUSED',
    [errors]: [ [Error], [Error] ]
  }
]
[2026-08-21T19:06:51.666Z] error: <httpProxy> Error calling http://localhost:8787/...
[2026-08-21T19:06:51.667Z] error: <httpProxy> [
  500,
  AggregateError: 
      at ignore-listed frames {
    code: 'ECONNREFUSED',
    [errors]: [ [Error], [Error] ]
  }
]
[2026-08-21T19:06:51.669Z] error: <httpProxy> Error calling http://localhost:3001/...
[2026-08-21T19:06:51.670Z] error: <httpProxy> [
  500,
  AggregateError: 
      at ignore-listed frames {
    code: 'ECONNREFUSED',
    [errors]: [ [Error], [Error] ]
  }
]
[2026-08-21T19:06:51.670Z] error: <httpProxy> Error calling http://localhost:8082/...
[2026-08-21T19:06:51.671Z] error: <httpProxy> [
  500,
  AggregateError: 
      at ignore-listed frames {
    code: 'ECONNREFUSED',
    [errors]: [ [Error], [Error] ]
  }
]
[2026-08-21T19:06:51.671Z] error: <httpProxy> Error calling http://localhost:8787/...
[2026-08-21T19:06:51.671Z] error: <httpProxy> [
  500,
  AggregateError: 
      at ignore-listed frames {
    code: 'ECONNREFUSED',
    [errors]: [ [Error], [Error] ]
  }
]
[2026-08-21T19:06:51.676Z] error: <httpProxy> Error calling http://localhost:8090/...
[2026-08-21T19:06:51.677Z] error: <httpProxy> [
  500,
  AggregateError: 
      at ignore-listed frames {
    code: 'ECONNREFUSED',
    [errors]: [ [Error], [Error] ]
  }
]
[2026-08-21T19:06:51.678Z] error: <httpProxy> Error calling http://localhost:8081/...
[2026-08-21T19:06:51.678Z] error: <httpProxy> [
  500,
  AggregateError: 
      at ignore-listed frames {
    code: 'ECONNREFUSED',
    [errors]: [ [Error], [Error] ]
  }
]
[2026-08-21T19:06:51.680Z] error: <httpProxy> Error calling http://localhost:8090/...
[2026-08-21T19:06:51.680Z] error: <httpProxy> [
  500,
  AggregateError: 
      at ignore-listed frames {
    code: 'ECONNREFUSED',
    [errors]: [ [Error], [Error] ]
  }
]
[2026-08-21T19:06:51.682Z] error: <httpProxy> Error calling http://localhost:8787/...
[2026-08-21T19:06:51.682Z] error: <httpProxy> [
  500,
  AggregateError: 
      at ignore-listed frames {
    code: 'ECONNREFUSED',
    [errors]: [ [Error], [Error] ]
  }
]
[2026-08-21T19:06:51.682Z] error: <httpProxy> Error calling http://localhost:8081/...
[2026-08-21T19:06:51.683Z] error: <httpProxy> [
  500,
  AggregateError: 
      at ignore-listed frames {
    code: 'ECONNREFUSED',
    [errors]: [ [Error], [Error] ]
  }
]
[2026-08-21T19:06:51.683Z] error: <httpProxy> Error calling http://localhost:8083/...
[2026-08-21T19:06:51.684Z] error: <httpProxy> [
  500,
  AggregateError: 
      at ignore-listed frames {
    code: 'ECONNREFUSED',
    [errors]: [ [Error], [Error] ]
  }
]
[2026-08-21T19:06:51.684Z] error: <httpProxy> Error calling http://localhost:8083/...
[2026-08-21T19:06:51.684Z] error: <httpProxy> [
  500,
  AggregateError: 
      at ignore-listed frames {
    code: 'ECONNREFUSED',
    [errors]: [ [Error], [Error] ]
  }
]
[2026-08-21T19:06:51.685Z] error: <httpProxy> Error calling http://localhost:8083/...
[2026-08-21T19:06:51.685Z] error: <httpProxy> [
  500,
  AggregateError: 
      at ignore-listed frames {
    code: 'ECONNREFUSED',
    [errors]: [ [Error], [Error] ]
  }
]
[2026-08-21T19:06:51.685Z] error: <httpProxy> Error calling http://localhost:8787/...
[2026-08-21T19:06:51.686Z] error: <httpProxy> [
  500,
  AggregateError: 
      at ignore-listed frames {
    code: 'ECONNREFUSED',
    [errors]: [ [Error], [Error] ]
  }
]
[2026-08-21T19:06:51.686Z] error: <httpProxy> Error calling http://localhost:8083/...
[2026-08-21T19:06:51.687Z] error: <httpProxy> [
  500,
  AggregateError: 
      at ignore-listed frames {
    code: 'ECONNREFUSED',
    [errors]: [ [Error], [Error] ]
  }
]
[2026-08-21T19:06:51.687Z] error: <httpProxy> Error calling http://localhost:8083/...
[2026-08-21T19:06:51.687Z] error: <httpProxy> [
  500,
  AggregateError: 
      at ignore-listed frames {
    code: 'ECONNREFUSED',
    [errors]: [ [Error], [Error] ]
  }
]
[2026-08-21T19:06:51.688Z] error: <httpProxy> Error calling http://localhost:8083/...
[2026-08-21T19:06:51.688Z] error: <httpProxy> [
  500,
  AggregateError: 
      at ignore-listed frames {
    code: 'ECONNREFUSED',
    [errors]: [ [Error], [Error] ]
  }
]
[2026-08-21T19:06:58.760Z] error: <httpProxy> Error calling http://localhost:2283/...
[2026-08-21T19:06:58.760Z] error: <httpProxy> [
  500,
  AggregateError: 
      at ignore-listed frames {
    code: 'ECONNREFUSED',
    [errors]: [ [Error], [Error] ]
  }
]
[2026-08-21T19:06:58.762Z] error: <httpProxy> Error calling http://localhost:8010/...
[2026-08-21T19:06:58.762Z] error: <httpProxy> [
  500,
  AggregateError: 
      at ignore-listed frames {
    code: 'ECONNREFUSED',
    [errors]: [ [Error], [Error] ]
  }
]
[2026-08-21T19:06:58.763Z] error: <httpProxy> Error calling http://localhost:9000/...
[2026-08-21T19:06:58.764Z] error: <httpProxy> [
  500,
  AggregateError: 
      at ignore-listed frames {
    code: 'ECONNREFUSED',
    [errors]: [ [Error], [Error] ]
  }
]
[2026-08-21T19:06:58.764Z] error: <httpProxy> Error calling http://localhost:5006/...
[2026-08-21T19:06:58.765Z] error: <httpProxy> [
  500,
  AggregateError: 
      at ignore-listed frames {
    code: 'ECONNREFUSED',
    [errors]: [ [Error], [Error] ]
  }
]
[2026-08-21T19:06:58.765Z] error: <httpProxy> Error calling http://localhost:2283/...
[2026-08-21T19:06:58.766Z] error: <httpProxy> [
  500,
  AggregateError: 
      at ignore-listed frames {
    code: 'ECONNREFUSED',
    [errors]: [ [Error], [Error] ]
  }
]
[2026-08-21T19:06:58.768Z] error: <httpProxy> Error calling http://localhost:8020/...
[2026-08-21T19:06:58.769Z] error: <httpProxy> [
  500,
  AggregateError: 
      at ignore-listed frames {
    code: 'ECONNREFUSED',
    [errors]: [ [Error], [Error] ]
  }
]
[2026-08-21T19:06:58.769Z] error: <httpProxy> Error calling http://localhost:8010/...
[2026-08-21T19:06:58.770Z] error: <httpProxy> [
  500,
  AggregateError: 
      at ignore-listed frames {
    code: 'ECONNREFUSED',
    [errors]: [ [Error], [Error] ]
  }
]
[2026-08-21T19:06:58.772Z] error: <httpProxy> Error calling http://localhost:8015/...
[2026-08-21T19:06:58.773Z] error: <httpProxy> [
  500,
  AggregateError: 
      at ignore-listed frames {
    code: 'ECONNREFUSED',
    [errors]: [ [Error], [Error] ]
  }
]
[2026-08-21T19:06:58.773Z] error: <httpProxy> Error calling http://localhost:9000/...
[2026-08-21T19:06:58.774Z] error: <httpProxy> [
  500,
  AggregateError: 
      at ignore-listed frames {
    code: 'ECONNREFUSED',
    [errors]: [ [Error], [Error] ]
  }
]
[2026-08-21T19:06:58.777Z] error: <httpProxy> Error calling http://localhost:5006/...
[2026-08-21T19:06:58.777Z] error: <httpProxy> [
  500,
  AggregateError: 
      at ignore-listed frames {
    code: 'ECONNREFUSED',
    [errors]: [ [Error], [Error] ]
  }
]
[2026-08-21T19:06:58.778Z] error: <httpProxy> Error calling http://localhost:8020/...
[2026-08-21T19:06:58.778Z] error: <httpProxy> [
  500,
  AggregateError: 
      at ignore-listed frames {
    code: 'ECONNREFUSED',
    [errors]: [ [Error], [Error] ]
  }
]
[2026-08-21T19:06:58.782Z] error: <httpProxy> Error calling http://localhost:8015/...
[2026-08-21T19:06:58.783Z] error: <httpProxy> [
  500,
  AggregateError: 
      at ignore-listed frames {
    code: 'ECONNREFUSED',
    [errors]: [ [Error], [Error] ]
  }
]
[2026-08-21T19:06:58.786Z] error: <httpProxy> Error calling http://localhost:3929/...
[2026-08-21T19:06:58.787Z] error: <httpProxy> [
  500,
  AggregateError: 
      at ignore-listed frames {
    code: 'ECONNREFUSED',
    [errors]: [ [Error], [Error] ]
  }
]
[2026-08-21T19:06:58.788Z] error: <httpProxy> Error calling http://localhost:3001/...
[2026-08-21T19:06:58.788Z] error: <httpProxy> [
  500,
  AggregateError: 
      at ignore-listed frames {
    code: 'ECONNREFUSED',
    [errors]: [ [Error], [Error] ]
  }
]
[2026-08-21T19:06:58.789Z] error: <httpProxy> Error calling http://localhost:8082/...
[2026-08-21T19:06:58.789Z] error: <httpProxy> [
  500,
  AggregateError: 
      at ignore-listed frames {
    code: 'ECONNREFUSED',
    [errors]: [ [Error], [Error] ]
  }
]
[2026-08-21T19:06:58.790Z] error: <httpProxy> Error calling http://localhost:3929/...
[2026-08-21T19:06:58.790Z] error: <httpProxy> [
  500,
  AggregateError: 
      at ignore-listed frames {
    code: 'ECONNREFUSED',
    [errors]: [ [Error], [Error] ]
  }
]
[2026-08-21T19:06:58.791Z] error: <httpProxy> Error calling http://localhost:8787/...
[2026-08-21T19:06:58.792Z] error: <httpProxy> [
  500,
  AggregateError: 
      at ignore-listed frames {
    code: 'ECONNREFUSED',
    [errors]: [ [Error], [Error] ]
  }
]
[2026-08-21T19:06:58.792Z] error: <httpProxy> Error calling http://localhost:8090/...
[2026-08-21T19:06:58.793Z] error: <httpProxy> [
  500,
  AggregateError: 
      at ignore-listed frames {
    code: 'ECONNREFUSED',
    [errors]: [ [Error], [Error] ]
  }
]
[2026-08-21T19:06:58.793Z] error: <httpProxy> Error calling http://localhost:3001/...
[2026-08-21T19:06:58.794Z] error: <httpProxy> [
  500,
  AggregateError: 
      at ignore-listed frames {
    code: 'ECONNREFUSED',
    [errors]: [ [Error], [Error] ]
  }
]
[2026-08-21T19:06:58.797Z] error: <httpProxy> Error calling http://localhost:8082/...
[2026-08-21T19:06:58.798Z] error: <httpProxy> [
  500,
  AggregateError: 
      at ignore-listed frames {
    code: 'ECONNREFUSED',
    [errors]: [ [Error], [Error] ]
  }
]
[2026-08-21T19:06:58.800Z] error: <httpProxy> Error calling http://localhost:8081/...
[2026-08-21T19:06:58.801Z] error: <httpProxy> [
  500,
  AggregateError: 
      at ignore-listed frames {
    code: 'ECONNREFUSED',
    [errors]: [ [Error], [Error] ]
  }
]
[2026-08-21T19:06:58.802Z] error: <httpProxy> Error calling http://localhost:8787/...
[2026-08-21T19:06:58.802Z] error: <httpProxy> [
  500,
  AggregateError: 
      at ignore-listed frames {
    code: 'ECONNREFUSED',
    [errors]: [ [Error], [Error] ]
  }
]
[2026-08-21T19:06:58.802Z] error: <httpProxy> Error calling http://localhost:8090/...
[2026-08-21T19:06:58.803Z] error: <httpProxy> [
  500,
  AggregateError: 
      at ignore-listed frames {
    code: 'ECONNREFUSED',
    [errors]: [ [Error], [Error] ]
  }
]
[2026-08-21T19:06:58.805Z] error: <httpProxy> Error calling http://localhost:8081/...
[2026-08-21T19:06:58.806Z] error: <httpProxy> [
  500,
  AggregateError: 
      at ignore-listed frames {
    code: 'ECONNREFUSED',
    [errors]: [ [Error], [Error] ]
  }
]
[2026-08-21T19:06:58.807Z] error: <httpProxy> Error calling http://localhost:8787/...
[2026-08-21T19:06:58.808Z] error: <httpProxy> [
  500,
  AggregateError: 
      at ignore-listed frames {
    code: 'ECONNREFUSED',
    [errors]: [ [Error], [Error] ]
  }
]
[2026-08-21T19:06:58.808Z] error: <httpProxy> Error calling http://localhost:8083/...
[2026-08-21T19:06:58.808Z] error: <httpProxy> [
  500,
  AggregateError: 
      at ignore-listed frames {
    code: 'ECONNREFUSED',
    [errors]: [ [Error], [Error] ]
  }
]
[2026-08-21T19:06:58.810Z] error: <httpProxy> Error calling http://localhost:8083/...
[2026-08-21T19:06:58.810Z] error: <httpProxy> [
  500,
  AggregateError: 
      at ignore-listed frames {
    code: 'ECONNREFUSED',
    [errors]: [ [Error], [Error] ]
  }
]
[2026-08-21T19:06:58.811Z] error: <httpProxy> Error calling http://localhost:8083/...
[2026-08-21T19:06:58.811Z] error: <httpProxy> [
  500,
  AggregateError: 
      at ignore-listed frames {
    code: 'ECONNREFUSED',
    [errors]: [ [Error], [Error] ]
  }
]
[2026-08-21T19:06:58.812Z] error: <httpProxy> Error calling http://localhost:8787/...
[2026-08-21T19:06:58.812Z] error: <httpProxy> [
  500,
  AggregateError: 
      at ignore-listed frames {
    code: 'ECONNREFUSED',
    [errors]: [ [Error], [Error] ]
  }
]
[2026-08-21T19:06:58.813Z] error: <httpProxy> Error calling http://localhost:8083/...
[2026-08-21T19:06:58.813Z] error: <httpProxy> [
  500,
  AggregateError: 
      at ignore-listed frames {
    code: 'ECONNREFUSED',
    [errors]: [ [Error], [Error] ]
  }
]
[2026-08-21T19:06:58.814Z] error: <httpProxy> Error calling http://localhost:8083/...
[2026-08-21T19:06:58.814Z] error: <httpProxy> [
  500,
  AggregateError: 
      at ignore-listed frames {
    code: 'ECONNREFUSED',
    [errors]: [ [Error], [Error] ]
  }
]
[2026-08-21T19:06:58.815Z] error: <httpProxy> Error calling http://localhost:8083/...
[2026-08-21T19:06:58.816Z] error: <httpProxy> [
  500,
  AggregateError: 
      at ignore-listed frames {
    code: 'ECONNREFUSED',
    [errors]: [ [Error], [Error] ]
  }
]
[2026-08-21T19:07:12.509Z] error: <httpProxy> Error calling http://localhost:8010/...
[2026-08-21T19:07:12.510Z] error: <httpProxy> [
  500,
  AggregateError: 
      at ignore-listed frames {
    code: 'ECONNREFUSED',
    [errors]: [ [Error], [Error] ]
  }
]
[2026-08-21T19:07:12.514Z] error: <httpProxy> Error calling http://localhost:8010/...
[2026-08-21T19:07:12.515Z] error: <httpProxy> [
  500,
  AggregateError: 
      at ignore-listed frames {
    code: 'ECONNREFUSED',
    [errors]: [ [Error], [Error] ]
  }
]
[2026-08-21T19:07:12.516Z] error: <httpProxy> Error calling http://localhost:2283/...
[2026-08-21T19:07:12.517Z] error: <httpProxy> [
  500,
  AggregateError: 
      at ignore-listed frames {
    code: 'ECONNREFUSED',
    [errors]: [ [Error], [Error] ]
  }
]
[2026-08-21T19:07:12.517Z] error: <httpProxy> Error calling http://localhost:9000/...
[2026-08-21T19:07:12.517Z] error: <httpProxy> [
  500,
  AggregateError: 
      at ignore-listed frames {
    code: 'ECONNREFUSED',
    [errors]: [ [Error], [Error] ]
  }
]
[2026-08-21T19:07:12.519Z] error: <httpProxy> Error calling http://localhost:5006/...
[2026-08-21T19:07:12.519Z] error: <httpProxy> [
  500,
  AggregateError: 
      at ignore-listed frames {
    code: 'ECONNREFUSED',
    [errors]: [ [Error], [Error] ]
  }
]
[2026-08-21T19:07:12.520Z] error: <httpProxy> Error calling http://localhost:2283/...
[2026-08-21T19:07:12.520Z] error: <httpProxy> [
  500,
  AggregateError: 
      at ignore-listed frames {
    code: 'ECONNREFUSED',
    [errors]: [ [Error], [Error] ]
  }
]
[2026-08-21T19:07:12.521Z] error: <httpProxy> Error calling http://localhost:9000/...
[2026-08-21T19:07:12.521Z] error: <httpProxy> [
  500,
  AggregateError: 
      at ignore-listed frames {
    code: 'ECONNREFUSED',
    [errors]: [ [Error], [Error] ]
  }
]
[2026-08-21T19:07:12.525Z] error: <httpProxy> Error calling http://localhost:8020/...
[2026-08-21T19:07:12.525Z] error: <httpProxy> [
  500,
  AggregateError: 
      at ignore-listed frames {
    code: 'ECONNREFUSED',
    [errors]: [ [Error], [Error] ]
  }
]
[2026-08-21T19:07:12.525Z] error: <httpProxy> Error calling http://localhost:5006/...
[2026-08-21T19:07:12.526Z] error: <httpProxy> [
  500,
  AggregateError: 
      at ignore-listed frames {
    code: 'ECONNREFUSED',
    [errors]: [ [Error], [Error] ]
  }
]
[2026-08-21T19:07:12.528Z] error: <httpProxy> Error calling http://localhost:8015/...
[2026-08-21T19:07:12.528Z] error: <httpProxy> [
  500,
  AggregateError: 
      at ignore-listed frames {
    code: 'ECONNREFUSED',
    [errors]: [ [Error], [Error] ]
  }
]
[2026-08-21T19:07:12.529Z] error: <httpProxy> Error calling http://localhost:3929/...
[2026-08-21T19:07:12.529Z] error: <httpProxy> [
  500,
  AggregateError: 
      at ignore-listed frames {
    code: 'ECONNREFUSED',
    [errors]: [ [Error], [Error] ]
  }
]
[2026-08-21T19:07:12.529Z] error: <httpProxy> Error calling http://localhost:8020/...
[2026-08-21T19:07:12.530Z] error: <httpProxy> [
  500,
  AggregateError: 
      at ignore-listed frames {
    code: 'ECONNREFUSED',
    [errors]: [ [Error], [Error] ]
  }
]
[2026-08-21T19:07:12.532Z] error: <httpProxy> Error calling http://localhost:8015/...
[2026-08-21T19:07:12.533Z] error: <httpProxy> [
  500,
  AggregateError: 
      at ignore-listed frames {
    code: 'ECONNREFUSED',
    [errors]: [ [Error], [Error] ]
  }
]
[2026-08-21T19:07:12.534Z] error: <httpProxy> Error calling http://localhost:3929/...
[2026-08-21T19:07:12.534Z] error: <httpProxy> [
  500,
  AggregateError: 
      at ignore-listed frames {
    code: 'ECONNREFUSED',
    [errors]: [ [Error], [Error] ]
  }
]
[2026-08-21T19:07:12.536Z] error: <httpProxy> Error calling http://localhost:3001/...
[2026-08-21T19:07:12.536Z] error: <httpProxy> [
  500,
  AggregateError: 
      at ignore-listed frames {
    code: 'ECONNREFUSED',
    [errors]: [ [Error], [Error] ]
  }
]
[2026-08-21T19:07:12.536Z] error: <httpProxy> Error calling http://localhost:8082/...
[2026-08-21T19:07:12.537Z] error: <httpProxy> [
  500,
  AggregateError: 
      at ignore-listed frames {
    code: 'ECONNREFUSED',
    [errors]: [ [Error], [Error] ]
  }
]
[2026-08-21T19:07:12.541Z] error: <httpProxy> Error calling http://localhost:8787/...
[2026-08-21T19:07:12.541Z] error: <httpProxy> [
  500,
  AggregateError: 
      at ignore-listed frames {
    code: 'ECONNREFUSED',
    [errors]: [ [Error], [Error] ]
  }
]
[2026-08-21T19:07:12.542Z] error: <httpProxy> Error calling http://localhost:3001/...
[2026-08-21T19:07:12.543Z] error: <httpProxy> [
  500,
  AggregateError: 
      at ignore-listed frames {
    code: 'ECONNREFUSED',
    [errors]: [ [Error], [Error] ]
  }
]
[2026-08-21T19:07:12.543Z] error: <httpProxy> Error calling http://localhost:8082/...
[2026-08-21T19:07:12.543Z] error: <httpProxy> [
  500,
  AggregateError: 
      at ignore-listed frames {
    code: 'ECONNREFUSED',
    [errors]: [ [Error], [Error] ]
  }
]
[2026-08-21T19:07:12.547Z] error: <httpProxy> Error calling http://localhost:8090/...
[2026-08-21T19:07:12.547Z] error: <httpProxy> [
  500,
  AggregateError: 
      at ignore-listed frames {
    code: 'ECONNREFUSED',
    [errors]: [ [Error], [Error] ]
  }
]
[2026-08-21T19:07:12.548Z] error: <httpProxy> Error calling http://localhost:8787/...
[2026-08-21T19:07:12.548Z] error: <httpProxy> [
  500,
  AggregateError: 
      at ignore-listed frames {
    code: 'ECONNREFUSED',
    [errors]: [ [Error], [Error] ]
  }
]
[2026-08-21T19:07:12.551Z] error: <httpProxy> Error calling http://localhost:8081/...
[2026-08-21T19:07:12.552Z] error: <httpProxy> [
  500,
  AggregateError: 
      at ignore-listed frames {
    code: 'ECONNREFUSED',
    [errors]: [ [Error], [Error] ]
  }
]
[2026-08-21T19:07:12.552Z] error: <httpProxy> Error calling http://localhost:8090/...
[2026-08-21T19:07:12.552Z] error: <httpProxy> [
  500,
  AggregateError: 
      at ignore-listed frames {
    code: 'ECONNREFUSED',
    [errors]: [ [Error], [Error] ]
  }
]
[2026-08-21T19:07:12.554Z] error: <httpProxy> Error calling http://localhost:8787/...
[2026-08-21T19:07:12.554Z] error: <httpProxy> [
  500,
  AggregateError: 
      at ignore-listed frames {
    code: 'ECONNREFUSED',
    [errors]: [ [Error], [Error] ]
  }
]
[2026-08-21T19:07:12.556Z] error: <httpProxy> Error calling http://localhost:8081/...
[2026-08-21T19:07:12.557Z] error: <httpProxy> [
  500,
  AggregateError: 
      at ignore-listed frames {
    code: 'ECONNREFUSED',
    [errors]: [ [Error], [Error] ]
  }
]
[2026-08-21T19:07:12.557Z] error: <httpProxy> Error calling http://localhost:8083/...
[2026-08-21T19:07:12.558Z] error: <httpProxy> [
  500,
  AggregateError: 
      at ignore-listed frames {
    code: 'ECONNREFUSED',
    [errors]: [ [Error], [Error] ]
  }
]
[2026-08-21T19:07:12.558Z] error: <httpProxy> Error calling http://localhost:8083/...
[2026-08-21T19:07:12.559Z] error: <httpProxy> [
  500,
  AggregateError: 
      at ignore-listed frames {
    code: 'ECONNREFUSED',
    [errors]: [ [Error], [Error] ]
  }
]
[2026-08-21T19:07:12.559Z] error: <httpProxy> Error calling http://localhost:8787/...
[2026-08-21T19:07:12.560Z] error: <httpProxy> [
  500,
  AggregateError: 
      at ignore-listed frames {
    code: 'ECONNREFUSED',
    [errors]: [ [Error], [Error] ]
  }
]
[2026-08-21T19:07:12.561Z] error: <httpProxy> Error calling http://localhost:8083/...
[2026-08-21T19:07:12.561Z] error: <httpProxy> [
  500,
  AggregateError: 
      at ignore-listed frames {
    code: 'ECONNREFUSED',
    [errors]: [ [Error], [Error] ]
  }
]
[2026-08-21T19:07:12.562Z] error: <httpProxy> Error calling http://localhost:8083/...
[2026-08-21T19:07:12.563Z] error: <httpProxy> [
  500,
  AggregateError: 
      at ignore-listed frames {
    code: 'ECONNREFUSED',
    [errors]: [ [Error], [Error] ]
  }
]
[2026-08-21T19:07:12.563Z] error: <httpProxy> Error calling http://localhost:8083/...
[2026-08-21T19:07:12.565Z] error: <httpProxy> [
  500,
  AggregateError: 
      at ignore-listed frames {
    code: 'ECONNREFUSED',
    [errors]: [ [Error], [Error] ]
  }
]
[2026-08-21T19:07:12.565Z] error: <httpProxy> Error calling http://localhost:8083/...
[2026-08-21T19:07:12.566Z] error: <httpProxy> [
  500,
  AggregateError: 
      at ignore-listed frames {
    code: 'ECONNREFUSED',
    [errors]: [ [Error], [Error] ]
  }
]
[2026-08-21T19:07:28.780Z] error: <httpProxy> Error calling http://localhost:2283/...
[2026-08-21T19:07:28.781Z] error: <httpProxy> [
  500,
  AggregateError: 
      at ignore-listed frames {
    code: 'ECONNREFUSED',
    [errors]: [ [Error], [Error] ]
  }
]
[2026-08-21T19:07:28.783Z] error: <httpProxy> Error calling http://localhost:8010/...
[2026-08-21T19:07:28.784Z] error: <httpProxy> [
  500,
  AggregateError: 
      at ignore-listed frames {
    code: 'ECONNREFUSED',
    [errors]: [ [Error], [Error] ]
  }
]
[2026-08-21T19:07:28.788Z] error: <httpProxy> Error calling http://localhost:2283/...
[2026-08-21T19:07:28.788Z] error: <httpProxy> [
  500,
  AggregateError: 
      at ignore-listed frames {
    code: 'ECONNREFUSED',
    [errors]: [ [Error], [Error] ]
  }
]
[2026-08-21T19:07:28.792Z] error: <httpProxy> Error calling http://localhost:8010/...
[2026-08-21T19:07:28.792Z] error: <httpProxy> [
  500,
  AggregateError: 
      at ignore-listed frames {
    code: 'ECONNREFUSED',
    [errors]: [ [Error], [Error] ]
  }
]
[2026-08-21T19:07:28.794Z] error: <httpProxy> Error calling http://localhost:9000/...
[2026-08-21T19:07:28.795Z] error: <httpProxy> [
  500,
  AggregateError: 
      at ignore-listed frames {
    code: 'ECONNREFUSED',
    [errors]: [ [Error], [Error] ]
  }
]
[2026-08-21T19:07:28.801Z] error: <httpProxy> Error calling http://localhost:5006/...
[2026-08-21T19:07:28.802Z] error: <httpProxy> [
  500,
  AggregateError: 
      at ignore-listed frames {
    code: 'ECONNREFUSED',
    [errors]: [ [Error], [Error] ]
  }
]
[2026-08-21T19:07:28.802Z] error: <httpProxy> Error calling http://localhost:9000/...
[2026-08-21T19:07:28.803Z] error: <httpProxy> [
  500,
  AggregateError: 
      at ignore-listed frames {
    code: 'ECONNREFUSED',
    [errors]: [ [Error], [Error] ]
  }
]
[2026-08-21T19:07:28.808Z] error: <httpProxy> Error calling http://localhost:8020/...
[2026-08-21T19:07:28.809Z] error: <httpProxy> [
  500,
  AggregateError: 
      at ignore-listed frames {
    code: 'ECONNREFUSED',
    [errors]: [ [Error], [Error] ]
  }
]
[2026-08-21T19:07:28.810Z] error: <httpProxy> Error calling http://localhost:8015/...
[2026-08-21T19:07:28.811Z] error: <httpProxy> [
  500,
  AggregateError: 
      at ignore-listed frames {
    code: 'ECONNREFUSED',
    [errors]: [ [Error], [Error] ]
  }
]
[2026-08-21T19:07:28.811Z] error: <httpProxy> Error calling http://localhost:5006/...
[2026-08-21T19:07:28.811Z] error: <httpProxy> [
  500,
  AggregateError: 
      at ignore-listed frames {
    code: 'ECONNREFUSED',
    [errors]: [ [Error], [Error] ]
  }
]
[2026-08-21T19:07:28.815Z] error: <httpProxy> Error calling http://localhost:8020/...
[2026-08-21T19:07:28.815Z] error: <httpProxy> [
  500,
  AggregateError: 
      at ignore-listed frames {
    code: 'ECONNREFUSED',
    [errors]: [ [Error], [Error] ]
  }
]
[2026-08-21T19:07:28.819Z] error: <httpProxy> Error calling http://localhost:3929/...
[2026-08-21T19:07:28.819Z] error: <httpProxy> [
  500,
  AggregateError: 
      at ignore-listed frames {
    code: 'ECONNREFUSED',
    [errors]: [ [Error], [Error] ]
  }
]
[2026-08-21T19:07:28.819Z] error: <httpProxy> Error calling http://localhost:8015/...
[2026-08-21T19:07:28.820Z] error: <httpProxy> [
  500,
  AggregateError: 
      at ignore-listed frames {
    code: 'ECONNREFUSED',
    [errors]: [ [Error], [Error] ]
  }
]
[2026-08-21T19:07:28.822Z] error: <httpProxy> Error calling http://localhost:3001/...
[2026-08-21T19:07:28.823Z] error: <httpProxy> [
  500,
  AggregateError: 
      at ignore-listed frames {
    code: 'ECONNREFUSED',
    [errors]: [ [Error], [Error] ]
  }
]
[2026-08-21T19:07:28.824Z] error: <httpProxy> Error calling http://localhost:8082/...
[2026-08-21T19:07:28.824Z] error: <httpProxy> [
  500,
  AggregateError: 
      at ignore-listed frames {
    code: 'ECONNREFUSED',
    [errors]: [ [Error], [Error] ]
  }
]
[2026-08-21T19:07:28.825Z] error: <httpProxy> Error calling http://localhost:3929/...
[2026-08-21T19:07:28.826Z] error: <httpProxy> [
  500,
  AggregateError: 
      at ignore-listed frames {
    code: 'ECONNREFUSED',
    [errors]: [ [Error], [Error] ]
  }
]
[2026-08-21T19:07:28.826Z] error: <httpProxy> Error calling http://localhost:3001/...
[2026-08-21T19:07:28.827Z] error: <httpProxy> [
  500,
  AggregateError: 
      at ignore-listed frames {
    code: 'ECONNREFUSED',
    [errors]: [ [Error], [Error] ]
  }
]
[2026-08-21T19:07:28.831Z] error: <httpProxy> Error calling http://localhost:8787/...
[2026-08-21T19:07:28.831Z] error: <httpProxy> [
  500,
  AggregateError: 
      at ignore-listed frames {
    code: 'ECONNREFUSED',
    [errors]: [ [Error], [Error] ]
  }
]
[2026-08-21T19:07:28.832Z] error: <httpProxy> Error calling http://localhost:8082/...
[2026-08-21T19:07:28.832Z] error: <httpProxy> [
  500,
  AggregateError: 
      at ignore-listed frames {
    code: 'ECONNREFUSED',
    [errors]: [ [Error], [Error] ]
  }
]
[2026-08-21T19:07:28.837Z] error: <httpProxy> Error calling http://localhost:8090/...
[2026-08-21T19:07:28.837Z] error: <httpProxy> [
  500,
  AggregateError: 
      at ignore-listed frames {
    code: 'ECONNREFUSED',
    [errors]: [ [Error], [Error] ]
  }
]
[2026-08-21T19:07:28.838Z] error: <httpProxy> Error calling http://localhost:8081/...
[2026-08-21T19:07:28.839Z] error: <httpProxy> [
  500,
  AggregateError: 
      at ignore-listed frames {
    code: 'ECONNREFUSED',
    [errors]: [ [Error], [Error] ]
  }
]
[2026-08-21T19:07:28.839Z] error: <httpProxy> Error calling http://localhost:8787/...
[2026-08-21T19:07:28.839Z] error: <httpProxy> [
  500,
  AggregateError: 
      at ignore-listed frames {
    code: 'ECONNREFUSED',
    [errors]: [ [Error], [Error] ]
  }
]
[2026-08-21T19:07:28.841Z] error: <httpProxy> Error calling http://localhost:8090/...
[2026-08-21T19:07:28.842Z] error: <httpProxy> [
  500,
  AggregateError: 
      at ignore-listed frames {
    code: 'ECONNREFUSED',
    [errors]: [ [Error], [Error] ]
  }
]
[2026-08-21T19:07:28.846Z] error: <httpProxy> Error calling http://localhost:8081/...
[2026-08-21T19:07:28.846Z] error: <httpProxy> [
  500,
  AggregateError: 
      at ignore-listed frames {
    code: 'ECONNREFUSED',
    [errors]: [ [Error], [Error] ]
  }
]
[2026-08-21T19:07:28.847Z] error: <httpProxy> Error calling http://localhost:8787/...
[2026-08-21T19:07:28.847Z] error: <httpProxy> [
  500,
  AggregateError: 
      at ignore-listed frames {
    code: 'ECONNREFUSED',
    [errors]: [ [Error], [Error] ]
  }
]
[2026-08-21T19:07:28.848Z] error: <httpProxy> Error calling http://localhost:8083/...
[2026-08-21T19:07:28.848Z] error: <httpProxy> [
  500,
  AggregateError: 
      at ignore-listed frames {
    code: 'ECONNREFUSED',
    [errors]: [ [Error], [Error] ]
  }
]
[2026-08-21T19:07:28.849Z] error: <httpProxy> Error calling http://localhost:8083/...
[2026-08-21T19:07:28.849Z] error: <httpProxy> [
  500,
  AggregateError: 
      at ignore-listed frames {
    code: 'ECONNREFUSED',
    [errors]: [ [Error], [Error] ]
  }
]
[2026-08-21T19:07:28.851Z] error: <httpProxy> Error calling http://localhost:8787/...
[2026-08-21T19:07:28.852Z] error: <httpProxy> [
  500,
  AggregateError: 
      at ignore-listed frames {
    code: 'ECONNREFUSED',
    [errors]: [ [Error], [Error] ]
  }
]
[2026-08-21T19:07:28.853Z] error: <httpProxy> Error calling http://localhost:8083/...
[2026-08-21T19:07:28.854Z] error: <httpProxy> [
  500,
  AggregateError: 
      at ignore-listed frames {
    code: 'ECONNREFUSED',
    [errors]: [ [Error], [Error] ]
  }
]
[2026-08-21T19:07:28.854Z] error: <httpProxy> Error calling http://localhost:8083/...
[2026-08-21T19:07:28.855Z] error: <httpProxy> [
  500,
  AggregateError: 
      at ignore-listed frames {
    code: 'ECONNREFUSED',
    [errors]: [ [Error], [Error] ]
  }
]
[2026-08-21T19:07:28.855Z] error: <httpProxy> Error calling http://localhost:8083/...
[2026-08-21T19:07:28.856Z] error: <httpProxy> [
  500,
  AggregateError: 
      at ignore-listed frames {
    code: 'ECONNREFUSED',
    [errors]: [ [Error], [Error] ]
  }
]
[2026-08-21T19:07:28.856Z] error: <httpProxy> Error calling http://localhost:8083/...
[2026-08-21T19:07:28.857Z] error: <httpProxy> [
  500,
  AggregateError: 
      at ignore-listed frames {
    code: 'ECONNREFUSED',
    [errors]: [ [Error], [Error] ]
  }
]
[2026-08-21T19:07:35.930Z] error: <httpProxy> Error calling http://localhost:8010/...
[2026-08-21T19:07:35.930Z] error: <httpProxy> [
  500,
  AggregateError: 
      at ignore-listed frames {
    code: 'ECONNREFUSED',
    [errors]: [ [Error], [Error] ]
  }
]
[2026-08-21T19:07:35.935Z] error: <httpProxy> Error calling http://localhost:8010/...
[2026-08-21T19:07:35.936Z] error: <httpProxy> [
  500,
  AggregateError: 
      at ignore-listed frames {
    code: 'ECONNREFUSED',
    [errors]: [ [Error], [Error] ]
  }
]
[2026-08-21T19:07:35.938Z] error: <httpProxy> Error calling http://localhost:2283/...
[2026-08-21T19:07:35.938Z] error: <httpProxy> [
  500,
  AggregateError: 
      at ignore-listed frames {
    code: 'ECONNREFUSED',
    [errors]: [ [Error], [Error] ]
  }
]
[2026-08-21T19:07:35.939Z] error: <httpProxy> Error calling http://localhost:9000/...
[2026-08-21T19:07:35.939Z] error: <httpProxy> [
  500,
  AggregateError: 
      at ignore-listed frames {
    code: 'ECONNREFUSED',
    [errors]: [ [Error], [Error] ]
  }
]
[2026-08-21T19:07:35.940Z] error: <httpProxy> Error calling http://localhost:5006/...
[2026-08-21T19:07:35.941Z] error: <httpProxy> [
  500,
  AggregateError: 
      at ignore-listed frames {
    code: 'ECONNREFUSED',
    [errors]: [ [Error], [Error] ]
  }
]
[2026-08-21T19:07:35.941Z] error: <httpProxy> Error calling http://localhost:8020/...
[2026-08-21T19:07:35.942Z] error: <httpProxy> [
  500,
  AggregateError: 
      at ignore-listed frames {
    code: 'ECONNREFUSED',
    [errors]: [ [Error], [Error] ]
  }
]
[2026-08-21T19:07:35.942Z] error: <httpProxy> Error calling http://localhost:2283/...
[2026-08-21T19:07:35.942Z] error: <httpProxy> [
  500,
  AggregateError: 
      at ignore-listed frames {
    code: 'ECONNREFUSED',
    [errors]: [ [Error], [Error] ]
  }
]
[2026-08-21T19:07:35.945Z] error: <httpProxy> Error calling http://localhost:9000/...
[2026-08-21T19:07:35.945Z] error: <httpProxy> [
  500,
  AggregateError: 
      at ignore-listed frames {
    code: 'ECONNREFUSED',
    [errors]: [ [Error], [Error] ]
  }
]
[2026-08-21T19:07:35.947Z] error: <httpProxy> Error calling http://localhost:8015/...
[2026-08-21T19:07:35.947Z] error: <httpProxy> [
  500,
  AggregateError: 
      at ignore-listed frames {
    code: 'ECONNREFUSED',
    [errors]: [ [Error], [Error] ]
  }
]
[2026-08-21T19:07:35.948Z] error: <httpProxy> Error calling http://localhost:5006/...
[2026-08-21T19:07:35.948Z] error: <httpProxy> [
  500,
  AggregateError: 
      at ignore-listed frames {
    code: 'ECONNREFUSED',
    [errors]: [ [Error], [Error] ]
  }
]
[2026-08-21T19:07:35.950Z] error: <httpProxy> Error calling http://localhost:8020/...
[2026-08-21T19:07:35.950Z] error: <httpProxy> [
  500,
  AggregateError: 
      at ignore-listed frames {
    code: 'ECONNREFUSED',
    [errors]: [ [Error], [Error] ]
  }
]
[2026-08-21T19:07:35.951Z] error: <httpProxy> Error calling http://localhost:3929/...
[2026-08-21T19:07:35.951Z] error: <httpProxy> [
  500,
  AggregateError: 
      at ignore-listed frames {
    code: 'ECONNREFUSED',
    [errors]: [ [Error], [Error] ]
  }
]
[2026-08-21T19:07:35.953Z] error: <httpProxy> Error calling http://localhost:8015/...
[2026-08-21T19:07:35.953Z] error: <httpProxy> [
  500,
  AggregateError: 
      at ignore-listed frames {
    code: 'ECONNREFUSED',
    [errors]: [ [Error], [Error] ]
  }
]
[2026-08-21T19:07:35.956Z] error: <httpProxy> Error calling http://localhost:3929/...
[2026-08-21T19:07:35.956Z] error: <httpProxy> [
  500,
  AggregateError: 
      at ignore-listed frames {
    code: 'ECONNREFUSED',
    [errors]: [ [Error], [Error] ]
  }
]
[2026-08-21T19:07:35.957Z] error: <httpProxy> Error calling http://localhost:3001/...
[2026-08-21T19:07:35.957Z] error: <httpProxy> [
  500,
  AggregateError: 
      at ignore-listed frames {
    code: 'ECONNREFUSED',
    [errors]: [ [Error], [Error] ]
  }
]
[2026-08-21T19:07:35.959Z] error: <httpProxy> Error calling http://localhost:8082/...
[2026-08-21T19:07:35.959Z] error: <httpProxy> [
  500,
  AggregateError: 
      at ignore-listed frames {
    code: 'ECONNREFUSED',
    [errors]: [ [Error], [Error] ]
  }
]
[2026-08-21T19:07:35.960Z] error: <httpProxy> Error calling http://localhost:8787/...
[2026-08-21T19:07:35.960Z] error: <httpProxy> [
  500,
  AggregateError: 
      at ignore-listed frames {
    code: 'ECONNREFUSED',
    [errors]: [ [Error], [Error] ]
  }
]
[2026-08-21T19:07:35.962Z] error: <httpProxy> Error calling http://localhost:3001/...
[2026-08-21T19:07:35.962Z] error: <httpProxy> [
  500,
  AggregateError: 
      at ignore-listed frames {
    code: 'ECONNREFUSED',
    [errors]: [ [Error], [Error] ]
  }
]
[2026-08-21T19:07:35.964Z] error: <httpProxy> Error calling http://localhost:8090/...
[2026-08-21T19:07:35.965Z] error: <httpProxy> [
  500,
  AggregateError: 
      at ignore-listed frames {
    code: 'ECONNREFUSED',
    [errors]: [ [Error], [Error] ]
  }
]
[2026-08-21T19:07:35.965Z] error: <httpProxy> Error calling http://localhost:8082/...
[2026-08-21T19:07:35.965Z] error: <httpProxy> [
  500,
  AggregateError: 
      at ignore-listed frames {
    code: 'ECONNREFUSED',
    [errors]: [ [Error], [Error] ]
  }
]
[2026-08-21T19:07:35.968Z] error: <httpProxy> Error calling http://localhost:8787/...
[2026-08-21T19:07:35.968Z] error: <httpProxy> [
  500,
  AggregateError: 
      at ignore-listed frames {
    code: 'ECONNREFUSED',
    [errors]: [ [Error], [Error] ]
  }
]
[2026-08-21T19:07:35.970Z] error: <httpProxy> Error calling http://localhost:8081/...
[2026-08-21T19:07:35.970Z] error: <httpProxy> [
  500,
  AggregateError: 
      at ignore-listed frames {
    code: 'ECONNREFUSED',
    [errors]: [ [Error], [Error] ]
  }
]
[2026-08-21T19:07:35.971Z] error: <httpProxy> Error calling http://localhost:8090/...
[2026-08-21T19:07:35.972Z] error: <httpProxy> [
  500,
  AggregateError: 
      at ignore-listed frames {
    code: 'ECONNREFUSED',
    [errors]: [ [Error], [Error] ]
  }
]
[2026-08-21T19:07:35.973Z] error: <httpProxy> Error calling http://localhost:8787/...
[2026-08-21T19:07:35.973Z] error: <httpProxy> [
  500,
  AggregateError: 
      at ignore-listed frames {
    code: 'ECONNREFUSED',
    [errors]: [ [Error], [Error] ]
  }
]
[2026-08-21T19:07:35.974Z] error: <httpProxy> Error calling http://localhost:8081/...
[2026-08-21T19:07:35.975Z] error: <httpProxy> [
  500,
  AggregateError: 
      at ignore-listed frames {
    code: 'ECONNREFUSED',
    [errors]: [ [Error], [Error] ]
  }
]
[2026-08-21T19:07:35.976Z] error: <httpProxy> Error calling http://localhost:8083/...
[2026-08-21T19:07:35.977Z] error: <httpProxy> [
  500,
  AggregateError: 
      at ignore-listed frames {
    code: 'ECONNREFUSED',
    [errors]: [ [Error], [Error] ]
  }
]
[2026-08-21T19:07:35.977Z] error: <httpProxy> Error calling http://localhost:8787/...
[2026-08-21T19:07:35.977Z] error: <httpProxy> [
  500,
  AggregateError: 
      at ignore-listed frames {
    code: 'ECONNREFUSED',
    [errors]: [ [Error], [Error] ]
  }
]
[2026-08-21T19:07:35.978Z] error: <httpProxy> Error calling http://localhost:8083/...
[2026-08-21T19:07:35.978Z] error: <httpProxy> [
  500,
  AggregateError: 
      at ignore-listed frames {
    code: 'ECONNREFUSED',
    [errors]: [ [Error], [Error] ]
  }
]
[2026-08-21T19:07:35.979Z] error: <httpProxy> Error calling http://localhost:8083/...
[2026-08-21T19:07:35.979Z] error: <httpProxy> [
  500,
  AggregateError: 
      at ignore-listed frames {
    code: 'ECONNREFUSED',
    [errors]: [ [Error], [Error] ]
  }
]
[2026-08-21T19:07:35.979Z] error: <httpProxy> Error calling http://localhost:8083/...
[2026-08-21T19:07:35.980Z] error: <httpProxy> [
  500,
  AggregateError: 
      at ignore-listed frames {
    code: 'ECONNREFUSED',
    [errors]: [ [Error], [Error] ]
  }
]
[2026-08-21T19:07:35.980Z] error: <httpProxy> Error calling http://localhost:8083/...
[2026-08-21T19:07:35.980Z] error: <httpProxy> [
  500,
  AggregateError: 
      at ignore-listed frames {
    code: 'ECONNREFUSED',
    [errors]: [ [Error], [Error] ]
  }
]
[2026-08-21T19:07:35.981Z] error: <httpProxy> Error calling http://localhost:8083/...
[2026-08-21T19:07:35.981Z] error: <httpProxy> [
  500,
  AggregateError: 
      at ignore-listed frames {
    code: 'ECONNREFUSED',
    [errors]: [ [Error], [Error] ]
  }
]
[2026-08-21T19:07:42.359Z] error: <httpProxy> Error calling http://localhost:8010/...
[2026-08-21T19:07:42.360Z] error: <httpProxy> [
  500,
  AggregateError: 
      at ignore-listed frames {
    code: 'ECONNREFUSED',
    [errors]: [ [Error], [Error] ]
  }
]
[2026-08-21T19:07:42.365Z] error: <httpProxy> Error calling http://localhost:8010/...
[2026-08-21T19:07:42.365Z] error: <httpProxy> [
  500,
  AggregateError: 
      at ignore-listed frames {
    code: 'ECONNREFUSED',
    [errors]: [ [Error], [Error] ]
  }
]
[2026-08-21T19:07:42.368Z] error: <httpProxy> Error calling http://localhost:9000/...
[2026-08-21T19:07:42.369Z] error: <httpProxy> [
  500,
  AggregateError: 
      at ignore-listed frames {
    code: 'ECONNREFUSED',
    [errors]: [ [Error], [Error] ]
  }
]
[2026-08-21T19:07:42.369Z] error: <httpProxy> Error calling http://localhost:2283/...
[2026-08-21T19:07:42.369Z] error: <httpProxy> [
  500,
  AggregateError: 
      at ignore-listed frames {
    code: 'ECONNREFUSED',
    [errors]: [ [Error], [Error] ]
  }
]
[2026-08-21T19:07:42.370Z] error: <httpProxy> Error calling http://localhost:5006/...
[2026-08-21T19:07:42.370Z] error: <httpProxy> [
  500,
  AggregateError: 
      at ignore-listed frames {
    code: 'ECONNREFUSED',
    [errors]: [ [Error], [Error] ]
  }
]
[2026-08-21T19:07:42.371Z] error: <httpProxy> Error calling http://localhost:9000/...
[2026-08-21T19:07:42.372Z] error: <httpProxy> [
  500,
  AggregateError: 
      at ignore-listed frames {
    code: 'ECONNREFUSED',
    [errors]: [ [Error], [Error] ]
  }
]
[2026-08-21T19:07:42.372Z] error: <httpProxy> Error calling http://localhost:2283/...
[2026-08-21T19:07:42.372Z] error: <httpProxy> [
  500,
  AggregateError: 
      at ignore-listed frames {
    code: 'ECONNREFUSED',
    [errors]: [ [Error], [Error] ]
  }
]
[2026-08-21T19:07:42.375Z] error: <httpProxy> Error calling http://localhost:8020/...
[2026-08-21T19:07:42.375Z] error: <httpProxy> [
  500,
  AggregateError: 
      at ignore-listed frames {
    code: 'ECONNREFUSED',
    [errors]: [ [Error], [Error] ]
  }
]
[2026-08-21T19:07:42.376Z] error: <httpProxy> Error calling http://localhost:5006/...
[2026-08-21T19:07:42.376Z] error: <httpProxy> [
  500,
  AggregateError: 
      at ignore-listed frames {
    code: 'ECONNREFUSED',
    [errors]: [ [Error], [Error] ]
  }
]
[2026-08-21T19:07:42.378Z] error: <httpProxy> Error calling http://localhost:8015/...
[2026-08-21T19:07:42.378Z] error: <httpProxy> [
  500,
  AggregateError: 
      at ignore-listed frames {
    code: 'ECONNREFUSED',
    [errors]: [ [Error], [Error] ]
  }
]
[2026-08-21T19:07:42.378Z] error: <httpProxy> Error calling http://localhost:3929/...
[2026-08-21T19:07:42.378Z] error: <httpProxy> [
  500,
  AggregateError: 
      at ignore-listed frames {
    code: 'ECONNREFUSED',
    [errors]: [ [Error], [Error] ]
  }
]
[2026-08-21T19:07:42.379Z] error: <httpProxy> Error calling http://localhost:8020/...
[2026-08-21T19:07:42.379Z] error: <httpProxy> [
  500,
  AggregateError: 
      at ignore-listed frames {
    code: 'ECONNREFUSED',
    [errors]: [ [Error], [Error] ]
  }
]
[2026-08-21T19:07:42.382Z] error: <httpProxy> Error calling http://localhost:8015/...
[2026-08-21T19:07:42.382Z] error: <httpProxy> [
  500,
  AggregateError: 
      at ignore-listed frames {
    code: 'ECONNREFUSED',
    [errors]: [ [Error], [Error] ]
  }
]
[2026-08-21T19:07:42.383Z] error: <httpProxy> Error calling http://localhost:3929/...
[2026-08-21T19:07:42.383Z] error: <httpProxy> [
  500,
  AggregateError: 
      at ignore-listed frames {
    code: 'ECONNREFUSED',
    [errors]: [ [Error], [Error] ]
  }
]
[2026-08-21T19:07:42.386Z] error: <httpProxy> Error calling http://localhost:3001/...
[2026-08-21T19:07:42.387Z] error: <httpProxy> [
  500,
  AggregateError: 
      at ignore-listed frames {
    code: 'ECONNREFUSED',
    [errors]: [ [Error], [Error] ]
  }
]
[2026-08-21T19:07:42.387Z] error: <httpProxy> Error calling http://localhost:8082/...
[2026-08-21T19:07:42.387Z] error: <httpProxy> [
  500,
  AggregateError: 
      at ignore-listed frames {
    code: 'ECONNREFUSED',
    [errors]: [ [Error], [Error] ]
  }
]
[2026-08-21T19:07:42.388Z] error: <httpProxy> Error calling http://localhost:8787/...
[2026-08-21T19:07:42.388Z] error: <httpProxy> [
  500,
  AggregateError: 
      at ignore-listed frames {
    code: 'ECONNREFUSED',
    [errors]: [ [Error], [Error] ]
  }
]
[2026-08-21T19:07:42.390Z] error: <httpProxy> Error calling http://localhost:3001/...
[2026-08-21T19:07:42.390Z] error: <httpProxy> [
  500,
  AggregateError: 
      at ignore-listed frames {
    code: 'ECONNREFUSED',
    [errors]: [ [Error], [Error] ]
  }
]
[2026-08-21T19:07:42.390Z] error: <httpProxy> Error calling http://localhost:8082/...
[2026-08-21T19:07:42.391Z] error: <httpProxy> [
  500,
  AggregateError: 
      at ignore-listed frames {
    code: 'ECONNREFUSED',
    [errors]: [ [Error], [Error] ]
  }
]
[2026-08-21T19:07:42.393Z] error: <httpProxy> Error calling http://localhost:8787/...
[2026-08-21T19:07:42.394Z] error: <httpProxy> [
  500,
  AggregateError: 
      at ignore-listed frames {
    code: 'ECONNREFUSED',
    [errors]: [ [Error], [Error] ]
  }
]
[2026-08-21T19:07:42.398Z] error: <httpProxy> Error calling http://localhost:8090/...
[2026-08-21T19:07:42.398Z] error: <httpProxy> [
  500,
  AggregateError: 
      at ignore-listed frames {
    code: 'ECONNREFUSED',
    [errors]: [ [Error], [Error] ]
  }
]
[2026-08-21T19:07:42.398Z] error: <httpProxy> Error calling http://localhost:8081/...
[2026-08-21T19:07:42.399Z] error: <httpProxy> [
  500,
  AggregateError: 
      at ignore-listed frames {
    code: 'ECONNREFUSED',
    [errors]: [ [Error], [Error] ]
  }
]
[2026-08-21T19:07:42.399Z] error: <httpProxy> Error calling http://localhost:8787/...
[2026-08-21T19:07:42.399Z] error: <httpProxy> [
  500,
  AggregateError: 
      at ignore-listed frames {
    code: 'ECONNREFUSED',
    [errors]: [ [Error], [Error] ]
  }
]
[2026-08-21T19:07:42.400Z] error: <httpProxy> Error calling http://localhost:8090/...
[2026-08-21T19:07:42.401Z] error: <httpProxy> [
  500,
  AggregateError: 
      at ignore-listed frames {
    code: 'ECONNREFUSED',
    [errors]: [ [Error], [Error] ]
  }
]
[2026-08-21T19:07:42.402Z] error: <httpProxy> Error calling http://localhost:8081/...
[2026-08-21T19:07:42.402Z] error: <httpProxy> [
  500,
  AggregateError: 
      at ignore-listed frames {
    code: 'ECONNREFUSED',
    [errors]: [ [Error], [Error] ]
  }
]
[2026-08-21T19:07:42.402Z] error: <httpProxy> Error calling http://localhost:8787/...
[2026-08-21T19:07:42.403Z] error: <httpProxy> [
  500,
  AggregateError: 
      at ignore-listed frames {
    code: 'ECONNREFUSED',
    [errors]: [ [Error], [Error] ]
  }
]
[2026-08-21T19:07:42.403Z] error: <httpProxy> Error calling http://localhost:8083/...
[2026-08-21T19:07:42.404Z] error: <httpProxy> [
  500,
  AggregateError: 
      at ignore-listed frames {
    code: 'ECONNREFUSED',
    [errors]: [ [Error], [Error] ]
  }
]
[2026-08-21T19:07:42.405Z] error: <httpProxy> Error calling http://localhost:8083/...
[2026-08-21T19:07:42.406Z] error: <httpProxy> [
  500,
  AggregateError: 
      at ignore-listed frames {
    code: 'ECONNREFUSED',
    [errors]: [ [Error], [Error] ]
  }
]
[2026-08-21T19:07:42.406Z] error: <httpProxy> Error calling http://localhost:8083/...
[2026-08-21T19:07:42.406Z] error: <httpProxy> [
  500,
  AggregateError: 
      at ignore-listed frames {
    code: 'ECONNREFUSED',
    [errors]: [ [Error], [Error] ]
  }
]
[2026-08-21T19:07:42.407Z] error: <httpProxy> Error calling http://localhost:8083/...
[2026-08-21T19:07:42.407Z] error: <httpProxy> [
  500,
  AggregateError: 
      at ignore-listed frames {
    code: 'ECONNREFUSED',
    [errors]: [ [Error], [Error] ]
  }
]
[2026-08-21T19:07:42.407Z] error: <httpProxy> Error calling http://localhost:8083/...
[2026-08-21T19:07:42.408Z] error: <httpProxy> [
  500,
  AggregateError: 
      at ignore-listed frames {
    code: 'ECONNREFUSED',
    [errors]: [ [Error], [Error] ]
  }
]
[2026-08-21T19:07:42.408Z] error: <httpProxy> Error calling http://localhost:8083/...
[2026-08-21T19:07:42.408Z] error: <httpProxy> [
  500,
  AggregateError: 
      at ignore-listed frames {
    code: 'ECONNREFUSED',
    [errors]: [ [Error], [Error] ]
  }
]
[2026-08-21T19:07:58.757Z] error: <httpProxy> Error calling http://localhost:9000/...
[2026-08-21T19:07:58.757Z] error: <httpProxy> [
  500,
  AggregateError: 
      at ignore-listed frames {
    code: 'ECONNREFUSED',
    [errors]: [ [Error], [Error] ]
  }
]
[2026-08-21T19:07:58.758Z] error: <httpProxy> Error calling http://localhost:2283/...
[2026-08-21T19:07:58.758Z] error: <httpProxy> [
  500,
  AggregateError: 
      at ignore-listed frames {
    code: 'ECONNREFUSED',
    [errors]: [ [Error], [Error] ]
  }
]
[2026-08-21T19:07:58.758Z] error: <httpProxy> Error calling http://localhost:5006/...
[2026-08-21T19:07:58.759Z] error: <httpProxy> [
  500,
  AggregateError: 
      at ignore-listed frames {
    code: 'ECONNREFUSED',
    [errors]: [ [Error], [Error] ]
  }
]
[2026-08-21T19:07:58.759Z] error: <httpProxy> Error calling http://localhost:8010/...
[2026-08-21T19:07:58.759Z] error: <httpProxy> [
  500,
  AggregateError: 
      at ignore-listed frames {
    code: 'ECONNREFUSED',
    [errors]: [ [Error], [Error] ]
  }
]
[2026-08-21T19:07:58.761Z] error: <httpProxy> Error calling http://localhost:9000/...
[2026-08-21T19:07:58.761Z] error: <httpProxy> [
  500,
  AggregateError: 
      at ignore-listed frames {
    code: 'ECONNREFUSED',
    [errors]: [ [Error], [Error] ]
  }
]
[2026-08-21T19:07:58.761Z] error: <httpProxy> Error calling http://localhost:2283/...
[2026-08-21T19:07:58.762Z] error: <httpProxy> [
  500,
  AggregateError: 
      at ignore-listed frames {
    code: 'ECONNREFUSED',
    [errors]: [ [Error], [Error] ]
  }
]
[2026-08-21T19:07:58.765Z] error: <httpProxy> Error calling http://localhost:5006/...
[2026-08-21T19:07:58.766Z] error: <httpProxy> [
  500,
  AggregateError: 
      at ignore-listed frames {
    code: 'ECONNREFUSED',
    [errors]: [ [Error], [Error] ]
  }
]
[2026-08-21T19:07:58.766Z] error: <httpProxy> Error calling http://localhost:8010/...
[2026-08-21T19:07:58.767Z] error: <httpProxy> [
  500,
  AggregateError: 
      at ignore-listed frames {
    code: 'ECONNREFUSED',
    [errors]: [ [Error], [Error] ]
  }
]
[2026-08-21T19:07:58.771Z] error: <httpProxy> Error calling http://localhost:8020/...
[2026-08-21T19:07:58.771Z] error: <httpProxy> [
  500,
  AggregateError: 
      at ignore-listed frames {
    code: 'ECONNREFUSED',
    [errors]: [ [Error], [Error] ]
  }
]
[2026-08-21T19:07:58.772Z] error: <httpProxy> Error calling http://localhost:8015/...
[2026-08-21T19:07:58.772Z] error: <httpProxy> [
  500,
  AggregateError: 
      at ignore-listed frames {
    code: 'ECONNREFUSED',
    [errors]: [ [Error], [Error] ]
  }
]
[2026-08-21T19:07:58.773Z] error: <httpProxy> Error calling http://localhost:8020/...
[2026-08-21T19:07:58.774Z] error: <httpProxy> [
  500,
  AggregateError: 
      at ignore-listed frames {
    code: 'ECONNREFUSED',
    [errors]: [ [Error], [Error] ]
  }
]
[2026-08-21T19:07:58.775Z] error: <httpProxy> Error calling http://localhost:8015/...
[2026-08-21T19:07:58.775Z] error: <httpProxy> [
  500,
  AggregateError: 
      at ignore-listed frames {
    code: 'ECONNREFUSED',
    [errors]: [ [Error], [Error] ]
  }
]
[2026-08-21T19:07:58.779Z] error: <httpProxy> Error calling http://localhost:3929/...
[2026-08-21T19:07:58.779Z] error: <httpProxy> [
  500,
  AggregateError: 
      at ignore-listed frames {
    code: 'ECONNREFUSED',
    [errors]: [ [Error], [Error] ]
  }
]
[2026-08-21T19:07:58.779Z] error: <httpProxy> Error calling http://localhost:3001/...
[2026-08-21T19:07:58.780Z] error: <httpProxy> [
  500,
  AggregateError: 
      at ignore-listed frames {
    code: 'ECONNREFUSED',
    [errors]: [ [Error], [Error] ]
  }
]
[2026-08-21T19:07:58.780Z] error: <httpProxy> Error calling http://localhost:8082/...
[2026-08-21T19:07:58.780Z] error: <httpProxy> [
  500,
  AggregateError: 
      at ignore-listed frames {
    code: 'ECONNREFUSED',
    [errors]: [ [Error], [Error] ]
  }
]
[2026-08-21T19:07:58.781Z] error: <httpProxy> Error calling http://localhost:8787/...
[2026-08-21T19:07:58.781Z] error: <httpProxy> [
  500,
  AggregateError: 
      at ignore-listed frames {
    code: 'ECONNREFUSED',
    [errors]: [ [Error], [Error] ]
  }
]
[2026-08-21T19:07:58.782Z] error: <httpProxy> Error calling http://localhost:3929/...
[2026-08-21T19:07:58.782Z] error: <httpProxy> [
  500,
  AggregateError: 
      at ignore-listed frames {
    code: 'ECONNREFUSED',
    [errors]: [ [Error], [Error] ]
  }
]
[2026-08-21T19:07:58.783Z] error: <httpProxy> Error calling http://localhost:3001/...
[2026-08-21T19:07:58.783Z] error: <httpProxy> [
  500,
  AggregateError: 
      at ignore-listed frames {
    code: 'ECONNREFUSED',
    [errors]: [ [Error], [Error] ]
  }
]
[2026-08-21T19:07:58.786Z] error: <httpProxy> Error calling http://localhost:8082/...
[2026-08-21T19:07:58.786Z] error: <httpProxy> [
  500,
  AggregateError: 
      at ignore-listed frames {
    code: 'ECONNREFUSED',
    [errors]: [ [Error], [Error] ]
  }
]
[2026-08-21T19:07:58.787Z] error: <httpProxy> Error calling http://localhost:8787/...
[2026-08-21T19:07:58.787Z] error: <httpProxy> [
  500,
  AggregateError: 
      at ignore-listed frames {
    code: 'ECONNREFUSED',
    [errors]: [ [Error], [Error] ]
  }
]
[2026-08-21T19:07:58.790Z] error: <httpProxy> Error calling http://localhost:8090/...
[2026-08-21T19:07:58.790Z] error: <httpProxy> [
  500,
  AggregateError: 
      at ignore-listed frames {
    code: 'ECONNREFUSED',
    [errors]: [ [Error], [Error] ]
  }
]
[2026-08-21T19:07:58.791Z] error: <httpProxy> Error calling http://localhost:8081/...
[2026-08-21T19:07:58.791Z] error: <httpProxy> [
  500,
  AggregateError: 
      at ignore-listed frames {
    code: 'ECONNREFUSED',
    [errors]: [ [Error], [Error] ]
  }
]
[2026-08-21T19:07:58.793Z] error: <httpProxy> Error calling http://localhost:8090/...
[2026-08-21T19:07:58.793Z] error: <httpProxy> [
  500,
  AggregateError: 
      at ignore-listed frames {
    code: 'ECONNREFUSED',
    [errors]: [ [Error], [Error] ]
  }
]
[2026-08-21T19:07:58.794Z] error: <httpProxy> Error calling http://localhost:8081/...
[2026-08-21T19:07:58.794Z] error: <httpProxy> [
  500,
  AggregateError: 
      at ignore-listed frames {
    code: 'ECONNREFUSED',
    [errors]: [ [Error], [Error] ]
  }
]
[2026-08-21T19:07:58.794Z] error: <httpProxy> Error calling http://localhost:8787/...
[2026-08-21T19:07:58.795Z] error: <httpProxy> [
  500,
  AggregateError: 
      at ignore-listed frames {
    code: 'ECONNREFUSED',
    [errors]: [ [Error], [Error] ]
  }
]
[2026-08-21T19:07:58.795Z] error: <httpProxy> Error calling http://localhost:8083/...
[2026-08-21T19:07:58.795Z] error: <httpProxy> [
  500,
  AggregateError: 
      at ignore-listed frames {
    code: 'ECONNREFUSED',
    [errors]: [ [Error], [Error] ]
  }
]
[2026-08-21T19:07:58.796Z] error: <httpProxy> Error calling http://localhost:8083/...
[2026-08-21T19:07:58.796Z] error: <httpProxy> [
  500,
  AggregateError: 
      at ignore-listed frames {
    code: 'ECONNREFUSED',
    [errors]: [ [Error], [Error] ]
  }
]
[2026-08-21T19:07:58.796Z] error: <httpProxy> Error calling http://localhost:8083/...
[2026-08-21T19:07:58.796Z] error: <httpProxy> [
  500,
  AggregateError: 
      at ignore-listed frames {
    code: 'ECONNREFUSED',
    [errors]: [ [Error], [Error] ]
  }
]
[2026-08-21T19:07:58.797Z] error: <httpProxy> Error calling http://localhost:8787/...
[2026-08-21T19:07:58.797Z] error: <httpProxy> [
  500,
  AggregateError: 
      at ignore-listed frames {
    code: 'ECONNREFUSED',
    [errors]: [ [Error], [Error] ]
  }
]
[2026-08-21T19:07:58.797Z] error: <httpProxy> Error calling http://localhost:8083/...
[2026-08-21T19:07:58.798Z] error: <httpProxy> [
  500,
  AggregateError: 
      at ignore-listed frames {
    code: 'ECONNREFUSED',
    [errors]: [ [Error], [Error] ]
  }
]
[2026-08-21T19:07:58.798Z] error: <httpProxy> Error calling http://localhost:8083/...
[2026-08-21T19:07:58.798Z] error: <httpProxy> [
  500,
  AggregateError: 
      at ignore-listed frames {
    code: 'ECONNREFUSED',
    [errors]: [ [Error], [Error] ]
  }
]
[2026-08-21T19:07:58.799Z] error: <httpProxy> Error calling http://localhost:8083/...
[2026-08-21T19:07:58.799Z] error: <httpProxy> [
  500,
  AggregateError: 
      at ignore-listed frames {
    code: 'ECONNREFUSED',
    [errors]: [ [Error], [Error] ]
  }
]
[2026-08-21T19:08:16.802Z] error: <httpProxy> Error calling http://localhost:9000/...
[2026-08-21T19:08:16.802Z] error: <httpProxy> [
  500,
  AggregateError: 
      at ignore-listed frames {
    code: 'ECONNREFUSED',
    [errors]: [ [Error], [Error] ]
  }
]
[2026-08-21T19:08:16.803Z] error: <httpProxy> Error calling http://localhost:2283/...
[2026-08-21T19:08:16.803Z] error: <httpProxy> [
  500,
  AggregateError: 
      at ignore-listed frames {
    code: 'ECONNREFUSED',
    [errors]: [ [Error], [Error] ]
  }
]
[2026-08-21T19:08:16.805Z] error: <httpProxy> Error calling http://localhost:5006/...
[2026-08-21T19:08:16.805Z] error: <httpProxy> [
  500,
  AggregateError: 
      at ignore-listed frames {
    code: 'ECONNREFUSED',
    [errors]: [ [Error], [Error] ]
  }
]
[2026-08-21T19:08:16.806Z] error: <httpProxy> Error calling http://localhost:8010/...
[2026-08-21T19:08:16.806Z] error: <httpProxy> [
  500,
  AggregateError: 
      at ignore-listed frames {
    code: 'ECONNREFUSED',
    [errors]: [ [Error], [Error] ]
  }
]
[2026-08-21T19:08:16.807Z] error: <httpProxy> Error calling http://localhost:9000/...
[2026-08-21T19:08:16.807Z] error: <httpProxy> [
  500,
  AggregateError: 
      at ignore-listed frames {
    code: 'ECONNREFUSED',
    [errors]: [ [Error], [Error] ]
  }
]
[2026-08-21T19:08:16.808Z] error: <httpProxy> Error calling http://localhost:2283/...
[2026-08-21T19:08:16.808Z] error: <httpProxy> [
  500,
  AggregateError: 
      at ignore-listed frames {
    code: 'ECONNREFUSED',
    [errors]: [ [Error], [Error] ]
  }
]
[2026-08-21T19:08:16.812Z] error: <httpProxy> Error calling http://localhost:5006/...
[2026-08-21T19:08:16.813Z] error: <httpProxy> [
  500,
  AggregateError: 
      at ignore-listed frames {
    code: 'ECONNREFUSED',
    [errors]: [ [Error], [Error] ]
  }
]
[2026-08-21T19:08:16.815Z] error: <httpProxy> Error calling http://localhost:8010/...
[2026-08-21T19:08:16.815Z] error: <httpProxy> [
  500,
  AggregateError: 
      at ignore-listed frames {
    code: 'ECONNREFUSED',
    [errors]: [ [Error], [Error] ]
  }
]
[2026-08-21T19:08:16.817Z] error: <httpProxy> Error calling http://localhost:8020/...
[2026-08-21T19:08:16.817Z] error: <httpProxy> [
  500,
  AggregateError: 
      at ignore-listed frames {
    code: 'ECONNREFUSED',
    [errors]: [ [Error], [Error] ]
  }
]
[2026-08-21T19:08:16.819Z] error: <httpProxy> Error calling http://localhost:8015/...
[2026-08-21T19:08:16.819Z] error: <httpProxy> [
  500,
  AggregateError: 
      at ignore-listed frames {
    code: 'ECONNREFUSED',
    [errors]: [ [Error], [Error] ]
  }
]
[2026-08-21T19:08:16.820Z] error: <httpProxy> Error calling http://localhost:8020/...
[2026-08-21T19:08:16.820Z] error: <httpProxy> [
  500,
  AggregateError: 
      at ignore-listed frames {
    code: 'ECONNREFUSED',
    [errors]: [ [Error], [Error] ]
  }
]
[2026-08-21T19:08:16.822Z] error: <httpProxy> Error calling http://localhost:3929/...
[2026-08-21T19:08:16.823Z] error: <httpProxy> [
  500,
  AggregateError: 
      at ignore-listed frames {
    code: 'ECONNREFUSED',
    [errors]: [ [Error], [Error] ]
  }
]
[2026-08-21T19:08:16.823Z] error: <httpProxy> Error calling http://localhost:3001/...
[2026-08-21T19:08:16.823Z] error: <httpProxy> [
  500,
  AggregateError: 
      at ignore-listed frames {
    code: 'ECONNREFUSED',
    [errors]: [ [Error], [Error] ]
  }
]
[2026-08-21T19:08:16.824Z] error: <httpProxy> Error calling http://localhost:8015/...
[2026-08-21T19:08:16.824Z] error: <httpProxy> [
  500,
  AggregateError: 
      at ignore-listed frames {
    code: 'ECONNREFUSED',
    [errors]: [ [Error], [Error] ]
  }
]
[2026-08-21T19:08:16.825Z] error: <httpProxy> Error calling http://localhost:8082/...
[2026-08-21T19:08:16.826Z] error: <httpProxy> [
  500,
  AggregateError: 
      at ignore-listed frames {
    code: 'ECONNREFUSED',
    [errors]: [ [Error], [Error] ]
  }
]
[2026-08-21T19:08:16.826Z] error: <httpProxy> Error calling http://localhost:8787/...
[2026-08-21T19:08:16.827Z] error: <httpProxy> [
  500,
  AggregateError: 
      at ignore-listed frames {
    code: 'ECONNREFUSED',
    [errors]: [ [Error], [Error] ]
  }
]
[2026-08-21T19:08:16.827Z] error: <httpProxy> Error calling http://localhost:3929/...
[2026-08-21T19:08:16.827Z] error: <httpProxy> [
  500,
  AggregateError: 
      at ignore-listed frames {
    code: 'ECONNREFUSED',
    [errors]: [ [Error], [Error] ]
  }
]
[2026-08-21T19:08:16.828Z] error: <httpProxy> Error calling http://localhost:3001/...
[2026-08-21T19:08:16.828Z] error: <httpProxy> [
  500,
  AggregateError: 
      at ignore-listed frames {
    code: 'ECONNREFUSED',
    [errors]: [ [Error], [Error] ]
  }
]
[2026-08-21T19:08:16.832Z] error: <httpProxy> Error calling http://localhost:8082/...
[2026-08-21T19:08:16.832Z] error: <httpProxy> [
  500,
  AggregateError: 
      at ignore-listed frames {
    code: 'ECONNREFUSED',
    [errors]: [ [Error], [Error] ]
  }
]
[2026-08-21T19:08:16.834Z] error: <httpProxy> Error calling http://localhost:8787/...
[2026-08-21T19:08:16.835Z] error: <httpProxy> [
  500,
  AggregateError: 
      at ignore-listed frames {
    code: 'ECONNREFUSED',
    [errors]: [ [Error], [Error] ]
  }
]
[2026-08-21T19:08:16.836Z] error: <httpProxy> Error calling http://localhost:8090/...
[2026-08-21T19:08:16.837Z] error: <httpProxy> [
  500,
  AggregateError: 
      at ignore-listed frames {
    code: 'ECONNREFUSED',
    [errors]: [ [Error], [Error] ]
  }
]
[2026-08-21T19:08:16.838Z] error: <httpProxy> Error calling http://localhost:8081/...
[2026-08-21T19:08:16.838Z] error: <httpProxy> [
  500,
  AggregateError: 
      at ignore-listed frames {
    code: 'ECONNREFUSED',
    [errors]: [ [Error], [Error] ]
  }
]
[2026-08-21T19:08:16.839Z] error: <httpProxy> Error calling http://localhost:8090/...
[2026-08-21T19:08:16.840Z] error: <httpProxy> [
  500,
  AggregateError: 
      at ignore-listed frames {
    code: 'ECONNREFUSED',
    [errors]: [ [Error], [Error] ]
  }
]
[2026-08-21T19:08:16.840Z] error: <httpProxy> Error calling http://localhost:8787/...
[2026-08-21T19:08:16.840Z] error: <httpProxy> [
  500,
  AggregateError: 
      at ignore-listed frames {
    code: 'ECONNREFUSED',
    [errors]: [ [Error], [Error] ]
  }
]
[2026-08-21T19:08:16.841Z] error: <httpProxy> Error calling http://localhost:8083/...
[2026-08-21T19:08:16.841Z] error: <httpProxy> [
  500,
  AggregateError: 
      at ignore-listed frames {
    code: 'ECONNREFUSED',
    [errors]: [ [Error], [Error] ]
  }
]
[2026-08-21T19:08:16.841Z] error: <httpProxy> Error calling http://localhost:8081/...
[2026-08-21T19:08:16.841Z] error: <httpProxy> [
  500,
  AggregateError: 
      at ignore-listed frames {
    code: 'ECONNREFUSED',
    [errors]: [ [Error], [Error] ]
  }
]
[2026-08-21T19:08:16.842Z] error: <httpProxy> Error calling http://localhost:8083/...
[2026-08-21T19:08:16.842Z] error: <httpProxy> [
  500,
  AggregateError: 
      at ignore-listed frames {
    code: 'ECONNREFUSED',
    [errors]: [ [Error], [Error] ]
  }
]
[2026-08-21T19:08:16.843Z] error: <httpProxy> Error calling http://localhost:8083/...
[2026-08-21T19:08:16.843Z] error: <httpProxy> [
  500,
  AggregateError: 
      at ignore-listed frames {
    code: 'ECONNREFUSED',
    [errors]: [ [Error], [Error] ]
  }
]
[2026-08-21T19:08:16.843Z] error: <httpProxy> Error calling http://localhost:8787/...
[2026-08-21T19:08:16.843Z] error: <httpProxy> [
  500,
  AggregateError: 
      at ignore-listed frames {
    code: 'ECONNREFUSED',
    [errors]: [ [Error], [Error] ]
  }
]
[2026-08-21T19:08:16.844Z] error: <httpProxy> Error calling http://localhost:8083/...
[2026-08-21T19:08:16.844Z] error: <httpProxy> [
  500,
  AggregateError: 
      at ignore-listed frames {
    code: 'ECONNREFUSED',
    [errors]: [ [Error], [Error] ]
  }
]
[2026-08-21T19:08:16.845Z] error: <httpProxy> Error calling http://localhost:8083/...
[2026-08-21T19:08:16.845Z] error: <httpProxy> [
  500,
  AggregateError: 
      at ignore-listed frames {
    code: 'ECONNREFUSED',
    [errors]: [ [Error], [Error] ]
  }
]
[2026-08-21T19:08:16.846Z] error: <httpProxy> Error calling http://localhost:8083/...
[2026-08-21T19:08:16.846Z] error: <httpProxy> [
  500,
  AggregateError: 
      at ignore-listed frames {
    code: 'ECONNREFUSED',
    [errors]: [ [Error], [Error] ]
  }
]
[2026-08-21T19:08:37.430Z] error: <httpProxy> Error calling http://localhost:2283/...
[2026-08-21T19:08:37.431Z] error: <httpProxy> [
  500,
  AggregateError: 
      at ignore-listed frames {
    code: 'ECONNREFUSED',
    [errors]: [ [Error], [Error] ]
  }
]
[2026-08-21T19:08:37.431Z] error: <httpProxy> Error calling http://localhost:8010/...
[2026-08-21T19:08:37.431Z] error: <httpProxy> [
  500,
  AggregateError: 
      at ignore-listed frames {
    code: 'ECONNREFUSED',
    [errors]: [ [Error], [Error] ]
  }
]
[2026-08-21T19:08:37.432Z] error: <httpProxy> Error calling http://localhost:9000/...
[2026-08-21T19:08:37.433Z] error: <httpProxy> [
  500,
  AggregateError: 
      at ignore-listed frames {
    code: 'ECONNREFUSED',
    [errors]: [ [Error], [Error] ]
  }
]
[2026-08-21T19:08:37.433Z] error: <httpProxy> Error calling http://localhost:5006/...
[2026-08-21T19:08:37.434Z] error: <httpProxy> [
  500,
  AggregateError: 
      at ignore-listed frames {
    code: 'ECONNREFUSED',
    [errors]: [ [Error], [Error] ]
  }
]
[2026-08-21T19:08:37.434Z] error: <httpProxy> Error calling http://localhost:8015/...
[2026-08-21T19:08:37.434Z] error: <httpProxy> [
  500,
  AggregateError: 
      at ignore-listed frames {
    code: 'ECONNREFUSED',
    [errors]: [ [Error], [Error] ]
  }
]
[2026-08-21T19:08:37.435Z] error: <httpProxy> Error calling http://localhost:2283/...
[2026-08-21T19:08:37.435Z] error: <httpProxy> [
  500,
  AggregateError: 
      at ignore-listed frames {
    code: 'ECONNREFUSED',
    [errors]: [ [Error], [Error] ]
  }
]
[2026-08-21T19:08:37.435Z] error: <httpProxy> Error calling http://localhost:8010/...
[2026-08-21T19:08:37.436Z] error: <httpProxy> [
  500,
  AggregateError: 
      at ignore-listed frames {
    code: 'ECONNREFUSED',
    [errors]: [ [Error], [Error] ]
  }
]
[2026-08-21T19:08:37.438Z] error: <httpProxy> Error calling http://localhost:8020/...
[2026-08-21T19:08:37.438Z] error: <httpProxy> [
  500,
  AggregateError: 
      at ignore-listed frames {
    code: 'ECONNREFUSED',
    [errors]: [ [Error], [Error] ]
  }
]
[2026-08-21T19:08:37.439Z] error: <httpProxy> Error calling http://localhost:9000/...
[2026-08-21T19:08:37.439Z] error: <httpProxy> [
  500,
  AggregateError: 
      at ignore-listed frames {
    code: 'ECONNREFUSED',
    [errors]: [ [Error], [Error] ]
  }
]
[2026-08-21T19:08:37.442Z] error: <httpProxy> Error calling http://localhost:5006/...
[2026-08-21T19:08:37.442Z] error: <httpProxy> [
  500,
  AggregateError: 
      at ignore-listed frames {
    code: 'ECONNREFUSED',
    [errors]: [ [Error], [Error] ]
  }
]
[2026-08-21T19:08:37.443Z] error: <httpProxy> Error calling http://localhost:8015/...
[2026-08-21T19:08:37.443Z] error: <httpProxy> [
  500,
  AggregateError: 
      at ignore-listed frames {
    code: 'ECONNREFUSED',
    [errors]: [ [Error], [Error] ]
  }
]
[2026-08-21T19:08:37.445Z] error: <httpProxy> Error calling http://localhost:8020/...
[2026-08-21T19:08:37.445Z] error: <httpProxy> [
  500,
  AggregateError: 
      at ignore-listed frames {
    code: 'ECONNREFUSED',
    [errors]: [ [Error], [Error] ]
  }
]
[2026-08-21T19:08:37.449Z] error: <httpProxy> Error calling http://localhost:3929/...
[2026-08-21T19:08:37.450Z] error: <httpProxy> [
  500,
  AggregateError: 
      at ignore-listed frames {
    code: 'ECONNREFUSED',
    [errors]: [ [Error], [Error] ]
  }
]
[2026-08-21T19:08:37.451Z] error: <httpProxy> Error calling http://localhost:3001/...
[2026-08-21T19:08:37.451Z] error: <httpProxy> [
  500,
  AggregateError: 
      at ignore-listed frames {
    code: 'ECONNREFUSED',
    [errors]: [ [Error], [Error] ]
  }
]
[2026-08-21T19:08:37.452Z] error: <httpProxy> Error calling http://localhost:8082/...
[2026-08-21T19:08:37.452Z] error: <httpProxy> [
  500,
  AggregateError: 
      at ignore-listed frames {
    code: 'ECONNREFUSED',
    [errors]: [ [Error], [Error] ]
  }
]
[2026-08-21T19:08:37.453Z] error: <httpProxy> Error calling http://localhost:8787/...
[2026-08-21T19:08:37.453Z] error: <httpProxy> [
  500,
  AggregateError: 
      at ignore-listed frames {
    code: 'ECONNREFUSED',
    [errors]: [ [Error], [Error] ]
  }
]
[2026-08-21T19:08:37.453Z] error: <httpProxy> Error calling http://localhost:3929/...
[2026-08-21T19:08:37.454Z] error: <httpProxy> [
  500,
  AggregateError: 
      at ignore-listed frames {
    code: 'ECONNREFUSED',
    [errors]: [ [Error], [Error] ]
  }
]
[2026-08-21T19:08:37.454Z] error: <httpProxy> Error calling http://localhost:8090/...
[2026-08-21T19:08:37.455Z] error: <httpProxy> [
  500,
  AggregateError: 
      at ignore-listed frames {
    code: 'ECONNREFUSED',
    [errors]: [ [Error], [Error] ]
  }
]
[2026-08-21T19:08:37.455Z] error: <httpProxy> Error calling http://localhost:8081/...
[2026-08-21T19:08:37.455Z] error: <httpProxy> [
  500,
  AggregateError: 
      at ignore-listed frames {
    code: 'ECONNREFUSED',
    [errors]: [ [Error], [Error] ]
  }
]
[2026-08-21T19:08:37.455Z] error: <httpProxy> Error calling http://localhost:3001/...
[2026-08-21T19:08:37.456Z] error: <httpProxy> [
  500,
  AggregateError: 
      at ignore-listed frames {
    code: 'ECONNREFUSED',
    [errors]: [ [Error], [Error] ]
  }
]
[2026-08-21T19:08:37.456Z] error: <httpProxy> Error calling http://localhost:8082/...
[2026-08-21T19:08:37.457Z] error: <httpProxy> [
  500,
  AggregateError: 
      at ignore-listed frames {
    code: 'ECONNREFUSED',
    [errors]: [ [Error], [Error] ]
  }
]
[2026-08-21T19:08:37.462Z] error: <httpProxy> Error calling http://localhost:8787/...
[2026-08-21T19:08:37.462Z] error: <httpProxy> [
  500,
  AggregateError: 
      at ignore-listed frames {
    code: 'ECONNREFUSED',
    [errors]: [ [Error], [Error] ]
  }
]
[2026-08-21T19:08:37.462Z] error: <httpProxy> Error calling http://localhost:8090/...
[2026-08-21T19:08:37.463Z] error: <httpProxy> [
  500,
  AggregateError: 
      at ignore-listed frames {
    code: 'ECONNREFUSED',
    [errors]: [ [Error], [Error] ]
  }
]
[2026-08-21T19:08:37.463Z] error: <httpProxy> Error calling http://localhost:8081/...
[2026-08-21T19:08:37.463Z] error: <httpProxy> [
  500,
  AggregateError: 
      at ignore-listed frames {
    code: 'ECONNREFUSED',
    [errors]: [ [Error], [Error] ]
  }
]
[2026-08-21T19:08:37.468Z] error: <httpProxy> Error calling http://localhost:8787/...
[2026-08-21T19:08:37.469Z] error: <httpProxy> [
  500,
  AggregateError: 
      at ignore-listed frames {
    code: 'ECONNREFUSED',
    [errors]: [ [Error], [Error] ]
  }
]
[2026-08-21T19:08:37.469Z] error: <httpProxy> Error calling http://localhost:8083/...
[2026-08-21T19:08:37.469Z] error: <httpProxy> [
  500,
  AggregateError: 
      at ignore-listed frames {
    code: 'ECONNREFUSED',
    [errors]: [ [Error], [Error] ]
  }
]
[2026-08-21T19:08:37.470Z] error: <httpProxy> Error calling http://localhost:8083/...
[2026-08-21T19:08:37.470Z] error: <httpProxy> [
  500,
  AggregateError: 
      at ignore-listed frames {
    code: 'ECONNREFUSED',
    [errors]: [ [Error], [Error] ]
  }
]
[2026-08-21T19:08:37.471Z] error: <httpProxy> Error calling http://localhost:8083/...
[2026-08-21T19:08:37.471Z] error: <httpProxy> [
  500,
  AggregateError: 
      at ignore-listed frames {
    code: 'ECONNREFUSED',
    [errors]: [ [Error], [Error] ]
  }
]
[2026-08-21T19:08:37.472Z] error: <httpProxy> Error calling http://localhost:8787/...
[2026-08-21T19:08:37.472Z] error: <httpProxy> [
  500,
  AggregateError: 
      at ignore-listed frames {
    code: 'ECONNREFUSED',
    [errors]: [ [Error], [Error] ]
  }
]
[2026-08-21T19:08:37.472Z] error: <httpProxy> Error calling http://localhost:8083/...
[2026-08-21T19:08:37.473Z] error: <httpProxy> [
  500,
  AggregateError: 
      at ignore-listed frames {
    code: 'ECONNREFUSED',
    [errors]: [ [Error], [Error] ]
  }
]
[2026-08-21T19:08:37.473Z] error: <httpProxy> Error calling http://localhost:8083/...
[2026-08-21T19:08:37.473Z] error: <httpProxy> [
  500,
  AggregateError: 
      at ignore-listed frames {
    code: 'ECONNREFUSED',
    [errors]: [ [Error], [Error] ]
  }
]
[2026-08-21T19:08:37.475Z] error: <httpProxy> Error calling http://localhost:8083/...
[2026-08-21T19:08:37.475Z] error: <httpProxy> [
  500,
  AggregateError: 
      at ignore-listed frames {
    code: 'ECONNREFUSED',
    [errors]: [ [Error], [Error] ]
  }
]
[2026-08-21T19:08:39.517Z] error: <httpProxy> Error calling http://localhost:2283/...
[2026-08-21T19:08:39.517Z] error: <httpProxy> [
  500,
  AggregateError: 
      at ignore-listed frames {
    code: 'ECONNREFUSED',
    [errors]: [ [Error], [Error] ]
  }
]
[2026-08-21T19:08:39.518Z] error: <httpProxy> Error calling http://localhost:8010/...
[2026-08-21T19:08:39.519Z] error: <httpProxy> [
  500,
  AggregateError: 
      at ignore-listed frames {
    code: 'ECONNREFUSED',
    [errors]: [ [Error], [Error] ]
  }
]
[2026-08-21T19:08:39.521Z] error: <httpProxy> Error calling http://localhost:9000/...
[2026-08-21T19:08:39.521Z] error: <httpProxy> [
  500,
  AggregateError: 
      at ignore-listed frames {
    code: 'ECONNREFUSED',
    [errors]: [ [Error], [Error] ]
  }
]
[2026-08-21T19:08:39.522Z] error: <httpProxy> Error calling http://localhost:2283/...
[2026-08-21T19:08:39.522Z] error: <httpProxy> [
  500,
  AggregateError: 
      at ignore-listed frames {
    code: 'ECONNREFUSED',
    [errors]: [ [Error], [Error] ]
  }
]
[2026-08-21T19:08:39.522Z] error: <httpProxy> Error calling http://localhost:8010/...
[2026-08-21T19:08:39.523Z] error: <httpProxy> [
  500,
  AggregateError: 
      at ignore-listed frames {
    code: 'ECONNREFUSED',
    [errors]: [ [Error], [Error] ]
  }
]
[2026-08-21T19:08:39.524Z] error: <httpProxy> Error calling http://localhost:5006/...
[2026-08-21T19:08:39.524Z] error: <httpProxy> [
  500,
  AggregateError: 
      at ignore-listed frames {
    code: 'ECONNREFUSED',
    [errors]: [ [Error], [Error] ]
  }
]
[2026-08-21T19:08:39.525Z] error: <httpProxy> Error calling http://localhost:8020/...
[2026-08-21T19:08:39.525Z] error: <httpProxy> [
  500,
  AggregateError: 
      at ignore-listed frames {
    code: 'ECONNREFUSED',
    [errors]: [ [Error], [Error] ]
  }
]
[2026-08-21T19:08:39.525Z] error: <httpProxy> Error calling http://localhost:9000/...
[2026-08-21T19:08:39.525Z] error: <httpProxy> [
  500,
  AggregateError: 
      at ignore-listed frames {
    code: 'ECONNREFUSED',
    [errors]: [ [Error], [Error] ]
  }
]
[2026-08-21T19:08:39.529Z] error: <httpProxy> Error calling http://localhost:5006/...
[2026-08-21T19:08:39.529Z] error: <httpProxy> [
  500,
  AggregateError: 
      at ignore-listed frames {
    code: 'ECONNREFUSED',
    [errors]: [ [Error], [Error] ]
  }
]
[2026-08-21T19:08:39.529Z] error: <httpProxy> Error calling http://localhost:8020/...
[2026-08-21T19:08:39.530Z] error: <httpProxy> [
  500,
  AggregateError: 
      at ignore-listed frames {
    code: 'ECONNREFUSED',
    [errors]: [ [Error], [Error] ]
  }
]
[2026-08-21T19:08:39.533Z] error: <httpProxy> Error calling http://localhost:8015/...
[2026-08-21T19:08:39.533Z] error: <httpProxy> [
  500,
  AggregateError: 
      at ignore-listed frames {
    code: 'ECONNREFUSED',
    [errors]: [ [Error], [Error] ]
  }
]
[2026-08-21T19:08:39.534Z] error: <httpProxy> Error calling http://localhost:3929/...
[2026-08-21T19:08:39.535Z] error: <httpProxy> [
  500,
  AggregateError: 
      at ignore-listed frames {
    code: 'ECONNREFUSED',
    [errors]: [ [Error], [Error] ]
  }
]
[2026-08-21T19:08:39.535Z] error: <httpProxy> Error calling http://localhost:8015/...
[2026-08-21T19:08:39.535Z] error: <httpProxy> [
  500,
  AggregateError: 
      at ignore-listed frames {
    code: 'ECONNREFUSED',
    [errors]: [ [Error], [Error] ]
  }
]
[2026-08-21T19:08:39.536Z] error: <httpProxy> Error calling http://localhost:3001/...
[2026-08-21T19:08:39.536Z] error: <httpProxy> [
  500,
  AggregateError: 
      at ignore-listed frames {
    code: 'ECONNREFUSED',
    [errors]: [ [Error], [Error] ]
  }
]
[2026-08-21T19:08:39.537Z] error: <httpProxy> Error calling http://localhost:8082/...
[2026-08-21T19:08:39.537Z] error: <httpProxy> [
  500,
  AggregateError: 
      at ignore-listed frames {
    code: 'ECONNREFUSED',
    [errors]: [ [Error], [Error] ]
  }
]
[2026-08-21T19:08:39.539Z] error: <httpProxy> Error calling http://localhost:3929/...
[2026-08-21T19:08:39.540Z] error: <httpProxy> [
  500,
  AggregateError: 
      at ignore-listed frames {
    code: 'ECONNREFUSED',
    [errors]: [ [Error], [Error] ]
  }
]
[2026-08-21T19:08:39.540Z] error: <httpProxy> Error calling http://localhost:8787/...
[2026-08-21T19:08:39.540Z] error: <httpProxy> [
  500,
  AggregateError: 
      at ignore-listed frames {
    code: 'ECONNREFUSED',
    [errors]: [ [Error], [Error] ]
  }
]
[2026-08-21T19:08:39.541Z] error: <httpProxy> Error calling http://localhost:8090/...
[2026-08-21T19:08:39.541Z] error: <httpProxy> [
  500,
  AggregateError: 
      at ignore-listed frames {
    code: 'ECONNREFUSED',
    [errors]: [ [Error], [Error] ]
  }
]
[2026-08-21T19:08:39.541Z] error: <httpProxy> Error calling http://localhost:3001/...
[2026-08-21T19:08:39.541Z] error: <httpProxy> [
  500,
  AggregateError: 
      at ignore-listed frames {
    code: 'ECONNREFUSED',
    [errors]: [ [Error], [Error] ]
  }
]
[2026-08-21T19:08:39.542Z] error: <httpProxy> Error calling http://localhost:8082/...
[2026-08-21T19:08:39.542Z] error: <httpProxy> [
  500,
  AggregateError: 
      at ignore-listed frames {
    code: 'ECONNREFUSED',
    [errors]: [ [Error], [Error] ]
  }
]
[2026-08-21T19:08:39.546Z] error: <httpProxy> Error calling http://localhost:8787/...
[2026-08-21T19:08:39.547Z] error: <httpProxy> [
  500,
  AggregateError: 
      at ignore-listed frames {
    code: 'ECONNREFUSED',
    [errors]: [ [Error], [Error] ]
  }
]
[2026-08-21T19:08:39.547Z] error: <httpProxy> Error calling http://localhost:8090/...
[2026-08-21T19:08:39.547Z] error: <httpProxy> [
  500,
  AggregateError: 
      at ignore-listed frames {
    code: 'ECONNREFUSED',
    [errors]: [ [Error], [Error] ]
  }
]
[2026-08-21T19:08:39.551Z] error: <httpProxy> Error calling http://localhost:8081/...
[2026-08-21T19:08:39.551Z] error: <httpProxy> [
  500,
  AggregateError: 
      at ignore-listed frames {
    code: 'ECONNREFUSED',
    [errors]: [ [Error], [Error] ]
  }
]
[2026-08-21T19:08:39.553Z] error: <httpProxy> Error calling http://localhost:8787/...
[2026-08-21T19:08:39.554Z] error: <httpProxy> [
  500,
  AggregateError: 
      at ignore-listed frames {
    code: 'ECONNREFUSED',
    [errors]: [ [Error], [Error] ]
  }
]
[2026-08-21T19:08:39.554Z] error: <httpProxy> Error calling http://localhost:8083/...
[2026-08-21T19:08:39.555Z] error: <httpProxy> [
  500,
  AggregateError: 
      at ignore-listed frames {
    code: 'ECONNREFUSED',
    [errors]: [ [Error], [Error] ]
  }
]
[2026-08-21T19:08:39.555Z] error: <httpProxy> Error calling http://localhost:8083/...
[2026-08-21T19:08:39.555Z] error: <httpProxy> [
  500,
  AggregateError: 
      at ignore-listed frames {
    code: 'ECONNREFUSED',
    [errors]: [ [Error], [Error] ]
  }
]
[2026-08-21T19:08:39.555Z] error: <httpProxy> Error calling http://localhost:8081/...
[2026-08-21T19:08:39.556Z] error: <httpProxy> [
  500,
  AggregateError: 
      at ignore-listed frames {
    code: 'ECONNREFUSED',
    [errors]: [ [Error], [Error] ]
  }
]
[2026-08-21T19:08:39.556Z] error: <httpProxy> Error calling http://localhost:8083/...
[2026-08-21T19:08:39.557Z] error: <httpProxy> [
  500,
  AggregateError: 
      at ignore-listed frames {
    code: 'ECONNREFUSED',
    [errors]: [ [Error], [Error] ]
  }
]
[2026-08-21T19:08:39.557Z] error: <httpProxy> Error calling http://localhost:8787/...
[2026-08-21T19:08:39.557Z] error: <httpProxy> [
  500,
  AggregateError: 
      at ignore-listed frames {
    code: 'ECONNREFUSED',
    [errors]: [ [Error], [Error] ]
  }
]
[2026-08-21T19:08:39.558Z] error: <httpProxy> Error calling http://localhost:8083/...
[2026-08-21T19:08:39.558Z] error: <httpProxy> [
  500,
  AggregateError: 
      at ignore-listed frames {
    code: 'ECONNREFUSED',
    [errors]: [ [Error], [Error] ]
  }
]
[2026-08-21T19:08:39.558Z] error: <httpProxy> Error calling http://localhost:8083/...
[2026-08-21T19:08:39.559Z] error: <httpProxy> [
  500,
  AggregateError: 
      at ignore-listed frames {
    code: 'ECONNREFUSED',
    [errors]: [ [Error], [Error] ]
  }
]
[2026-08-21T19:08:39.559Z] error: <httpProxy> Error calling http://localhost:8083/...
[2026-08-21T19:08:39.560Z] error: <httpProxy> [
  500,
  AggregateError: 
      at ignore-listed frames {
    code: 'ECONNREFUSED',
    [errors]: [ [Error], [Error] ]
  }
]
[2026-08-21T19:08:44.352Z] error: <httpProxy> Error calling http://localhost:2283/...
[2026-08-21T19:08:44.352Z] error: <httpProxy> [
  500,
  AggregateError: 
      at ignore-listed frames {
    code: 'ECONNREFUSED',
    [errors]: [ [Error], [Error] ]
  }
]
[2026-08-21T19:08:44.352Z] error: <httpProxy> Error calling http://localhost:9000/...
[2026-08-21T19:08:44.353Z] error: <httpProxy> [
  500,
  AggregateError: 
      at ignore-listed frames {
    code: 'ECONNREFUSED',
    [errors]: [ [Error], [Error] ]
  }
]
[2026-08-21T19:08:44.353Z] error: <httpProxy> Error calling http://localhost:8010/...
[2026-08-21T19:08:44.353Z] error: <httpProxy> [
  500,
  AggregateError: 
      at ignore-listed frames {
    code: 'ECONNREFUSED',
    [errors]: [ [Error], [Error] ]
  }
]
[2026-08-21T19:08:44.356Z] error: <httpProxy> Error calling http://localhost:2283/...
[2026-08-21T19:08:44.356Z] error: <httpProxy> [
  500,
  AggregateError: 
      at ignore-listed frames {
    code: 'ECONNREFUSED',
    [errors]: [ [Error], [Error] ]
  }
]
[2026-08-21T19:08:44.357Z] error: <httpProxy> Error calling http://localhost:9000/...
[2026-08-21T19:08:44.357Z] error: <httpProxy> [
  500,
  AggregateError: 
      at ignore-listed frames {
    code: 'ECONNREFUSED',
    [errors]: [ [Error], [Error] ]
  }
]
[2026-08-21T19:08:44.357Z] error: <httpProxy> Error calling http://localhost:8010/...
[2026-08-21T19:08:44.357Z] error: <httpProxy> [
  500,
  AggregateError: 
      at ignore-listed frames {
    code: 'ECONNREFUSED',
    [errors]: [ [Error], [Error] ]
  }
]
[2026-08-21T19:08:44.362Z] error: <httpProxy> Error calling http://localhost:5006/...
[2026-08-21T19:08:44.362Z] error: <httpProxy> [
  500,
  AggregateError: 
      at ignore-listed frames {
    code: 'ECONNREFUSED',
    [errors]: [ [Error], [Error] ]
  }
]
[2026-08-21T19:08:44.362Z] error: <httpProxy> Error calling http://localhost:8020/...
[2026-08-21T19:08:44.362Z] error: <httpProxy> [
  500,
  AggregateError: 
      at ignore-listed frames {
    code: 'ECONNREFUSED',
    [errors]: [ [Error], [Error] ]
  }
]
[2026-08-21T19:08:44.363Z] error: <httpProxy> Error calling http://localhost:5006/...
[2026-08-21T19:08:44.364Z] error: <httpProxy> [
  500,
  AggregateError: 
      at ignore-listed frames {
    code: 'ECONNREFUSED',
    [errors]: [ [Error], [Error] ]
  }
]
[2026-08-21T19:08:44.364Z] error: <httpProxy> Error calling http://localhost:8020/...
[2026-08-21T19:08:44.364Z] error: <httpProxy> [
  500,
  AggregateError: 
      at ignore-listed frames {
    code: 'ECONNREFUSED',
    [errors]: [ [Error], [Error] ]
  }
]
[2026-08-21T19:08:44.367Z] error: <httpProxy> Error calling http://localhost:8015/...
[2026-08-21T19:08:44.367Z] error: <httpProxy> [
  500,
  AggregateError: 
      at ignore-listed frames {
    code: 'ECONNREFUSED',
    [errors]: [ [Error], [Error] ]
  }
]
[2026-08-21T19:08:44.370Z] error: <httpProxy> Error calling http://localhost:3929/...
[2026-08-21T19:08:44.371Z] error: <httpProxy> [
  500,
  AggregateError: 
      at ignore-listed frames {
    code: 'ECONNREFUSED',
    [errors]: [ [Error], [Error] ]
  }
]
[2026-08-21T19:08:44.371Z] error: <httpProxy> Error calling http://localhost:3001/...
[2026-08-21T19:08:44.371Z] error: <httpProxy> [
  500,
  AggregateError: 
      at ignore-listed frames {
    code: 'ECONNREFUSED',
    [errors]: [ [Error], [Error] ]
  }
]
[2026-08-21T19:08:44.372Z] error: <httpProxy> Error calling http://localhost:8082/...
[2026-08-21T19:08:44.372Z] error: <httpProxy> [
  500,
  AggregateError: 
      at ignore-listed frames {
    code: 'ECONNREFUSED',
    [errors]: [ [Error], [Error] ]
  }
]
[2026-08-21T19:08:44.372Z] error: <httpProxy> Error calling http://localhost:8015/...
[2026-08-21T19:08:44.373Z] error: <httpProxy> [
  500,
  AggregateError: 
      at ignore-listed frames {
    code: 'ECONNREFUSED',
    [errors]: [ [Error], [Error] ]
  }
]
[2026-08-21T19:08:44.375Z] error: <httpProxy> Error calling http://localhost:3929/...
[2026-08-21T19:08:44.375Z] error: <httpProxy> [
  500,
  AggregateError: 
      at ignore-listed frames {
    code: 'ECONNREFUSED',
    [errors]: [ [Error], [Error] ]
  }
]
[2026-08-21T19:08:44.375Z] error: <httpProxy> Error calling http://localhost:3001/...
[2026-08-21T19:08:44.376Z] error: <httpProxy> [
  500,
  AggregateError: 
      at ignore-listed frames {
    code: 'ECONNREFUSED',
    [errors]: [ [Error], [Error] ]
  }
]
[2026-08-21T19:08:44.376Z] error: <httpProxy> Error calling http://localhost:8082/...
[2026-08-21T19:08:44.376Z] error: <httpProxy> [
  500,
  AggregateError: 
      at ignore-listed frames {
    code: 'ECONNREFUSED',
    [errors]: [ [Error], [Error] ]
  }
]
[2026-08-21T19:08:44.381Z] error: <httpProxy> Error calling http://localhost:8787/...
[2026-08-21T19:08:44.381Z] error: <httpProxy> [
  500,
  AggregateError: 
      at ignore-listed frames {
    code: 'ECONNREFUSED',
    [errors]: [ [Error], [Error] ]
  }
]
[2026-08-21T19:08:44.383Z] error: <httpProxy> Error calling http://localhost:8090/...
[2026-08-21T19:08:44.383Z] error: <httpProxy> [
  500,
  AggregateError: 
      at ignore-listed frames {
    code: 'ECONNREFUSED',
    [errors]: [ [Error], [Error] ]
  }
]
[2026-08-21T19:08:44.384Z] error: <httpProxy> Error calling http://localhost:8787/...
[2026-08-21T19:08:44.384Z] error: <httpProxy> [
  500,
  AggregateError: 
      at ignore-listed frames {
    code: 'ECONNREFUSED',
    [errors]: [ [Error], [Error] ]
  }
]
[2026-08-21T19:08:44.385Z] error: <httpProxy> Error calling http://localhost:8090/...
[2026-08-21T19:08:44.386Z] error: <httpProxy> [
  500,
  AggregateError: 
      at ignore-listed frames {
    code: 'ECONNREFUSED',
    [errors]: [ [Error], [Error] ]
  }
]
[2026-08-21T19:08:44.388Z] error: <httpProxy> Error calling http://localhost:8081/...
[2026-08-21T19:08:44.388Z] error: <httpProxy> [
  500,
  AggregateError: 
      at ignore-listed frames {
    code: 'ECONNREFUSED',
    [errors]: [ [Error], [Error] ]
  }
]
[2026-08-21T19:08:44.389Z] error: <httpProxy> Error calling http://localhost:8787/...
[2026-08-21T19:08:44.389Z] error: <httpProxy> [
  500,
  AggregateError: 
      at ignore-listed frames {
    code: 'ECONNREFUSED',
    [errors]: [ [Error], [Error] ]
  }
]
[2026-08-21T19:08:44.389Z] error: <httpProxy> Error calling http://localhost:8083/...
[2026-08-21T19:08:44.390Z] error: <httpProxy> [
  500,
  AggregateError: 
      at ignore-listed frames {
    code: 'ECONNREFUSED',
    [errors]: [ [Error], [Error] ]
  }
]
[2026-08-21T19:08:44.390Z] error: <httpProxy> Error calling http://localhost:8083/...
[2026-08-21T19:08:44.390Z] error: <httpProxy> [
  500,
  AggregateError: 
      at ignore-listed frames {
    code: 'ECONNREFUSED',
    [errors]: [ [Error], [Error] ]
  }
]
[2026-08-21T19:08:44.391Z] error: <httpProxy> Error calling http://localhost:8081/...
[2026-08-21T19:08:44.391Z] error: <httpProxy> [
  500,
  AggregateError: 
      at ignore-listed frames {
    code: 'ECONNREFUSED',
    [errors]: [ [Error], [Error] ]
  }
]
[2026-08-21T19:08:44.392Z] error: <httpProxy> Error calling http://localhost:8787/...
[2026-08-21T19:08:44.392Z] error: <httpProxy> [
  500,
  AggregateError: 
      at ignore-listed frames {
    code: 'ECONNREFUSED',
    [errors]: [ [Error], [Error] ]
  }
]
[2026-08-21T19:08:44.392Z] error: <httpProxy> Error calling http://localhost:8083/...
[2026-08-21T19:08:44.393Z] error: <httpProxy> [
  500,
  AggregateError: 
      at ignore-listed frames {
    code: 'ECONNREFUSED',
    [errors]: [ [Error], [Error] ]
  }
]
[2026-08-21T19:08:44.393Z] error: <httpProxy> Error calling http://localhost:8083/...
[2026-08-21T19:08:44.393Z] error: <httpProxy> [
  500,
  AggregateError: 
      at ignore-listed frames {
    code: 'ECONNREFUSED',
    [errors]: [ [Error], [Error] ]
  }
]
[2026-08-21T19:08:44.394Z] error: <httpProxy> Error calling http://localhost:8083/...
[2026-08-21T19:08:44.394Z] error: <httpProxy> [
  500,
  AggregateError: 
      at ignore-listed frames {
    code: 'ECONNREFUSED',
    [errors]: [ [Error], [Error] ]
  }
]
[2026-08-21T19:08:44.394Z] error: <httpProxy> Error calling http://localhost:8083/...
[2026-08-21T19:08:44.395Z] error: <httpProxy> [
  500,
  AggregateError: 
      at ignore-listed frames {
    code: 'ECONNREFUSED',
    [errors]: [ [Error], [Error] ]
  }
]
[2026-08-21T19:08:52.761Z] error: <httpProxy> Error calling http://localhost:8010/...
[2026-08-21T19:08:52.762Z] error: <httpProxy> [
  500,
  AggregateError: 
      at ignore-listed frames {
    code: 'ECONNREFUSED',
    [errors]: [ [Error], [Error] ]
  }
]
[2026-08-21T19:08:52.762Z] error: <httpProxy> Error calling http://localhost:9000/...
[2026-08-21T19:08:52.762Z] error: <httpProxy> [
  500,
  AggregateError: 
      at ignore-listed frames {
    code: 'ECONNREFUSED',
    [errors]: [ [Error], [Error] ]
  }
]
[2026-08-21T19:08:52.763Z] error: <httpProxy> Error calling http://localhost:2283/...
[2026-08-21T19:08:52.764Z] error: <httpProxy> [
  500,
  AggregateError: 
      at ignore-listed frames {
    code: 'ECONNREFUSED',
    [errors]: [ [Error], [Error] ]
  }
]
[2026-08-21T19:08:52.764Z] error: <httpProxy> Error calling http://localhost:5006/...
[2026-08-21T19:08:52.765Z] error: <httpProxy> [
  500,
  AggregateError: 
      at ignore-listed frames {
    code: 'ECONNREFUSED',
    [errors]: [ [Error], [Error] ]
  }
]
[2026-08-21T19:08:52.765Z] error: <httpProxy> Error calling http://localhost:8020/...
[2026-08-21T19:08:52.765Z] error: <httpProxy> [
  500,
  AggregateError: 
      at ignore-listed frames {
    code: 'ECONNREFUSED',
    [errors]: [ [Error], [Error] ]
  }
]
[2026-08-21T19:08:52.766Z] error: <httpProxy> Error calling http://localhost:8010/...
[2026-08-21T19:08:52.766Z] error: <httpProxy> [
  500,
  AggregateError: 
      at ignore-listed frames {
    code: 'ECONNREFUSED',
    [errors]: [ [Error], [Error] ]
  }
]
[2026-08-21T19:08:52.767Z] error: <httpProxy> Error calling http://localhost:9000/...
[2026-08-21T19:08:52.767Z] error: <httpProxy> [
  500,
  AggregateError: 
      at ignore-listed frames {
    code: 'ECONNREFUSED',
    [errors]: [ [Error], [Error] ]
  }
]
[2026-08-21T19:08:52.770Z] error: <httpProxy> Error calling http://localhost:2283/...
[2026-08-21T19:08:52.770Z] error: <httpProxy> [
  500,
  AggregateError: 
      at ignore-listed frames {
    code: 'ECONNREFUSED',
    [errors]: [ [Error], [Error] ]
  }
]
[2026-08-21T19:08:52.770Z] error: <httpProxy> Error calling http://localhost:5006/...
[2026-08-21T19:08:52.771Z] error: <httpProxy> [
  500,
  AggregateError: 
      at ignore-listed frames {
    code: 'ECONNREFUSED',
    [errors]: [ [Error], [Error] ]
  }
]
[2026-08-21T19:08:52.775Z] error: <httpProxy> Error calling http://localhost:8020/...
[2026-08-21T19:08:52.775Z] error: <httpProxy> [
  500,
  AggregateError: 
      at ignore-listed frames {
    code: 'ECONNREFUSED',
    [errors]: [ [Error], [Error] ]
  }
]
[2026-08-21T19:08:52.776Z] error: <httpProxy> Error calling http://localhost:8015/...
[2026-08-21T19:08:52.776Z] error: <httpProxy> [
  500,
  AggregateError: 
      at ignore-listed frames {
    code: 'ECONNREFUSED',
    [errors]: [ [Error], [Error] ]
  }
]
[2026-08-21T19:08:52.780Z] error: <httpProxy> Error calling http://localhost:8015/...
[2026-08-21T19:08:52.780Z] error: <httpProxy> [
  500,
  AggregateError: 
      at ignore-listed frames {
    code: 'ECONNREFUSED',
    [errors]: [ [Error], [Error] ]
  }
]
[2026-08-21T19:08:52.783Z] error: <httpProxy> Error calling http://localhost:3929/...
[2026-08-21T19:08:52.783Z] error: <httpProxy> [
  500,
  AggregateError: 
      at ignore-listed frames {
    code: 'ECONNREFUSED',
    [errors]: [ [Error], [Error] ]
  }
]
[2026-08-21T19:08:52.784Z] error: <httpProxy> Error calling http://localhost:3001/...
[2026-08-21T19:08:52.784Z] error: <httpProxy> [
  500,
  AggregateError: 
      at ignore-listed frames {
    code: 'ECONNREFUSED',
    [errors]: [ [Error], [Error] ]
  }
]
[2026-08-21T19:08:52.784Z] error: <httpProxy> Error calling http://localhost:8082/...
[2026-08-21T19:08:52.785Z] error: <httpProxy> [
  500,
  AggregateError: 
      at ignore-listed frames {
    code: 'ECONNREFUSED',
    [errors]: [ [Error], [Error] ]
  }
]
[2026-08-21T19:08:52.785Z] error: <httpProxy> Error calling http://localhost:8787/...
[2026-08-21T19:08:52.785Z] error: <httpProxy> [
  500,
  AggregateError: 
      at ignore-listed frames {
    code: 'ECONNREFUSED',
    [errors]: [ [Error], [Error] ]
  }
]
[2026-08-21T19:08:52.786Z] error: <httpProxy> Error calling http://localhost:8090/...
[2026-08-21T19:08:52.787Z] error: <httpProxy> [
  500,
  AggregateError: 
      at ignore-listed frames {
    code: 'ECONNREFUSED',
    [errors]: [ [Error], [Error] ]
  }
]
[2026-08-21T19:08:52.787Z] error: <httpProxy> Error calling http://localhost:3929/...
[2026-08-21T19:08:52.787Z] error: <httpProxy> [
  500,
  AggregateError: 
      at ignore-listed frames {
    code: 'ECONNREFUSED',
    [errors]: [ [Error], [Error] ]
  }
]
[2026-08-21T19:08:52.788Z] error: <httpProxy> Error calling http://localhost:3001/...
[2026-08-21T19:08:52.788Z] error: <httpProxy> [
  500,
  AggregateError: 
      at ignore-listed frames {
    code: 'ECONNREFUSED',
    [errors]: [ [Error], [Error] ]
  }
]
[2026-08-21T19:08:52.790Z] error: <httpProxy> Error calling http://localhost:8082/...
[2026-08-21T19:08:52.790Z] error: <httpProxy> [
  500,
  AggregateError: 
      at ignore-listed frames {
    code: 'ECONNREFUSED',
    [errors]: [ [Error], [Error] ]
  }
]
[2026-08-21T19:08:52.790Z] error: <httpProxy> Error calling http://localhost:8787/...
[2026-08-21T19:08:52.791Z] error: <httpProxy> [
  500,
  AggregateError: 
      at ignore-listed frames {
    code: 'ECONNREFUSED',
    [errors]: [ [Error], [Error] ]
  }
]
[2026-08-21T19:08:52.795Z] error: <httpProxy> Error calling http://localhost:8090/...
[2026-08-21T19:08:52.796Z] error: <httpProxy> [
  500,
  AggregateError: 
      at ignore-listed frames {
    code: 'ECONNREFUSED',
    [errors]: [ [Error], [Error] ]
  }
]
[2026-08-21T19:08:52.796Z] error: <httpProxy> Error calling http://localhost:8081/...
[2026-08-21T19:08:52.796Z] error: <httpProxy> [
  500,
  AggregateError: 
      at ignore-listed frames {
    code: 'ECONNREFUSED',
    [errors]: [ [Error], [Error] ]
  }
]
[2026-08-21T19:08:52.800Z] error: <httpProxy> Error calling http://localhost:8081/...
[2026-08-21T19:08:52.801Z] error: <httpProxy> [
  500,
  AggregateError: 
      at ignore-listed frames {
    code: 'ECONNREFUSED',
    [errors]: [ [Error], [Error] ]
  }
]
[2026-08-21T19:08:52.801Z] error: <httpProxy> Error calling http://localhost:8787/...
[2026-08-21T19:08:52.801Z] error: <httpProxy> [
  500,
  AggregateError: 
      at ignore-listed frames {
    code: 'ECONNREFUSED',
    [errors]: [ [Error], [Error] ]
  }
]
[2026-08-21T19:08:52.802Z] error: <httpProxy> Error calling http://localhost:8083/...
[2026-08-21T19:08:52.802Z] error: <httpProxy> [
  500,
  AggregateError: 
      at ignore-listed frames {
    code: 'ECONNREFUSED',
    [errors]: [ [Error], [Error] ]
  }
]
[2026-08-21T19:08:52.802Z] error: <httpProxy> Error calling http://localhost:8083/...
[2026-08-21T19:08:52.803Z] error: <httpProxy> [
  500,
  AggregateError: 
      at ignore-listed frames {
    code: 'ECONNREFUSED',
    [errors]: [ [Error], [Error] ]
  }
]
[2026-08-21T19:08:52.803Z] error: <httpProxy> Error calling http://localhost:8083/...
[2026-08-21T19:08:52.803Z] error: <httpProxy> [
  500,
  AggregateError: 
      at ignore-listed frames {
    code: 'ECONNREFUSED',
    [errors]: [ [Error], [Error] ]
  }
]
[2026-08-21T19:08:52.804Z] error: <httpProxy> Error calling http://localhost:8787/...
[2026-08-21T19:08:52.804Z] error: <httpProxy> [
  500,
  AggregateError: 
      at ignore-listed frames {
    code: 'ECONNREFUSED',
    [errors]: [ [Error], [Error] ]
  }
]
[2026-08-21T19:08:52.804Z] error: <httpProxy> Error calling http://localhost:8083/...
[2026-08-21T19:08:52.805Z] error: <httpProxy> [
  500,
  AggregateError: 
      at ignore-listed frames {
    code: 'ECONNREFUSED',
    [errors]: [ [Error], [Error] ]
  }
]
[2026-08-21T19:08:52.805Z] error: <httpProxy> Error calling http://localhost:8083/...
[2026-08-21T19:08:52.805Z] error: <httpProxy> [
  500,
  AggregateError: 
      at ignore-listed frames {
    code: 'ECONNREFUSED',
    [errors]: [ [Error], [Error] ]
  }
]
[2026-08-21T19:08:52.806Z] error: <httpProxy> Error calling http://localhost:8083/...
[2026-08-21T19:08:52.806Z] error: <httpProxy> [
  500,
  AggregateError: 
      at ignore-listed frames {
    code: 'ECONNREFUSED',
    [errors]: [ [Error], [Error] ]
  }
]
[2026-08-21T19:09:00.006Z] error: <httpProxy> Error calling http://localhost:8010/...
[2026-08-21T19:09:00.006Z] error: <httpProxy> [
  500,
  AggregateError: 
      at ignore-listed frames {
    code: 'ECONNREFUSED',
    [errors]: [ [Error], [Error] ]
  }
]
[2026-08-21T19:09:00.007Z] error: <httpProxy> Error calling http://localhost:2283/...
[2026-08-21T19:09:00.007Z] error: <httpProxy> [
  500,
  AggregateError: 
      at ignore-listed frames {
    code: 'ECONNREFUSED',
    [errors]: [ [Error], [Error] ]
  }
]
[2026-08-21T19:09:00.008Z] error: <httpProxy> Error calling http://localhost:9000/...
[2026-08-21T19:09:00.009Z] error: <httpProxy> [
  500,
  AggregateError: 
      at ignore-listed frames {
    code: 'ECONNREFUSED',
    [errors]: [ [Error], [Error] ]
  }
]
[2026-08-21T19:09:00.010Z] error: <httpProxy> Error calling http://localhost:5006/...
[2026-08-21T19:09:00.010Z] error: <httpProxy> [
  500,
  AggregateError: 
      at ignore-listed frames {
    code: 'ECONNREFUSED',
    [errors]: [ [Error], [Error] ]
  }
]
[2026-08-21T19:09:00.011Z] error: <httpProxy> Error calling http://localhost:8010/...
[2026-08-21T19:09:00.012Z] error: <httpProxy> [
  500,
  AggregateError: 
      at ignore-listed frames {
    code: 'ECONNREFUSED',
    [errors]: [ [Error], [Error] ]
  }
]
[2026-08-21T19:09:00.012Z] error: <httpProxy> Error calling http://localhost:2283/...
[2026-08-21T19:09:00.012Z] error: <httpProxy> [
  500,
  AggregateError: 
      at ignore-listed frames {
    code: 'ECONNREFUSED',
    [errors]: [ [Error], [Error] ]
  }
]
[2026-08-21T19:09:00.018Z] error: <httpProxy> Error calling http://localhost:9000/...
[2026-08-21T19:09:00.018Z] error: <httpProxy> [
  500,
  AggregateError: 
      at ignore-listed frames {
    code: 'ECONNREFUSED',
    [errors]: [ [Error], [Error] ]
  }
]
[2026-08-21T19:09:00.021Z] error: <httpProxy> Error calling http://localhost:5006/...
[2026-08-21T19:09:00.022Z] error: <httpProxy> [
  500,
  AggregateError: 
      at ignore-listed frames {
    code: 'ECONNREFUSED',
    [errors]: [ [Error], [Error] ]
  }
]
[2026-08-21T19:09:00.024Z] error: <httpProxy> Error calling http://localhost:8020/...
[2026-08-21T19:09:00.024Z] error: <httpProxy> [
  500,
  AggregateError: 
      at ignore-listed frames {
    code: 'ECONNREFUSED',
    [errors]: [ [Error], [Error] ]
  }
]
[2026-08-21T19:09:00.025Z] error: <httpProxy> Error calling http://localhost:8015/...
[2026-08-21T19:09:00.025Z] error: <httpProxy> [
  500,
  AggregateError: 
      at ignore-listed frames {
    code: 'ECONNREFUSED',
    [errors]: [ [Error], [Error] ]
  }
]
[2026-08-21T19:09:00.027Z] error: <httpProxy> Error calling http://localhost:8020/...
[2026-08-21T19:09:00.028Z] error: <httpProxy> [
  500,
  AggregateError: 
      at ignore-listed frames {
    code: 'ECONNREFUSED',
    [errors]: [ [Error], [Error] ]
  }
]
[2026-08-21T19:09:00.029Z] error: <httpProxy> Error calling http://localhost:8015/...
[2026-08-21T19:09:00.029Z] error: <httpProxy> [
  500,
  AggregateError: 
      at ignore-listed frames {
    code: 'ECONNREFUSED',
    [errors]: [ [Error], [Error] ]
  }
]
[2026-08-21T19:09:00.031Z] error: <httpProxy> Error calling http://localhost:3929/...
[2026-08-21T19:09:00.032Z] error: <httpProxy> [
  500,
  AggregateError: 
      at ignore-listed frames {
    code: 'ECONNREFUSED',
    [errors]: [ [Error], [Error] ]
  }
]
[2026-08-21T19:09:00.032Z] error: <httpProxy> Error calling http://localhost:3001/...
[2026-08-21T19:09:00.032Z] error: <httpProxy> [
  500,
  AggregateError: 
      at ignore-listed frames {
    code: 'ECONNREFUSED',
    [errors]: [ [Error], [Error] ]
  }
]
[2026-08-21T19:09:00.035Z] error: <httpProxy> Error calling http://localhost:8082/...
[2026-08-21T19:09:00.035Z] error: <httpProxy> [
  500,
  AggregateError: 
      at ignore-listed frames {
    code: 'ECONNREFUSED',
    [errors]: [ [Error], [Error] ]
  }
]
[2026-08-21T19:09:00.036Z] error: <httpProxy> Error calling http://localhost:8787/...
[2026-08-21T19:09:00.036Z] error: <httpProxy> [
  500,
  AggregateError: 
      at ignore-listed frames {
    code: 'ECONNREFUSED',
    [errors]: [ [Error], [Error] ]
  }
]
[2026-08-21T19:09:00.037Z] error: <httpProxy> Error calling http://localhost:3929/...
[2026-08-21T19:09:00.037Z] error: <httpProxy> [
  500,
  AggregateError: 
      at ignore-listed frames {
    code: 'ECONNREFUSED',
    [errors]: [ [Error], [Error] ]
  }
]
[2026-08-21T19:09:00.038Z] error: <httpProxy> Error calling http://localhost:3001/...
[2026-08-21T19:09:00.038Z] error: <httpProxy> [
  500,
  AggregateError: 
      at ignore-listed frames {
    code: 'ECONNREFUSED',
    [errors]: [ [Error], [Error] ]
  }
]
[2026-08-21T19:09:00.042Z] error: <httpProxy> Error calling http://localhost:8082/...
[2026-08-21T19:09:00.042Z] error: <httpProxy> [
  500,
  AggregateError: 
      at ignore-listed frames {
    code: 'ECONNREFUSED',
    [errors]: [ [Error], [Error] ]
  }
]
[2026-08-21T19:09:00.044Z] error: <httpProxy> Error calling http://localhost:8787/...
[2026-08-21T19:09:00.044Z] error: <httpProxy> [
  500,
  AggregateError: 
      at ignore-listed frames {
    code: 'ECONNREFUSED',
    [errors]: [ [Error], [Error] ]
  }
]
[2026-08-21T19:09:00.047Z] error: <httpProxy> Error calling http://localhost:8090/...
[2026-08-21T19:09:00.047Z] error: <httpProxy> [
  500,
  AggregateError: 
      at ignore-listed frames {
    code: 'ECONNREFUSED',
    [errors]: [ [Error], [Error] ]
  }
]
[2026-08-21T19:09:00.048Z] error: <httpProxy> Error calling http://localhost:8081/...
[2026-08-21T19:09:00.049Z] error: <httpProxy> [
  500,
  AggregateError: 
      at ignore-listed frames {
    code: 'ECONNREFUSED',
    [errors]: [ [Error], [Error] ]
  }
]
[2026-08-21T19:09:00.050Z] error: <httpProxy> Error calling http://localhost:8090/...
[2026-08-21T19:09:00.050Z] error: <httpProxy> [
  500,
  AggregateError: 
      at ignore-listed frames {
    code: 'ECONNREFUSED',
    [errors]: [ [Error], [Error] ]
  }
]
[2026-08-21T19:09:00.051Z] error: <httpProxy> Error calling http://localhost:8787/...
[2026-08-21T19:09:00.051Z] error: <httpProxy> [
  500,
  AggregateError: 
      at ignore-listed frames {
    code: 'ECONNREFUSED',
    [errors]: [ [Error], [Error] ]
  }
]
[2026-08-21T19:09:00.052Z] error: <httpProxy> Error calling http://localhost:8083/...
[2026-08-21T19:09:00.052Z] error: <httpProxy> [
  500,
  AggregateError: 
      at ignore-listed frames {
    code: 'ECONNREFUSED',
    [errors]: [ [Error], [Error] ]
  }
]
[2026-08-21T19:09:00.052Z] error: <httpProxy> Error calling http://localhost:8081/...
[2026-08-21T19:09:00.053Z] error: <httpProxy> [
  500,
  AggregateError: 
      at ignore-listed frames {
    code: 'ECONNREFUSED',
    [errors]: [ [Error], [Error] ]
  }
]
[2026-08-21T19:09:00.055Z] error: <httpProxy> Error calling http://localhost:8083/...
[2026-08-21T19:09:00.056Z] error: <httpProxy> [
  500,
  AggregateError: 
      at ignore-listed frames {
    code: 'ECONNREFUSED',
    [errors]: [ [Error], [Error] ]
  }
]
[2026-08-21T19:09:00.056Z] error: <httpProxy> Error calling http://localhost:8083/...
[2026-08-21T19:09:00.057Z] error: <httpProxy> [
  500,
  AggregateError: 
      at ignore-listed frames {
    code: 'ECONNREFUSED',
    [errors]: [ [Error], [Error] ]
  }
]
[2026-08-21T19:09:00.057Z] error: <httpProxy> Error calling http://localhost:8787/...
[2026-08-21T19:09:00.057Z] error: <httpProxy> [
  500,
  AggregateError: 
      at ignore-listed frames {
    code: 'ECONNREFUSED',
    [errors]: [ [Error], [Error] ]
  }
]
[2026-08-21T19:09:00.057Z] error: <httpProxy> Error calling http://localhost:8083/...
[2026-08-21T19:09:00.058Z] error: <httpProxy> [
  500,
  AggregateError: 
      at ignore-listed frames {
    code: 'ECONNREFUSED',
    [errors]: [ [Error], [Error] ]
  }
]
[2026-08-21T19:09:00.059Z] error: <httpProxy> Error calling http://localhost:8083/...
[2026-08-21T19:09:00.059Z] error: <httpProxy> [
  500,
  AggregateError: 
      at ignore-listed frames {
    code: 'ECONNREFUSED',
    [errors]: [ [Error], [Error] ]
  }
]
[2026-08-21T19:09:00.060Z] error: <httpProxy> Error calling http://localhost:8083/...
[2026-08-21T19:09:00.060Z] error: <httpProxy> [
  500,
  AggregateError: 
      at ignore-listed frames {
    code: 'ECONNREFUSED',
    [errors]: [ [Error], [Error] ]
  }
]
[2026-08-21T19:09:08.338Z] error: <httpProxy> Error calling http://localhost:8010/...
[2026-08-21T19:09:08.339Z] error: <httpProxy> [
  500,
  AggregateError: 
      at ignore-listed frames {
    code: 'ECONNREFUSED',
    [errors]: [ [Error], [Error] ]
  }
]
[2026-08-21T19:09:08.342Z] error: <httpProxy> Error calling http://localhost:8010/...
[2026-08-21T19:09:08.343Z] error: <httpProxy> [
  500,
  AggregateError: 
      at ignore-listed frames {
    code: 'ECONNREFUSED',
    [errors]: [ [Error], [Error] ]
  }
]
[2026-08-21T19:09:08.345Z] error: <httpProxy> Error calling http://localhost:2283/...
[2026-08-21T19:09:08.346Z] error: <httpProxy> [
  500,
  AggregateError: 
      at ignore-listed frames {
    code: 'ECONNREFUSED',
    [errors]: [ [Error], [Error] ]
  }
]
[2026-08-21T19:09:08.346Z] error: <httpProxy> Error calling http://localhost:9000/...
[2026-08-21T19:09:08.346Z] error: <httpProxy> [
  500,
  AggregateError: 
      at ignore-listed frames {
    code: 'ECONNREFUSED',
    [errors]: [ [Error], [Error] ]
  }
]
[2026-08-21T19:09:08.347Z] error: <httpProxy> Error calling http://localhost:5006/...
[2026-08-21T19:09:08.347Z] error: <httpProxy> [
  500,
  AggregateError: 
      at ignore-listed frames {
    code: 'ECONNREFUSED',
    [errors]: [ [Error], [Error] ]
  }
]
[2026-08-21T19:09:08.348Z] error: <httpProxy> Error calling http://localhost:8020/...
[2026-08-21T19:09:08.349Z] error: <httpProxy> [
  500,
  AggregateError: 
      at ignore-listed frames {
    code: 'ECONNREFUSED',
    [errors]: [ [Error], [Error] ]
  }
]
[2026-08-21T19:09:08.349Z] error: <httpProxy> Error calling http://localhost:2283/...
[2026-08-21T19:09:08.350Z] error: <httpProxy> [
  500,
  AggregateError: 
      at ignore-listed frames {
    code: 'ECONNREFUSED',
    [errors]: [ [Error], [Error] ]
  }
]
[2026-08-21T19:09:08.350Z] error: <httpProxy> Error calling http://localhost:9000/...
[2026-08-21T19:09:08.350Z] error: <httpProxy> [
  500,
  AggregateError: 
      at ignore-listed frames {
    code: 'ECONNREFUSED',
    [errors]: [ [Error], [Error] ]
  }
]
[2026-08-21T19:09:08.350Z] error: <httpProxy> Error calling http://localhost:5006/...
[2026-08-21T19:09:08.351Z] error: <httpProxy> [
  500,
  AggregateError: 
      at ignore-listed frames {
    code: 'ECONNREFUSED',
    [errors]: [ [Error], [Error] ]
  }
]
[2026-08-21T19:09:08.356Z] error: <httpProxy> Error calling http://localhost:8015/...
[2026-08-21T19:09:08.357Z] error: <httpProxy> [
  500,
  AggregateError: 
      at ignore-listed frames {
    code: 'ECONNREFUSED',
    [errors]: [ [Error], [Error] ]
  }
]
[2026-08-21T19:09:08.357Z] error: <httpProxy> Error calling http://localhost:8020/...
[2026-08-21T19:09:08.357Z] error: <httpProxy> [
  500,
  AggregateError: 
      at ignore-listed frames {
    code: 'ECONNREFUSED',
    [errors]: [ [Error], [Error] ]
  }
]
[2026-08-21T19:09:08.359Z] error: <httpProxy> Error calling http://localhost:3929/...
[2026-08-21T19:09:08.360Z] error: <httpProxy> [
  500,
  AggregateError: 
      at ignore-listed frames {
    code: 'ECONNREFUSED',
    [errors]: [ [Error], [Error] ]
  }
]
[2026-08-21T19:09:08.361Z] error: <httpProxy> Error calling http://localhost:8015/...
[2026-08-21T19:09:08.362Z] error: <httpProxy> [
  500,
  AggregateError: 
      at ignore-listed frames {
    code: 'ECONNREFUSED',
    [errors]: [ [Error], [Error] ]
  }
]
[2026-08-21T19:09:08.362Z] error: <httpProxy> Error calling http://localhost:3929/...
[2026-08-21T19:09:08.362Z] error: <httpProxy> [
  500,
  AggregateError: 
      at ignore-listed frames {
    code: 'ECONNREFUSED',
    [errors]: [ [Error], [Error] ]
  }
]
[2026-08-21T19:09:08.366Z] error: <httpProxy> Error calling http://localhost:3001/...
[2026-08-21T19:09:08.366Z] error: <httpProxy> [
  500,
  AggregateError: 
      at ignore-listed frames {
    code: 'ECONNREFUSED',
    [errors]: [ [Error], [Error] ]
  }
]
[2026-08-21T19:09:08.366Z] error: <httpProxy> Error calling http://localhost:8082/...
[2026-08-21T19:09:08.366Z] error: <httpProxy> [
  500,
  AggregateError: 
      at ignore-listed frames {
    code: 'ECONNREFUSED',
    [errors]: [ [Error], [Error] ]
  }
]
[2026-08-21T19:09:08.367Z] error: <httpProxy> Error calling http://localhost:8787/...
[2026-08-21T19:09:08.367Z] error: <httpProxy> [
  500,
  AggregateError: 
      at ignore-listed frames {
    code: 'ECONNREFUSED',
    [errors]: [ [Error], [Error] ]
  }
]
[2026-08-21T19:09:08.368Z] error: <httpProxy> Error calling http://localhost:8090/...
[2026-08-21T19:09:08.368Z] error: <httpProxy> [
  500,
  AggregateError: 
      at ignore-listed frames {
    code: 'ECONNREFUSED',
    [errors]: [ [Error], [Error] ]
  }
]
[2026-08-21T19:09:08.369Z] error: <httpProxy> Error calling http://localhost:3001/...
[2026-08-21T19:09:08.369Z] error: <httpProxy> [
  500,
  AggregateError: 
      at ignore-listed frames {
    code: 'ECONNREFUSED',
    [errors]: [ [Error], [Error] ]
  }
]
[2026-08-21T19:09:08.369Z] error: <httpProxy> Error calling http://localhost:8082/...
[2026-08-21T19:09:08.370Z] error: <httpProxy> [
  500,
  AggregateError: 
      at ignore-listed frames {
    code: 'ECONNREFUSED',
    [errors]: [ [Error], [Error] ]
  }
]
[2026-08-21T19:09:08.370Z] error: <httpProxy> Error calling http://localhost:8787/...
[2026-08-21T19:09:08.370Z] error: <httpProxy> [
  500,
  AggregateError: 
      at ignore-listed frames {
    code: 'ECONNREFUSED',
    [errors]: [ [Error], [Error] ]
  }
]
[2026-08-21T19:09:08.374Z] error: <httpProxy> Error calling http://localhost:8090/...
[2026-08-21T19:09:08.375Z] error: <httpProxy> [
  500,
  AggregateError: 
      at ignore-listed frames {
    code: 'ECONNREFUSED',
    [errors]: [ [Error], [Error] ]
  }
]
[2026-08-21T19:09:08.375Z] error: <httpProxy> Error calling http://localhost:8081/...
[2026-08-21T19:09:08.376Z] error: <httpProxy> [
  500,
  AggregateError: 
      at ignore-listed frames {
    code: 'ECONNREFUSED',
    [errors]: [ [Error], [Error] ]
  }
]
[2026-08-21T19:09:08.376Z] error: <httpProxy> Error calling http://localhost:8787/...
[2026-08-21T19:09:08.376Z] error: <httpProxy> [
  500,
  AggregateError: 
      at ignore-listed frames {
    code: 'ECONNREFUSED',
    [errors]: [ [Error], [Error] ]
  }
]
[2026-08-21T19:09:08.378Z] error: <httpProxy> Error calling http://localhost:8081/...
[2026-08-21T19:09:08.378Z] error: <httpProxy> [
  500,
  AggregateError: 
      at ignore-listed frames {
    code: 'ECONNREFUSED',
    [errors]: [ [Error], [Error] ]
  }
]
[2026-08-21T19:09:08.379Z] error: <httpProxy> Error calling http://localhost:8787/...
[2026-08-21T19:09:08.379Z] error: <httpProxy> [
  500,
  AggregateError: 
      at ignore-listed frames {
    code: 'ECONNREFUSED',
    [errors]: [ [Error], [Error] ]
  }
]
[2026-08-21T19:09:08.379Z] error: <httpProxy> Error calling http://localhost:8083/...
[2026-08-21T19:09:08.380Z] error: <httpProxy> [
  500,
  AggregateError: 
      at ignore-listed frames {
    code: 'ECONNREFUSED',
    [errors]: [ [Error], [Error] ]
  }
]
[2026-08-21T19:09:08.380Z] error: <httpProxy> Error calling http://localhost:8083/...
[2026-08-21T19:09:08.380Z] error: <httpProxy> [
  500,
  AggregateError: 
      at ignore-listed frames {
    code: 'ECONNREFUSED',
    [errors]: [ [Error], [Error] ]
  }
]
[2026-08-21T19:09:08.380Z] error: <httpProxy> Error calling http://localhost:8083/...
[2026-08-21T19:09:08.381Z] error: <httpProxy> [
  500,
  AggregateError: 
      at ignore-listed frames {
    code: 'ECONNREFUSED',
    [errors]: [ [Error], [Error] ]
  }
]
[2026-08-21T19:09:08.381Z] error: <httpProxy> Error calling http://localhost:8083/...
[2026-08-21T19:09:08.382Z] error: <httpProxy> [
  500,
  AggregateError: 
      at ignore-listed frames {
    code: 'ECONNREFUSED',
    [errors]: [ [Error], [Error] ]
  }
]
[2026-08-21T19:09:08.382Z] error: <httpProxy> Error calling http://localhost:8083/...
[2026-08-21T19:09:08.382Z] error: <httpProxy> [
  500,
  AggregateError: 
      at ignore-listed frames {
    code: 'ECONNREFUSED',
    [errors]: [ [Error], [Error] ]
  }
]
[2026-08-21T19:09:08.382Z] error: <httpProxy> Error calling http://localhost:8083/...
[2026-08-21T19:09:08.383Z] error: <httpProxy> [
  500,
  AggregateError: 
      at ignore-listed frames {
    code: 'ECONNREFUSED',
    [errors]: [ [Error], [Error] ]
  }
]
[2026-08-21T19:10:02.868Z] error: <httpProxy> Error calling http://localhost:8010/...
[2026-08-21T19:10:02.869Z] error: <httpProxy> [
  500,
  AggregateError: 
      at ignore-listed frames {
    code: 'ECONNREFUSED',
    [errors]: [ [Error], [Error] ]
  }
]
[2026-08-21T19:10:02.870Z] error: <httpProxy> Error calling http://localhost:5006/...
[2026-08-21T19:10:02.871Z] error: <httpProxy> [
  500,
  AggregateError: 
      at ignore-listed frames {
    code: 'ECONNREFUSED',
    [errors]: [ [Error], [Error] ]
  }
]
[2026-08-21T19:10:02.871Z] error: <httpProxy> Error calling http://localhost:9000/...
[2026-08-21T19:10:02.871Z] error: <httpProxy> [
  500,
  AggregateError: 
      at ignore-listed frames {
    code: 'ECONNREFUSED',
    [errors]: [ [Error], [Error] ]
  }
]
[2026-08-21T19:10:02.872Z] error: <httpProxy> Error calling http://localhost:2283/...
[2026-08-21T19:10:02.872Z] error: <httpProxy> [
  500,
  AggregateError: 
      at ignore-listed frames {
    code: 'ECONNREFUSED',
    [errors]: [ [Error], [Error] ]
  }
]
[2026-08-21T19:10:02.873Z] error: <httpProxy> Error calling http://localhost:8010/...
[2026-08-21T19:10:02.873Z] error: <httpProxy> [
  500,
  AggregateError: 
      at ignore-listed frames {
    code: 'ECONNREFUSED',
    [errors]: [ [Error], [Error] ]
  }
]
[2026-08-21T19:10:02.874Z] error: <httpProxy> Error calling http://localhost:5006/...
[2026-08-21T19:10:02.874Z] error: <httpProxy> [
  500,
  AggregateError: 
      at ignore-listed frames {
    code: 'ECONNREFUSED',
    [errors]: [ [Error], [Error] ]
  }
]
[2026-08-21T19:10:02.874Z] error: <httpProxy> Error calling http://localhost:9000/...
[2026-08-21T19:10:02.875Z] error: <httpProxy> [
  500,
  AggregateError: 
      at ignore-listed frames {
    code: 'ECONNREFUSED',
    [errors]: [ [Error], [Error] ]
  }
]
[2026-08-21T19:10:02.875Z] error: <httpProxy> Error calling http://localhost:2283/...
[2026-08-21T19:10:02.875Z] error: <httpProxy> [
  500,
  AggregateError: 
      at ignore-listed frames {
    code: 'ECONNREFUSED',
    [errors]: [ [Error], [Error] ]
  }
]
[2026-08-21T19:10:02.882Z] error: <httpProxy> Error calling http://localhost:8020/...
[2026-08-21T19:10:02.882Z] error: <httpProxy> [
  500,
  AggregateError: 
      at ignore-listed frames {
    code: 'ECONNREFUSED',
    [errors]: [ [Error], [Error] ]
  }
]
[2026-08-21T19:10:02.883Z] error: <httpProxy> Error calling http://localhost:8015/...
[2026-08-21T19:10:02.883Z] error: <httpProxy> [
  500,
  AggregateError: 
      at ignore-listed frames {
    code: 'ECONNREFUSED',
    [errors]: [ [Error], [Error] ]
  }
]
[2026-08-21T19:10:02.885Z] error: <httpProxy> Error calling http://localhost:8020/...
[2026-08-21T19:10:02.885Z] error: <httpProxy> [
  500,
  AggregateError: 
      at ignore-listed frames {
    code: 'ECONNREFUSED',
    [errors]: [ [Error], [Error] ]
  }
]
[2026-08-21T19:10:02.886Z] error: <httpProxy> Error calling http://localhost:8015/...
[2026-08-21T19:10:02.886Z] error: <httpProxy> [
  500,
  AggregateError: 
      at ignore-listed frames {
    code: 'ECONNREFUSED',
    [errors]: [ [Error], [Error] ]
  }
]
[2026-08-21T19:10:02.888Z] error: <httpProxy> Error calling http://localhost:3929/...
[2026-08-21T19:10:02.888Z] error: <httpProxy> [
  500,
  AggregateError: 
      at ignore-listed frames {
    code: 'ECONNREFUSED',
    [errors]: [ [Error], [Error] ]
  }
]
[2026-08-21T19:10:02.888Z] error: <httpProxy> Error calling http://localhost:3001/...
[2026-08-21T19:10:02.889Z] error: <httpProxy> [
  500,
  AggregateError: 
      at ignore-listed frames {
    code: 'ECONNREFUSED',
    [errors]: [ [Error], [Error] ]
  }
]
[2026-08-21T19:10:02.889Z] error: <httpProxy> Error calling http://localhost:8082/...
[2026-08-21T19:10:02.889Z] error: <httpProxy> [
  500,
  AggregateError: 
      at ignore-listed frames {
    code: 'ECONNREFUSED',
    [errors]: [ [Error], [Error] ]
  }
]
[2026-08-21T19:10:02.891Z] error: <httpProxy> Error calling http://localhost:8787/...
[2026-08-21T19:10:02.891Z] error: <httpProxy> [
  500,
  AggregateError: 
      at ignore-listed frames {
    code: 'ECONNREFUSED',
    [errors]: [ [Error], [Error] ]
  }
]
[2026-08-21T19:10:02.892Z] error: <httpProxy> Error calling http://localhost:3929/...
[2026-08-21T19:10:02.892Z] error: <httpProxy> [
  500,
  AggregateError: 
      at ignore-listed frames {
    code: 'ECONNREFUSED',
    [errors]: [ [Error], [Error] ]
  }
]
[2026-08-21T19:10:02.893Z] error: <httpProxy> Error calling http://localhost:3001/...
[2026-08-21T19:10:02.893Z] error: <httpProxy> [
  500,
  AggregateError: 
      at ignore-listed frames {
    code: 'ECONNREFUSED',
    [errors]: [ [Error], [Error] ]
  }
]
[2026-08-21T19:10:02.895Z] error: <httpProxy> Error calling http://localhost:8082/...
[2026-08-21T19:10:02.896Z] error: <httpProxy> [
  500,
  AggregateError: 
      at ignore-listed frames {
    code: 'ECONNREFUSED',
    [errors]: [ [Error], [Error] ]
  }
]
[2026-08-21T19:10:02.896Z] error: <httpProxy> Error calling http://localhost:8787/...
[2026-08-21T19:10:02.896Z] error: <httpProxy> [
  500,
  AggregateError: 
      at ignore-listed frames {
    code: 'ECONNREFUSED',
    [errors]: [ [Error], [Error] ]
  }
]
[2026-08-21T19:10:02.900Z] error: <httpProxy> Error calling http://localhost:8090/...
[2026-08-21T19:10:02.901Z] error: <httpProxy> [
  500,
  AggregateError: 
      at ignore-listed frames {
    code: 'ECONNREFUSED',
    [errors]: [ [Error], [Error] ]
  }
]
[2026-08-21T19:10:02.902Z] error: <httpProxy> Error calling http://localhost:8081/...
[2026-08-21T19:10:02.902Z] error: <httpProxy> [
  500,
  AggregateError: 
      at ignore-listed frames {
    code: 'ECONNREFUSED',
    [errors]: [ [Error], [Error] ]
  }
]
[2026-08-21T19:10:02.904Z] error: <httpProxy> Error calling http://localhost:8090/...
[2026-08-21T19:10:02.904Z] error: <httpProxy> [
  500,
  AggregateError: 
      at ignore-listed frames {
    code: 'ECONNREFUSED',
    [errors]: [ [Error], [Error] ]
  }
]
[2026-08-21T19:10:02.905Z] error: <httpProxy> Error calling http://localhost:8787/...
[2026-08-21T19:10:02.905Z] error: <httpProxy> [
  500,
  AggregateError: 
      at ignore-listed frames {
    code: 'ECONNREFUSED',
    [errors]: [ [Error], [Error] ]
  }
]
[2026-08-21T19:10:02.905Z] error: <httpProxy> Error calling http://localhost:8083/...
[2026-08-21T19:10:02.906Z] error: <httpProxy> [
  500,
  AggregateError: 
      at ignore-listed frames {
    code: 'ECONNREFUSED',
    [errors]: [ [Error], [Error] ]
  }
]
[2026-08-21T19:10:02.906Z] error: <httpProxy> Error calling http://localhost:8081/...
[2026-08-21T19:10:02.906Z] error: <httpProxy> [
  500,
  AggregateError: 
      at ignore-listed frames {
    code: 'ECONNREFUSED',
    [errors]: [ [Error], [Error] ]
  }
]
[2026-08-21T19:10:02.909Z] error: <httpProxy> Error calling http://localhost:8083/...
[2026-08-21T19:10:02.909Z] error: <httpProxy> [
  500,
  AggregateError: 
      at ignore-listed frames {
    code: 'ECONNREFUSED',
    [errors]: [ [Error], [Error] ]
  }
]
[2026-08-21T19:10:02.910Z] error: <httpProxy> Error calling http://localhost:8083/...
[2026-08-21T19:10:02.910Z] error: <httpProxy> [
  500,
  AggregateError: 
      at ignore-listed frames {
    code: 'ECONNREFUSED',
    [errors]: [ [Error], [Error] ]
  }
]
[2026-08-21T19:10:02.911Z] error: <httpProxy> Error calling http://localhost:8787/...
[2026-08-21T19:10:02.911Z] error: <httpProxy> [
  500,
  AggregateError: 
      at ignore-listed frames {
    code: 'ECONNREFUSED',
    [errors]: [ [Error], [Error] ]
  }
]
[2026-08-21T19:10:02.911Z] error: <httpProxy> Error calling http://localhost:8083/...
[2026-08-21T19:10:02.911Z] error: <httpProxy> [
  500,
  AggregateError: 
      at ignore-listed frames {
    code: 'ECONNREFUSED',
    [errors]: [ [Error], [Error] ]
  }
]
[2026-08-21T19:10:02.912Z] error: <httpProxy> Error calling http://localhost:8083/...
[2026-08-21T19:10:02.912Z] error: <httpProxy> [
  500,
  AggregateError: 
      at ignore-listed frames {
    code: 'ECONNREFUSED',
    [errors]: [ [Error], [Error] ]
  }
]
[2026-08-21T19:10:02.912Z] error: <httpProxy> Error calling http://localhost:8083/...
[2026-08-21T19:10:02.913Z] error: <httpProxy> [
  500,
  AggregateError: 
      at ignore-listed frames {
    code: 'ECONNREFUSED',
    [errors]: [ [Error], [Error] ]
  }
]
[2026-08-21T19:10:08.351Z] error: <httpProxy> Error calling http://localhost:2283/...
[2026-08-21T19:10:08.351Z] error: <httpProxy> [
  500,
  AggregateError: 
      at ignore-listed frames {
    code: 'ECONNREFUSED',
    [errors]: [ [Error], [Error] ]
  }
]
[2026-08-21T19:10:08.352Z] error: <httpProxy> Error calling http://localhost:5006/...
[2026-08-21T19:10:08.353Z] error: <httpProxy> [
  500,
  AggregateError: 
      at ignore-listed frames {
    code: 'ECONNREFUSED',
    [errors]: [ [Error], [Error] ]
  }
]
[2026-08-21T19:10:08.353Z] error: <httpProxy> Error calling http://localhost:8010/...
[2026-08-21T19:10:08.354Z] error: <httpProxy> [
  500,
  AggregateError: 
      at ignore-listed frames {
    code: 'ECONNREFUSED',
    [errors]: [ [Error], [Error] ]
  }
]
[2026-08-21T19:10:08.354Z] error: <httpProxy> Error calling http://localhost:9000/...
[2026-08-21T19:10:08.354Z] error: <httpProxy> [
  500,
  AggregateError: 
      at ignore-listed frames {
    code: 'ECONNREFUSED',
    [errors]: [ [Error], [Error] ]
  }
]
[2026-08-21T19:10:08.355Z] error: <httpProxy> Error calling http://localhost:2283/...
[2026-08-21T19:10:08.355Z] error: <httpProxy> [
  500,
  AggregateError: 
      at ignore-listed frames {
    code: 'ECONNREFUSED',
    [errors]: [ [Error], [Error] ]
  }
]
[2026-08-21T19:10:08.355Z] error: <httpProxy> Error calling http://localhost:8015/...
[2026-08-21T19:10:08.356Z] error: <httpProxy> [
  500,
  AggregateError: 
      at ignore-listed frames {
    code: 'ECONNREFUSED',
    [errors]: [ [Error], [Error] ]
  }
]
[2026-08-21T19:10:08.356Z] error: <httpProxy> Error calling http://localhost:5006/...
[2026-08-21T19:10:08.356Z] error: <httpProxy> [
  500,
  AggregateError: 
      at ignore-listed frames {
    code: 'ECONNREFUSED',
    [errors]: [ [Error], [Error] ]
  }
]
[2026-08-21T19:10:08.360Z] error: <httpProxy> Error calling http://localhost:8020/...
[2026-08-21T19:10:08.360Z] error: <httpProxy> [
  500,
  AggregateError: 
      at ignore-listed frames {
    code: 'ECONNREFUSED',
    [errors]: [ [Error], [Error] ]
  }
]
[2026-08-21T19:10:08.360Z] error: <httpProxy> Error calling http://localhost:8010/...
[2026-08-21T19:10:08.360Z] error: <httpProxy> [
  500,
  AggregateError: 
      at ignore-listed frames {
    code: 'ECONNREFUSED',
    [errors]: [ [Error], [Error] ]
  }
]
[2026-08-21T19:10:08.362Z] error: <httpProxy> Error calling http://localhost:9000/...
[2026-08-21T19:10:08.363Z] error: <httpProxy> [
  500,
  AggregateError: 
      at ignore-listed frames {
    code: 'ECONNREFUSED',
    [errors]: [ [Error], [Error] ]
  }
]
[2026-08-21T19:10:08.364Z] error: <httpProxy> Error calling http://localhost:8015/...
[2026-08-21T19:10:08.365Z] error: <httpProxy> [
  500,
  AggregateError: 
      at ignore-listed frames {
    code: 'ECONNREFUSED',
    [errors]: [ [Error], [Error] ]
  }
]
[2026-08-21T19:10:08.365Z] error: <httpProxy> Error calling http://localhost:8020/...
[2026-08-21T19:10:08.365Z] error: <httpProxy> [
  500,
  AggregateError: 
      at ignore-listed frames {
    code: 'ECONNREFUSED',
    [errors]: [ [Error], [Error] ]
  }
]
[2026-08-21T19:10:08.370Z] error: <httpProxy> Error calling http://localhost:3929/...
[2026-08-21T19:10:08.370Z] error: <httpProxy> [
  500,
  AggregateError: 
      at ignore-listed frames {
    code: 'ECONNREFUSED',
    [errors]: [ [Error], [Error] ]
  }
]
[2026-08-21T19:10:08.370Z] error: <httpProxy> Error calling http://localhost:3001/...
[2026-08-21T19:10:08.370Z] error: <httpProxy> [
  500,
  AggregateError: 
      at ignore-listed frames {
    code: 'ECONNREFUSED',
    [errors]: [ [Error], [Error] ]
  }
]
[2026-08-21T19:10:08.371Z] error: <httpProxy> Error calling http://localhost:8082/...
[2026-08-21T19:10:08.372Z] error: <httpProxy> [
  500,
  AggregateError: 
      at ignore-listed frames {
    code: 'ECONNREFUSED',
    [errors]: [ [Error], [Error] ]
  }
]
[2026-08-21T19:10:08.372Z] error: <httpProxy> Error calling http://localhost:8787/...
[2026-08-21T19:10:08.372Z] error: <httpProxy> [
  500,
  AggregateError: 
      at ignore-listed frames {
    code: 'ECONNREFUSED',
    [errors]: [ [Error], [Error] ]
  }
]
[2026-08-21T19:10:08.373Z] error: <httpProxy> Error calling http://localhost:3929/...
[2026-08-21T19:10:08.373Z] error: <httpProxy> [
  500,
  AggregateError: 
      at ignore-listed frames {
    code: 'ECONNREFUSED',
    [errors]: [ [Error], [Error] ]
  }
]
[2026-08-21T19:10:08.373Z] error: <httpProxy> Error calling http://localhost:3001/...
[2026-08-21T19:10:08.374Z] error: <httpProxy> [
  500,
  AggregateError: 
      at ignore-listed frames {
    code: 'ECONNREFUSED',
    [errors]: [ [Error], [Error] ]
  }
]
[2026-08-21T19:10:08.376Z] error: <httpProxy> Error calling http://localhost:8090/...
[2026-08-21T19:10:08.376Z] error: <httpProxy> [
  500,
  AggregateError: 
      at ignore-listed frames {
    code: 'ECONNREFUSED',
    [errors]: [ [Error], [Error] ]
  }
]
[2026-08-21T19:10:08.376Z] error: <httpProxy> Error calling http://localhost:8081/...
[2026-08-21T19:10:08.377Z] error: <httpProxy> [
  500,
  AggregateError: 
      at ignore-listed frames {
    code: 'ECONNREFUSED',
    [errors]: [ [Error], [Error] ]
  }
]
[2026-08-21T19:10:08.377Z] error: <httpProxy> Error calling http://localhost:8082/...
[2026-08-21T19:10:08.377Z] error: <httpProxy> [
  500,
  AggregateError: 
      at ignore-listed frames {
    code: 'ECONNREFUSED',
    [errors]: [ [Error], [Error] ]
  }
]
[2026-08-21T19:10:08.380Z] error: <httpProxy> Error calling http://localhost:8787/...
[2026-08-21T19:10:08.380Z] error: <httpProxy> [
  500,
  AggregateError: 
      at ignore-listed frames {
    code: 'ECONNREFUSED',
    [errors]: [ [Error], [Error] ]
  }
]
[2026-08-21T19:10:08.382Z] error: <httpProxy> Error calling http://localhost:8090/...
[2026-08-21T19:10:08.382Z] error: <httpProxy> [
  500,
  AggregateError: 
      at ignore-listed frames {
    code: 'ECONNREFUSED',
    [errors]: [ [Error], [Error] ]
  }
]
[2026-08-21T19:10:08.383Z] error: <httpProxy> Error calling http://localhost:8081/...
[2026-08-21T19:10:08.383Z] error: <httpProxy> [
  500,
  AggregateError: 
      at ignore-listed frames {
    code: 'ECONNREFUSED',
    [errors]: [ [Error], [Error] ]
  }
]
[2026-08-21T19:10:08.385Z] error: <httpProxy> Error calling http://localhost:8787/...
[2026-08-21T19:10:08.385Z] error: <httpProxy> [
  500,
  AggregateError: 
      at ignore-listed frames {
    code: 'ECONNREFUSED',
    [errors]: [ [Error], [Error] ]
  }
]
[2026-08-21T19:10:08.385Z] error: <httpProxy> Error calling http://localhost:8083/...
[2026-08-21T19:10:08.386Z] error: <httpProxy> [
  500,
  AggregateError: 
      at ignore-listed frames {
    code: 'ECONNREFUSED',
    [errors]: [ [Error], [Error] ]
  }
]
[2026-08-21T19:10:08.386Z] error: <httpProxy> Error calling http://localhost:8083/...
[2026-08-21T19:10:08.386Z] error: <httpProxy> [
  500,
  AggregateError: 
      at ignore-listed frames {
    code: 'ECONNREFUSED',
    [errors]: [ [Error], [Error] ]
  }
]
[2026-08-21T19:10:08.388Z] error: <httpProxy> Error calling http://localhost:8083/...
[2026-08-21T19:10:08.389Z] error: <httpProxy> [
  500,
  AggregateError: 
      at ignore-listed frames {
    code: 'ECONNREFUSED',
    [errors]: [ [Error], [Error] ]
  }
]
[2026-08-21T19:10:08.389Z] error: <httpProxy> Error calling http://localhost:8787/...
[2026-08-21T19:10:08.390Z] error: <httpProxy> [
  500,
  AggregateError: 
      at ignore-listed frames {
    code: 'ECONNREFUSED',
    [errors]: [ [Error], [Error] ]
  }
]
[2026-08-21T19:10:08.390Z] error: <httpProxy> Error calling http://localhost:8083/...
[2026-08-21T19:10:08.391Z] error: <httpProxy> [
  500,
  AggregateError: 
      at ignore-listed frames {
    code: 'ECONNREFUSED',
    [errors]: [ [Error], [Error] ]
  }
]
[2026-08-21T19:10:08.391Z] error: <httpProxy> Error calling http://localhost:8083/...
[2026-08-21T19:10:08.391Z] error: <httpProxy> [
  500,
  AggregateError: 
      at ignore-listed frames {
    code: 'ECONNREFUSED',
    [errors]: [ [Error], [Error] ]
  }
]
[2026-08-21T19:10:08.392Z] error: <httpProxy> Error calling http://localhost:8083/...
[2026-08-21T19:10:08.392Z] error: <httpProxy> [
  500,
  AggregateError: 
      at ignore-listed frames {
    code: 'ECONNREFUSED',
    [errors]: [ [Error], [Error] ]
  }
]
[2026-08-21T19:10:29.996Z] error: <httpProxy> Error calling http://localhost:2283/...
[2026-08-21T19:10:29.996Z] error: <httpProxy> [
  500,
  AggregateError: 
      at ignore-listed frames {
    code: 'ECONNREFUSED',
    [errors]: [ [Error], [Error] ]
  }
]
[2026-08-21T19:10:29.998Z] error: <httpProxy> Error calling http://localhost:9000/...
[2026-08-21T19:10:29.998Z] error: <httpProxy> [
  500,
  AggregateError: 
      at ignore-listed frames {
    code: 'ECONNREFUSED',
    [errors]: [ [Error], [Error] ]
  }
]
[2026-08-21T19:10:29.998Z] error: <httpProxy> Error calling http://localhost:5006/...
[2026-08-21T19:10:29.999Z] error: <httpProxy> [
  500,
  AggregateError: 
      at ignore-listed frames {
    code: 'ECONNREFUSED',
    [errors]: [ [Error], [Error] ]
  }
]
[2026-08-21T19:10:29.999Z] error: <httpProxy> Error calling http://localhost:8010/...
[2026-08-21T19:10:30.000Z] error: <httpProxy> [
  500,
  AggregateError: 
      at ignore-listed frames {
    code: 'ECONNREFUSED',
    [errors]: [ [Error], [Error] ]
  }
]
[2026-08-21T19:10:30.001Z] error: <httpProxy> Error calling http://localhost:2283/...
[2026-08-21T19:10:30.001Z] error: <httpProxy> [
  500,
  AggregateError: 
      at ignore-listed frames {
    code: 'ECONNREFUSED',
    [errors]: [ [Error], [Error] ]
  }
]
[2026-08-21T19:10:30.002Z] error: <httpProxy> Error calling http://localhost:9000/...
[2026-08-21T19:10:30.002Z] error: <httpProxy> [
  500,
  AggregateError: 
      at ignore-listed frames {
    code: 'ECONNREFUSED',
    [errors]: [ [Error], [Error] ]
  }
]
[2026-08-21T19:10:30.002Z] error: <httpProxy> Error calling http://localhost:5006/...
[2026-08-21T19:10:30.003Z] error: <httpProxy> [
  500,
  AggregateError: 
      at ignore-listed frames {
    code: 'ECONNREFUSED',
    [errors]: [ [Error], [Error] ]
  }
]
[2026-08-21T19:10:30.007Z] error: <httpProxy> Error calling http://localhost:8010/...
[2026-08-21T19:10:30.008Z] error: <httpProxy> [
  500,
  AggregateError: 
      at ignore-listed frames {
    code: 'ECONNREFUSED',
    [errors]: [ [Error], [Error] ]
  }
]
[2026-08-21T19:10:30.010Z] error: <httpProxy> Error calling http://localhost:8020/...
[2026-08-21T19:10:30.010Z] error: <httpProxy> [
  500,
  AggregateError: 
      at ignore-listed frames {
    code: 'ECONNREFUSED',
    [errors]: [ [Error], [Error] ]
  }
]
[2026-08-21T19:10:30.011Z] error: <httpProxy> Error calling http://localhost:8015/...
[2026-08-21T19:10:30.011Z] error: <httpProxy> [
  500,
  AggregateError: 
      at ignore-listed frames {
    code: 'ECONNREFUSED',
    [errors]: [ [Error], [Error] ]
  }
]
[2026-08-21T19:10:30.013Z] error: <httpProxy> Error calling http://localhost:8020/...
[2026-08-21T19:10:30.013Z] error: <httpProxy> [
  500,
  AggregateError: 
      at ignore-listed frames {
    code: 'ECONNREFUSED',
    [errors]: [ [Error], [Error] ]
  }
]
[2026-08-21T19:10:30.015Z] error: <httpProxy> Error calling http://localhost:8015/...
[2026-08-21T19:10:30.016Z] error: <httpProxy> [
  500,
  AggregateError: 
      at ignore-listed frames {
    code: 'ECONNREFUSED',
    [errors]: [ [Error], [Error] ]
  }
]
[2026-08-21T19:10:30.018Z] error: <httpProxy> Error calling http://localhost:3929/...
[2026-08-21T19:10:30.018Z] error: <httpProxy> [
  500,
  AggregateError: 
      at ignore-listed frames {
    code: 'ECONNREFUSED',
    [errors]: [ [Error], [Error] ]
  }
]
[2026-08-21T19:10:30.019Z] error: <httpProxy> Error calling http://localhost:3001/...
[2026-08-21T19:10:30.019Z] error: <httpProxy> [
  500,
  AggregateError: 
      at ignore-listed frames {
    code: 'ECONNREFUSED',
    [errors]: [ [Error], [Error] ]
  }
]
[2026-08-21T19:10:30.019Z] error: <httpProxy> Error calling http://localhost:8082/...
[2026-08-21T19:10:30.020Z] error: <httpProxy> [
  500,
  AggregateError: 
      at ignore-listed frames {
    code: 'ECONNREFUSED',
    [errors]: [ [Error], [Error] ]
  }
]
[2026-08-21T19:10:30.021Z] error: <httpProxy> Error calling http://localhost:8787/...
[2026-08-21T19:10:30.021Z] error: <httpProxy> [
  500,
  AggregateError: 
      at ignore-listed frames {
    code: 'ECONNREFUSED',
    [errors]: [ [Error], [Error] ]
  }
]
[2026-08-21T19:10:30.022Z] error: <httpProxy> Error calling http://localhost:3929/...
[2026-08-21T19:10:30.022Z] error: <httpProxy> [
  500,
  AggregateError: 
      at ignore-listed frames {
    code: 'ECONNREFUSED',
    [errors]: [ [Error], [Error] ]
  }
]
[2026-08-21T19:10:30.023Z] error: <httpProxy> Error calling http://localhost:3001/...
[2026-08-21T19:10:30.023Z] error: <httpProxy> [
  500,
  AggregateError: 
      at ignore-listed frames {
    code: 'ECONNREFUSED',
    [errors]: [ [Error], [Error] ]
  }
]
[2026-08-21T19:10:30.023Z] error: <httpProxy> Error calling http://localhost:8082/...
[2026-08-21T19:10:30.024Z] error: <httpProxy> [
  500,
  AggregateError: 
      at ignore-listed frames {
    code: 'ECONNREFUSED',
    [errors]: [ [Error], [Error] ]
  }
]
[2026-08-21T19:10:30.028Z] error: <httpProxy> Error calling http://localhost:8787/...
[2026-08-21T19:10:30.028Z] error: <httpProxy> [
  500,
  AggregateError: 
      at ignore-listed frames {
    code: 'ECONNREFUSED',
    [errors]: [ [Error], [Error] ]
  }
]
[2026-08-21T19:10:30.031Z] error: <httpProxy> Error calling http://localhost:8090/...
[2026-08-21T19:10:30.031Z] error: <httpProxy> [
  500,
  AggregateError: 
      at ignore-listed frames {
    code: 'ECONNREFUSED',
    [errors]: [ [Error], [Error] ]
  }
]
[2026-08-21T19:10:30.031Z] error: <httpProxy> Error calling http://localhost:8081/...
[2026-08-21T19:10:30.032Z] error: <httpProxy> [
  500,
  AggregateError: 
      at ignore-listed frames {
    code: 'ECONNREFUSED',
    [errors]: [ [Error], [Error] ]
  }
]
[2026-08-21T19:10:30.033Z] error: <httpProxy> Error calling http://localhost:8090/...
[2026-08-21T19:10:30.033Z] error: <httpProxy> [
  500,
  AggregateError: 
      at ignore-listed frames {
    code: 'ECONNREFUSED',
    [errors]: [ [Error], [Error] ]
  }
]
[2026-08-21T19:10:30.034Z] error: <httpProxy> Error calling http://localhost:8081/...
[2026-08-21T19:10:30.034Z] error: <httpProxy> [
  500,
  AggregateError: 
      at ignore-listed frames {
    code: 'ECONNREFUSED',
    [errors]: [ [Error], [Error] ]
  }
]
[2026-08-21T19:10:30.035Z] error: <httpProxy> Error calling http://localhost:8787/...
[2026-08-21T19:10:30.036Z] error: <httpProxy> [
  500,
  AggregateError: 
      at ignore-listed frames {
    code: 'ECONNREFUSED',
    [errors]: [ [Error], [Error] ]
  }
]
[2026-08-21T19:10:30.036Z] error: <httpProxy> Error calling http://localhost:8083/...
[2026-08-21T19:10:30.036Z] error: <httpProxy> [
  500,
  AggregateError: 
      at ignore-listed frames {
    code: 'ECONNREFUSED',
    [errors]: [ [Error], [Error] ]
  }
]
[2026-08-21T19:10:30.037Z] error: <httpProxy> Error calling http://localhost:8083/...
[2026-08-21T19:10:30.037Z] error: <httpProxy> [
  500,
  AggregateError: 
      at ignore-listed frames {
    code: 'ECONNREFUSED',
    [errors]: [ [Error], [Error] ]
  }
]
[2026-08-21T19:10:30.038Z] error: <httpProxy> Error calling http://localhost:8083/...
[2026-08-21T19:10:30.038Z] error: <httpProxy> [
  500,
  AggregateError: 
      at ignore-listed frames {
    code: 'ECONNREFUSED',
    [errors]: [ [Error], [Error] ]
  }
]
[2026-08-21T19:10:30.038Z] error: <httpProxy> Error calling http://localhost:8787/...
[2026-08-21T19:10:30.039Z] error: <httpProxy> [
  500,
  AggregateError: 
      at ignore-listed frames {
    code: 'ECONNREFUSED',
    [errors]: [ [Error], [Error] ]
  }
]
[2026-08-21T19:10:30.039Z] error: <httpProxy> Error calling http://localhost:8083/...
[2026-08-21T19:10:30.039Z] error: <httpProxy> [
  500,
  AggregateError: 
      at ignore-listed frames {
    code: 'ECONNREFUSED',
    [errors]: [ [Error], [Error] ]
  }
]
[2026-08-21T19:10:30.039Z] error: <httpProxy> Error calling http://localhost:8083/...
[2026-08-21T19:10:30.040Z] error: <httpProxy> [
  500,
  AggregateError: 
      at ignore-listed frames {
    code: 'ECONNREFUSED',
    [errors]: [ [Error], [Error] ]
  }
]
[2026-08-21T19:10:30.040Z] error: <httpProxy> Error calling http://localhost:8083/...
[2026-08-21T19:10:30.040Z] error: <httpProxy> [
  500,
  AggregateError: 
      at ignore-listed frames {
    code: 'ECONNREFUSED',
    [errors]: [ [Error], [Error] ]
  }
]
[2026-08-21T19:11:05.330Z] error: <httpProxy> Error calling http://localhost:8010/...
[2026-08-21T19:11:05.330Z] error: <httpProxy> [
  500,
  AggregateError: 
      at ignore-listed frames {
    code: 'ECONNREFUSED',
    [errors]: [ [Error], [Error] ]
  }
]
[2026-08-21T19:11:05.334Z] error: <httpProxy> Error calling http://localhost:8010/...
[2026-08-21T19:11:05.335Z] error: <httpProxy> [
  500,
  AggregateError: 
      at ignore-listed frames {
    code: 'ECONNREFUSED',
    [errors]: [ [Error], [Error] ]
  }
]
[2026-08-21T19:11:05.337Z] error: <httpProxy> Error calling http://localhost:2283/...
[2026-08-21T19:11:05.337Z] error: <httpProxy> [
  500,
  AggregateError: 
      at ignore-listed frames {
    code: 'ECONNREFUSED',
    [errors]: [ [Error], [Error] ]
  }
]
[2026-08-21T19:11:05.338Z] error: <httpProxy> Error calling http://localhost:9000/...
[2026-08-21T19:11:05.338Z] error: <httpProxy> [
  500,
  AggregateError: 
      at ignore-listed frames {
    code: 'ECONNREFUSED',
    [errors]: [ [Error], [Error] ]
  }
]
[2026-08-21T19:11:05.339Z] error: <httpProxy> Error calling http://localhost:5006/...
[2026-08-21T19:11:05.339Z] error: <httpProxy> [
  500,
  AggregateError: 
      at ignore-listed frames {
    code: 'ECONNREFUSED',
    [errors]: [ [Error], [Error] ]
  }
]
[2026-08-21T19:11:05.340Z] error: <httpProxy> Error calling http://localhost:8020/...
[2026-08-21T19:11:05.340Z] error: <httpProxy> [
  500,
  AggregateError: 
      at ignore-listed frames {
    code: 'ECONNREFUSED',
    [errors]: [ [Error], [Error] ]
  }
]
[2026-08-21T19:11:05.340Z] error: <httpProxy> Error calling http://localhost:2283/...
[2026-08-21T19:11:05.341Z] error: <httpProxy> [
  500,
  AggregateError: 
      at ignore-listed frames {
    code: 'ECONNREFUSED',
    [errors]: [ [Error], [Error] ]
  }
]
[2026-08-21T19:11:05.342Z] error: <httpProxy> Error calling http://localhost:9000/...
[2026-08-21T19:11:05.342Z] error: <httpProxy> [
  500,
  AggregateError: 
      at ignore-listed frames {
    code: 'ECONNREFUSED',
    [errors]: [ [Error], [Error] ]
  }
]
[2026-08-21T19:11:05.345Z] error: <httpProxy> Error calling http://localhost:8015/...
[2026-08-21T19:11:05.346Z] error: <httpProxy> [
  500,
  AggregateError: 
      at ignore-listed frames {
    code: 'ECONNREFUSED',
    [errors]: [ [Error], [Error] ]
  }
]
[2026-08-21T19:11:05.346Z] error: <httpProxy> Error calling http://localhost:5006/...
[2026-08-21T19:11:05.346Z] error: <httpProxy> [
  500,
  AggregateError: 
      at ignore-listed frames {
    code: 'ECONNREFUSED',
    [errors]: [ [Error], [Error] ]
  }
]
[2026-08-21T19:11:05.348Z] error: <httpProxy> Error calling http://localhost:8020/...
[2026-08-21T19:11:05.348Z] error: <httpProxy> [
  500,
  AggregateError: 
      at ignore-listed frames {
    code: 'ECONNREFUSED',
    [errors]: [ [Error], [Error] ]
  }
]
[2026-08-21T19:11:05.350Z] error: <httpProxy> Error calling http://localhost:3929/...
[2026-08-21T19:11:05.350Z] error: <httpProxy> [
  500,
  AggregateError: 
      at ignore-listed frames {
    code: 'ECONNREFUSED',
    [errors]: [ [Error], [Error] ]
  }
]
[2026-08-21T19:11:05.351Z] error: <httpProxy> Error calling http://localhost:8015/...
[2026-08-21T19:11:05.351Z] error: <httpProxy> [
  500,
  AggregateError: 
      at ignore-listed frames {
    code: 'ECONNREFUSED',
    [errors]: [ [Error], [Error] ]
  }
]
[2026-08-21T19:11:05.354Z] error: <httpProxy> Error calling http://localhost:3929/...
[2026-08-21T19:11:05.354Z] error: <httpProxy> [
  500,
  AggregateError: 
      at ignore-listed frames {
    code: 'ECONNREFUSED',
    [errors]: [ [Error], [Error] ]
  }
]
[2026-08-21T19:11:05.357Z] error: <httpProxy> Error calling http://localhost:3001/...
[2026-08-21T19:11:05.357Z] error: <httpProxy> [
  500,
  AggregateError: 
      at ignore-listed frames {
    code: 'ECONNREFUSED',
    [errors]: [ [Error], [Error] ]
  }
]
[2026-08-21T19:11:05.357Z] error: <httpProxy> Error calling http://localhost:8082/...
[2026-08-21T19:11:05.358Z] error: <httpProxy> [
  500,
  AggregateError: 
      at ignore-listed frames {
    code: 'ECONNREFUSED',
    [errors]: [ [Error], [Error] ]
  }
]
[2026-08-21T19:11:05.358Z] error: <httpProxy> Error calling http://localhost:8787/...
[2026-08-21T19:11:05.359Z] error: <httpProxy> [
  500,
  AggregateError: 
      at ignore-listed frames {
    code: 'ECONNREFUSED',
    [errors]: [ [Error], [Error] ]
  }
]
[2026-08-21T19:11:05.359Z] error: <httpProxy> Error calling http://localhost:8090/...
[2026-08-21T19:11:05.360Z] error: <httpProxy> [
  500,
  AggregateError: 
      at ignore-listed frames {
    code: 'ECONNREFUSED',
    [errors]: [ [Error], [Error] ]
  }
]
[2026-08-21T19:11:05.361Z] error: <httpProxy> Error calling http://localhost:3001/...
[2026-08-21T19:11:05.361Z] error: <httpProxy> [
  500,
  AggregateError: 
      at ignore-listed frames {
    code: 'ECONNREFUSED',
    [errors]: [ [Error], [Error] ]
  }
]
[2026-08-21T19:11:05.361Z] error: <httpProxy> Error calling http://localhost:8082/...
[2026-08-21T19:11:05.362Z] error: <httpProxy> [
  500,
  AggregateError: 
      at ignore-listed frames {
    code: 'ECONNREFUSED',
    [errors]: [ [Error], [Error] ]
  }
]
[2026-08-21T19:11:05.366Z] error: <httpProxy> Error calling http://localhost:8787/...
[2026-08-21T19:11:05.366Z] error: <httpProxy> [
  500,
  AggregateError: 
      at ignore-listed frames {
    code: 'ECONNREFUSED',
    [errors]: [ [Error], [Error] ]
  }
]
[2026-08-21T19:11:05.368Z] error: <httpProxy> Error calling http://localhost:8081/...
[2026-08-21T19:11:05.368Z] error: <httpProxy> [
  500,
  AggregateError: 
      at ignore-listed frames {
    code: 'ECONNREFUSED',
    [errors]: [ [Error], [Error] ]
  }
]
[2026-08-21T19:11:05.368Z] error: <httpProxy> Error calling http://localhost:8090/...
[2026-08-21T19:11:05.368Z] error: <httpProxy> [
  500,
  AggregateError: 
      at ignore-listed frames {
    code: 'ECONNREFUSED',
    [errors]: [ [Error], [Error] ]
  }
]
[2026-08-21T19:11:05.369Z] error: <httpProxy> Error calling http://localhost:8787/...
[2026-08-21T19:11:05.370Z] error: <httpProxy> [
  500,
  AggregateError: 
      at ignore-listed frames {
    code: 'ECONNREFUSED',
    [errors]: [ [Error], [Error] ]
  }
]
[2026-08-21T19:11:05.371Z] error: <httpProxy> Error calling http://localhost:8081/...
[2026-08-21T19:11:05.371Z] error: <httpProxy> [
  500,
  AggregateError: 
      at ignore-listed frames {
    code: 'ECONNREFUSED',
    [errors]: [ [Error], [Error] ]
  }
]
[2026-08-21T19:11:05.372Z] error: <httpProxy> Error calling http://localhost:8787/...
[2026-08-21T19:11:05.372Z] error: <httpProxy> [
  500,
  AggregateError: 
      at ignore-listed frames {
    code: 'ECONNREFUSED',
    [errors]: [ [Error], [Error] ]
  }
]
[2026-08-21T19:11:05.372Z] error: <httpProxy> Error calling http://localhost:8083/...
[2026-08-21T19:11:05.373Z] error: <httpProxy> [
  500,
  AggregateError: 
      at ignore-listed frames {
    code: 'ECONNREFUSED',
    [errors]: [ [Error], [Error] ]
  }
]
[2026-08-21T19:11:05.373Z] error: <httpProxy> Error calling http://localhost:8083/...
[2026-08-21T19:11:05.373Z] error: <httpProxy> [
  500,
  AggregateError: 
      at ignore-listed frames {
    code: 'ECONNREFUSED',
    [errors]: [ [Error], [Error] ]
  }
]
[2026-08-21T19:11:05.374Z] error: <httpProxy> Error calling http://localhost:8083/...
[2026-08-21T19:11:05.374Z] error: <httpProxy> [
  500,
  AggregateError: 
      at ignore-listed frames {
    code: 'ECONNREFUSED',
    [errors]: [ [Error], [Error] ]
  }
]
[2026-08-21T19:11:05.374Z] error: <httpProxy> Error calling http://localhost:8083/...
[2026-08-21T19:11:05.375Z] error: <httpProxy> [
  500,
  AggregateError: 
      at ignore-listed frames {
    code: 'ECONNREFUSED',
    [errors]: [ [Error], [Error] ]
  }
]
[2026-08-21T19:11:05.375Z] error: <httpProxy> Error calling http://localhost:8083/...
[2026-08-21T19:11:05.375Z] error: <httpProxy> [
  500,
  AggregateError: 
      at ignore-listed frames {
    code: 'ECONNREFUSED',
    [errors]: [ [Error], [Error] ]
  }
]
[2026-08-21T19:11:05.376Z] error: <httpProxy> Error calling http://localhost:8083/...
[2026-08-21T19:11:05.376Z] error: <httpProxy> [
  500,
  AggregateError: 
      at ignore-listed frames {
    code: 'ECONNREFUSED',
    [errors]: [ [Error], [Error] ]
  }
]
[2026-08-21T19:11:08.378Z] error: <httpProxy> Error calling http://localhost:2283/...
[2026-08-21T19:11:08.378Z] error: <httpProxy> [
  500,
  AggregateError: 
      at ignore-listed frames {
    code: 'ECONNREFUSED',
    [errors]: [ [Error], [Error] ]
  }
]
[2026-08-21T19:11:08.379Z] error: <httpProxy> Error calling http://localhost:2283/...
[2026-08-21T19:11:08.379Z] error: <httpProxy> [
  500,
  AggregateError: 
      at ignore-listed frames {
    code: 'ECONNREFUSED',
    [errors]: [ [Error], [Error] ]
  }
]
[2026-08-21T19:11:09.374Z] error: <httpProxy> Error calling http://localhost:5006/...
[2026-08-21T19:11:09.374Z] error: <httpProxy> [
  500,
  AggregateError: 
      at ignore-listed frames {
    code: 'ECONNREFUSED',
    [errors]: [ [Error], [Error] ]
  }
]
[2026-08-21T19:11:09.374Z] error: <httpProxy> Error calling http://localhost:8010/...
[2026-08-21T19:11:09.375Z] error: <httpProxy> [
  500,
  AggregateError: 
      at ignore-listed frames {
    code: 'ECONNREFUSED',
    [errors]: [ [Error], [Error] ]
  }
]
[2026-08-21T19:11:09.375Z] error: <httpProxy> Error calling http://localhost:9000/...
[2026-08-21T19:11:09.375Z] error: <httpProxy> [
  500,
  AggregateError: 
      at ignore-listed frames {
    code: 'ECONNREFUSED',
    [errors]: [ [Error], [Error] ]
  }
]
[2026-08-21T19:11:09.376Z] error: <httpProxy> Error calling http://localhost:8015/...
[2026-08-21T19:11:09.376Z] error: <httpProxy> [
  500,
  AggregateError: 
      at ignore-listed frames {
    code: 'ECONNREFUSED',
    [errors]: [ [Error], [Error] ]
  }
]
[2026-08-21T19:11:09.376Z] error: <httpProxy> Error calling http://localhost:8020/...
[2026-08-21T19:11:09.376Z] error: <httpProxy> [
  500,
  AggregateError: 
      at ignore-listed frames {
    code: 'ECONNREFUSED',
    [errors]: [ [Error], [Error] ]
  }
]
[2026-08-21T19:11:09.377Z] error: <httpProxy> Error calling http://localhost:3929/...
[2026-08-21T19:11:09.377Z] error: <httpProxy> [
  500,
  AggregateError: 
      at ignore-listed frames {
    code: 'ECONNREFUSED',
    [errors]: [ [Error], [Error] ]
  }
]
[2026-08-21T19:11:09.378Z] error: <httpProxy> Error calling http://localhost:5006/...
[2026-08-21T19:11:09.378Z] error: <httpProxy> [
  500,
  AggregateError: 
      at ignore-listed frames {
    code: 'ECONNREFUSED',
    [errors]: [ [Error], [Error] ]
  }
]
[2026-08-21T19:11:09.379Z] error: <httpProxy> Error calling http://localhost:8010/...
[2026-08-21T19:11:09.379Z] error: <httpProxy> [
  500,
  AggregateError: 
      at ignore-listed frames {
    code: 'ECONNREFUSED',
    [errors]: [ [Error], [Error] ]
  }
]
[2026-08-21T19:11:09.379Z] error: <httpProxy> Error calling http://localhost:9000/...
[2026-08-21T19:11:09.380Z] error: <httpProxy> [
  500,
  AggregateError: 
      at ignore-listed frames {
    code: 'ECONNREFUSED',
    [errors]: [ [Error], [Error] ]
  }
]
[2026-08-21T19:11:09.380Z] error: <httpProxy> Error calling http://localhost:8015/...
[2026-08-21T19:11:09.380Z] error: <httpProxy> [
  500,
  AggregateError: 
      at ignore-listed frames {
    code: 'ECONNREFUSED',
    [errors]: [ [Error], [Error] ]
  }
]
[2026-08-21T19:11:09.381Z] error: <httpProxy> Error calling http://localhost:8020/...
[2026-08-21T19:11:09.381Z] error: <httpProxy> [
  500,
  AggregateError: 
      at ignore-listed frames {
    code: 'ECONNREFUSED',
    [errors]: [ [Error], [Error] ]
  }
]
[2026-08-21T19:11:09.388Z] error: <httpProxy> Error calling http://localhost:3929/...
[2026-08-21T19:11:09.389Z] error: <httpProxy> [
  500,
  AggregateError: 
      at ignore-listed frames {
    code: 'ECONNREFUSED',
    [errors]: [ [Error], [Error] ]
  }
]
[2026-08-21T19:11:09.394Z] error: <httpProxy> Error calling http://localhost:3001/...
[2026-08-21T19:11:09.394Z] error: <httpProxy> [
  500,
  AggregateError: 
      at ignore-listed frames {
    code: 'ECONNREFUSED',
    [errors]: [ [Error], [Error] ]
  }
]
[2026-08-21T19:11:09.394Z] error: <httpProxy> Error calling http://localhost:8082/...
[2026-08-21T19:11:09.395Z] error: <httpProxy> [
  500,
  AggregateError: 
      at ignore-listed frames {
    code: 'ECONNREFUSED',
    [errors]: [ [Error], [Error] ]
  }
]
[2026-08-21T19:11:09.395Z] error: <httpProxy> Error calling http://localhost:8787/...
[2026-08-21T19:11:09.395Z] error: <httpProxy> [
  500,
  AggregateError: 
      at ignore-listed frames {
    code: 'ECONNREFUSED',
    [errors]: [ [Error], [Error] ]
  }
]
[2026-08-21T19:11:09.396Z] error: <httpProxy> Error calling http://localhost:8090/...
[2026-08-21T19:11:09.396Z] error: <httpProxy> [
  500,
  AggregateError: 
      at ignore-listed frames {
    code: 'ECONNREFUSED',
    [errors]: [ [Error], [Error] ]
  }
]
[2026-08-21T19:11:09.397Z] error: <httpProxy> Error calling http://localhost:8081/...
[2026-08-21T19:11:09.397Z] error: <httpProxy> [
  500,
  AggregateError: 
      at ignore-listed frames {
    code: 'ECONNREFUSED',
    [errors]: [ [Error], [Error] ]
  }
]
[2026-08-21T19:11:09.397Z] error: <httpProxy> Error calling http://localhost:8787/...
[2026-08-21T19:11:09.398Z] error: <httpProxy> [
  500,
  AggregateError: 
      at ignore-listed frames {
    code: 'ECONNREFUSED',
    [errors]: [ [Error], [Error] ]
  }
]
[2026-08-21T19:11:09.398Z] error: <httpProxy> Error calling http://localhost:3001/...
[2026-08-21T19:11:09.398Z] error: <httpProxy> [
  500,
  AggregateError: 
      at ignore-listed frames {
    code: 'ECONNREFUSED',
    [errors]: [ [Error], [Error] ]
  }
]
[2026-08-21T19:11:09.399Z] error: <httpProxy> Error calling http://localhost:8082/...
[2026-08-21T19:11:09.399Z] error: <httpProxy> [
  500,
  AggregateError: 
      at ignore-listed frames {
    code: 'ECONNREFUSED',
    [errors]: [ [Error], [Error] ]
  }
]
[2026-08-21T19:11:09.399Z] error: <httpProxy> Error calling http://localhost:8787/...
[2026-08-21T19:11:09.400Z] error: <httpProxy> [
  500,
  AggregateError: 
      at ignore-listed frames {
    code: 'ECONNREFUSED',
    [errors]: [ [Error], [Error] ]
  }
]
[2026-08-21T19:11:09.404Z] error: <httpProxy> Error calling http://localhost:8090/...
[2026-08-21T19:11:09.404Z] error: <httpProxy> [
  500,
  AggregateError: 
      at ignore-listed frames {
    code: 'ECONNREFUSED',
    [errors]: [ [Error], [Error] ]
  }
]
[2026-08-21T19:11:09.404Z] error: <httpProxy> Error calling http://localhost:8081/...
[2026-08-21T19:11:09.405Z] error: <httpProxy> [
  500,
  AggregateError: 
      at ignore-listed frames {
    code: 'ECONNREFUSED',
    [errors]: [ [Error], [Error] ]
  }
]
[2026-08-21T19:11:09.405Z] error: <httpProxy> Error calling http://localhost:8787/...
[2026-08-21T19:11:09.405Z] error: <httpProxy> [
  500,
  AggregateError: 
      at ignore-listed frames {
    code: 'ECONNREFUSED',
    [errors]: [ [Error], [Error] ]
  }
]
[2026-08-21T19:11:09.407Z] error: <httpProxy> Error calling http://localhost:8083/...
[2026-08-21T19:11:09.407Z] error: <httpProxy> [
  500,
  AggregateError: 
      at ignore-listed frames {
    code: 'ECONNREFUSED',
    [errors]: [ [Error], [Error] ]
  }
]
[2026-08-21T19:11:09.408Z] error: <httpProxy> Error calling http://localhost:8083/...
[2026-08-21T19:11:09.408Z] error: <httpProxy> [
  500,
  AggregateError: 
      at ignore-listed frames {
    code: 'ECONNREFUSED',
    [errors]: [ [Error], [Error] ]
  }
]
[2026-08-21T19:11:09.409Z] error: <httpProxy> Error calling http://localhost:8083/...
[2026-08-21T19:11:09.409Z] error: <httpProxy> [
  500,
  AggregateError: 
      at ignore-listed frames {
    code: 'ECONNREFUSED',
    [errors]: [ [Error], [Error] ]
  }
]
[2026-08-21T19:11:09.410Z] error: <httpProxy> Error calling http://localhost:8083/...
[2026-08-21T19:11:09.410Z] error: <httpProxy> [
  500,
  AggregateError: 
      at ignore-listed frames {
    code: 'ECONNREFUSED',
    [errors]: [ [Error], [Error] ]
  }
]
[2026-08-21T19:11:09.410Z] error: <httpProxy> Error calling http://localhost:8083/...
[2026-08-21T19:11:09.411Z] error: <httpProxy> [
  500,
  AggregateError: 
      at ignore-listed frames {
    code: 'ECONNREFUSED',
    [errors]: [ [Error], [Error] ]
  }
]
[2026-08-21T19:11:09.411Z] error: <httpProxy> Error calling http://localhost:8083/...
[2026-08-21T19:11:09.411Z] error: <httpProxy> [
  500,
  AggregateError: 
      at ignore-listed frames {
    code: 'ECONNREFUSED',
    [errors]: [ [Error], [Error] ]
  }
]
[2026-08-21T19:12:01.229Z] error: <httpProxy> Error calling http://localhost:2283/...
[2026-08-21T19:12:01.230Z] error: <httpProxy> [
  500,
  AggregateError: 
      at ignore-listed frames {
    code: 'ECONNREFUSED',
    [errors]: [ [Error], [Error] ]
  }
]
[2026-08-21T19:12:01.230Z] error: <httpProxy> Error calling http://localhost:9000/...
[2026-08-21T19:12:01.230Z] error: <httpProxy> [
  500,
  AggregateError: 
      at ignore-listed frames {
    code: 'ECONNREFUSED',
    [errors]: [ [Error], [Error] ]
  }
]
[2026-08-21T19:12:01.231Z] error: <httpProxy> Error calling http://localhost:5006/...
[2026-08-21T19:12:01.231Z] error: <httpProxy> [
  500,
  AggregateError: 
      at ignore-listed frames {
    code: 'ECONNREFUSED',
    [errors]: [ [Error], [Error] ]
  }
]
[2026-08-21T19:12:01.231Z] error: <httpProxy> Error calling http://localhost:8010/...
[2026-08-21T19:12:01.232Z] error: <httpProxy> [
  500,
  AggregateError: 
      at ignore-listed frames {
    code: 'ECONNREFUSED',
    [errors]: [ [Error], [Error] ]
  }
]
[2026-08-21T19:12:01.233Z] error: <httpProxy> Error calling http://localhost:2283/...
[2026-08-21T19:12:01.233Z] error: <httpProxy> [
  500,
  AggregateError: 
      at ignore-listed frames {
    code: 'ECONNREFUSED',
    [errors]: [ [Error], [Error] ]
  }
]
[2026-08-21T19:12:01.234Z] error: <httpProxy> Error calling http://localhost:9000/...
[2026-08-21T19:12:01.234Z] error: <httpProxy> [
  500,
  AggregateError: 
      at ignore-listed frames {
    code: 'ECONNREFUSED',
    [errors]: [ [Error], [Error] ]
  }
]
[2026-08-21T19:12:01.236Z] error: <httpProxy> Error calling http://localhost:5006/...
[2026-08-21T19:12:01.237Z] error: <httpProxy> [
  500,
  AggregateError: 
      at ignore-listed frames {
    code: 'ECONNREFUSED',
    [errors]: [ [Error], [Error] ]
  }
]
[2026-08-21T19:12:01.238Z] error: <httpProxy> Error calling http://localhost:8010/...
[2026-08-21T19:12:01.238Z] error: <httpProxy> [
  500,
  AggregateError: 
      at ignore-listed frames {
    code: 'ECONNREFUSED',
    [errors]: [ [Error], [Error] ]
  }
]
[2026-08-21T19:12:01.243Z] error: <httpProxy> Error calling http://localhost:8020/...
[2026-08-21T19:12:01.243Z] error: <httpProxy> [
  500,
  AggregateError: 
      at ignore-listed frames {
    code: 'ECONNREFUSED',
    [errors]: [ [Error], [Error] ]
  }
]
[2026-08-21T19:12:01.244Z] error: <httpProxy> Error calling http://localhost:8015/...
[2026-08-21T19:12:01.244Z] error: <httpProxy> [
  500,
  AggregateError: 
      at ignore-listed frames {
    code: 'ECONNREFUSED',
    [errors]: [ [Error], [Error] ]
  }
]
[2026-08-21T19:12:01.245Z] error: <httpProxy> Error calling http://localhost:8020/...
[2026-08-21T19:12:01.245Z] error: <httpProxy> [
  500,
  AggregateError: 
      at ignore-listed frames {
    code: 'ECONNREFUSED',
    [errors]: [ [Error], [Error] ]
  }
]
[2026-08-21T19:12:01.248Z] error: <httpProxy> Error calling http://localhost:8015/...
[2026-08-21T19:12:01.249Z] error: <httpProxy> [
  500,
  AggregateError: 
      at ignore-listed frames {
    code: 'ECONNREFUSED',
    [errors]: [ [Error], [Error] ]
  }
]
[2026-08-21T19:12:01.251Z] error: <httpProxy> Error calling http://localhost:3929/...
[2026-08-21T19:12:01.251Z] error: <httpProxy> [
  500,
  AggregateError: 
      at ignore-listed frames {
    code: 'ECONNREFUSED',
    [errors]: [ [Error], [Error] ]
  }
]
[2026-08-21T19:12:01.251Z] error: <httpProxy> Error calling http://localhost:3001/...
[2026-08-21T19:12:01.252Z] error: <httpProxy> [
  500,
  AggregateError: 
      at ignore-listed frames {
    code: 'ECONNREFUSED',
    [errors]: [ [Error], [Error] ]
  }
]
[2026-08-21T19:12:01.252Z] error: <httpProxy> Error calling http://localhost:8082/...
[2026-08-21T19:12:01.252Z] error: <httpProxy> [
  500,
  AggregateError: 
      at ignore-listed frames {
    code: 'ECONNREFUSED',
    [errors]: [ [Error], [Error] ]
  }
]
[2026-08-21T19:12:01.253Z] error: <httpProxy> Error calling http://localhost:8787/...
[2026-08-21T19:12:01.253Z] error: <httpProxy> [
  500,
  AggregateError: 
      at ignore-listed frames {
    code: 'ECONNREFUSED',
    [errors]: [ [Error], [Error] ]
  }
]
[2026-08-21T19:12:01.254Z] error: <httpProxy> Error calling http://localhost:3929/...
[2026-08-21T19:12:01.255Z] error: <httpProxy> [
  500,
  AggregateError: 
      at ignore-listed frames {
    code: 'ECONNREFUSED',
    [errors]: [ [Error], [Error] ]
  }
]
[2026-08-21T19:12:01.255Z] error: <httpProxy> Error calling http://localhost:3001/...
[2026-08-21T19:12:01.256Z] error: <httpProxy> [
  500,
  AggregateError: 
      at ignore-listed frames {
    code: 'ECONNREFUSED',
    [errors]: [ [Error], [Error] ]
  }
]
[2026-08-21T19:12:01.256Z] error: <httpProxy> Error calling http://localhost:8082/...
[2026-08-21T19:12:01.256Z] error: <httpProxy> [
  500,
  AggregateError: 
      at ignore-listed frames {
    code: 'ECONNREFUSED',
    [errors]: [ [Error], [Error] ]
  }
]
[2026-08-21T19:12:01.256Z] error: <httpProxy> Error calling http://localhost:8787/...
[2026-08-21T19:12:01.257Z] error: <httpProxy> [
  500,
  AggregateError: 
      at ignore-listed frames {
    code: 'ECONNREFUSED',
    [errors]: [ [Error], [Error] ]
  }
]
[2026-08-21T19:12:01.263Z] error: <httpProxy> Error calling http://localhost:8090/...
[2026-08-21T19:12:01.263Z] error: <httpProxy> [
  500,
  AggregateError: 
      at ignore-listed frames {
    code: 'ECONNREFUSED',
    [errors]: [ [Error], [Error] ]
  }
]
[2026-08-21T19:12:01.264Z] error: <httpProxy> Error calling http://localhost:8081/...
[2026-08-21T19:12:01.264Z] error: <httpProxy> [
  500,
  AggregateError: 
      at ignore-listed frames {
    code: 'ECONNREFUSED',
    [errors]: [ [Error], [Error] ]
  }
]
[2026-08-21T19:12:01.266Z] error: <httpProxy> Error calling http://localhost:8090/...
[2026-08-21T19:12:01.266Z] error: <httpProxy> [
  500,
  AggregateError: 
      at ignore-listed frames {
    code: 'ECONNREFUSED',
    [errors]: [ [Error], [Error] ]
  }
]
[2026-08-21T19:12:01.267Z] error: <httpProxy> Error calling http://localhost:8081/...
[2026-08-21T19:12:01.267Z] error: <httpProxy> [
  500,
  AggregateError: 
      at ignore-listed frames {
    code: 'ECONNREFUSED',
    [errors]: [ [Error], [Error] ]
  }
]
[2026-08-21T19:12:01.268Z] error: <httpProxy> Error calling http://localhost:8787/...
[2026-08-21T19:12:01.268Z] error: <httpProxy> [
  500,
  AggregateError: 
      at ignore-listed frames {
    code: 'ECONNREFUSED',
    [errors]: [ [Error], [Error] ]
  }
]
[2026-08-21T19:12:01.268Z] error: <httpProxy> Error calling http://localhost:8083/...
[2026-08-21T19:12:01.269Z] error: <httpProxy> [
  500,
  AggregateError: 
      at ignore-listed frames {
    code: 'ECONNREFUSED',
    [errors]: [ [Error], [Error] ]
  }
]
[2026-08-21T19:12:01.269Z] error: <httpProxy> Error calling http://localhost:8083/...
[2026-08-21T19:12:01.269Z] error: <httpProxy> [
  500,
  AggregateError: 
      at ignore-listed frames {
    code: 'ECONNREFUSED',
    [errors]: [ [Error], [Error] ]
  }
]
[2026-08-21T19:12:01.269Z] error: <httpProxy> Error calling http://localhost:8083/...
[2026-08-21T19:12:01.270Z] error: <httpProxy> [
  500,
  AggregateError: 
      at ignore-listed frames {
    code: 'ECONNREFUSED',
    [errors]: [ [Error], [Error] ]
  }
]
[2026-08-21T19:12:01.271Z] error: <httpProxy> Error calling http://localhost:8787/...
[2026-08-21T19:12:01.271Z] error: <httpProxy> [
  500,
  AggregateError: 
      at ignore-listed frames {
    code: 'ECONNREFUSED',
    [errors]: [ [Error], [Error] ]
  }
]
[2026-08-21T19:12:01.271Z] error: <httpProxy> Error calling http://localhost:8083/...
[2026-08-21T19:12:01.272Z] error: <httpProxy> [
  500,
  AggregateError: 
      at ignore-listed frames {
    code: 'ECONNREFUSED',
    [errors]: [ [Error], [Error] ]
  }
]
[2026-08-21T19:12:01.272Z] error: <httpProxy> Error calling http://localhost:8083/...
[2026-08-21T19:12:01.272Z] error: <httpProxy> [
  500,
  AggregateError: 
      at ignore-listed frames {
    code: 'ECONNREFUSED',
    [errors]: [ [Error], [Error] ]
  }
]
[2026-08-21T19:12:01.273Z] error: <httpProxy> Error calling http://localhost:8083/...
[2026-08-21T19:12:01.273Z] error: <httpProxy> [
  500,
  AggregateError: 
      at ignore-listed frames {
    code: 'ECONNREFUSED',
    [errors]: [ [Error], [Error] ]
  }
]
[2026-08-21T19:13:50.637Z] error: <httpProxy> Error calling http://localhost:8010/...
[2026-08-21T19:13:50.641Z] error: <httpProxy> [
  500,
  AggregateError: 
      at ignore-listed frames {
    code: 'ECONNREFUSED',
    [errors]: [ [Error], [Error] ]
  }
]
[2026-08-21T19:13:50.649Z] error: <httpProxy> Error calling http://localhost:8010/...
[2026-08-21T19:13:50.650Z] error: <httpProxy> [
  500,
  AggregateError: 
      at ignore-listed frames {
    code: 'ECONNREFUSED',
    [errors]: [ [Error], [Error] ]
  }
]
[2026-08-21T19:13:50.660Z] error: <httpProxy> Error calling http://localhost:2283/...
[2026-08-21T19:13:50.661Z] error: <httpProxy> [
  500,
  AggregateError: 
      at ignore-listed frames {
    code: 'ECONNREFUSED',
    [errors]: [ [Error], [Error] ]
  }
]
[2026-08-21T19:13:50.666Z] error: <httpProxy> Error calling http://localhost:5006/...
[2026-08-21T19:13:50.666Z] error: <httpProxy> [
  500,
  AggregateError: 
      at ignore-listed frames {
    code: 'ECONNREFUSED',
    [errors]: [ [Error], [Error] ]
  }
]
[2026-08-21T19:13:50.667Z] error: <httpProxy> Error calling http://localhost:9000/...
[2026-08-21T19:13:50.668Z] error: <httpProxy> [
  500,
  AggregateError: 
      at ignore-listed frames {
    code: 'ECONNREFUSED',
    [errors]: [ [Error], [Error] ]
  }
]
[2026-08-21T19:13:50.671Z] error: <httpProxy> Error calling http://localhost:2283/...
[2026-08-21T19:13:50.671Z] error: <httpProxy> [
  500,
  AggregateError: 
      at ignore-listed frames {
    code: 'ECONNREFUSED',
    [errors]: [ [Error], [Error] ]
  }
]
[2026-08-21T19:13:50.675Z] error: <httpProxy> Error calling http://localhost:8020/...
[2026-08-21T19:13:50.675Z] error: <httpProxy> [
  500,
  AggregateError: 
      at ignore-listed frames {
    code: 'ECONNREFUSED',
    [errors]: [ [Error], [Error] ]
  }
]
[2026-08-21T19:13:50.676Z] error: <httpProxy> Error calling http://localhost:5006/...
[2026-08-21T19:13:50.676Z] error: <httpProxy> [
  500,
  AggregateError: 
      at ignore-listed frames {
    code: 'ECONNREFUSED',
    [errors]: [ [Error], [Error] ]
  }
]
[2026-08-21T19:13:50.677Z] error: <httpProxy> Error calling http://localhost:9000/...
[2026-08-21T19:13:50.677Z] error: <httpProxy> [
  500,
  AggregateError: 
      at ignore-listed frames {
    code: 'ECONNREFUSED',
    [errors]: [ [Error], [Error] ]
  }
]
[2026-08-21T19:13:50.684Z] error: <httpProxy> Error calling http://localhost:8015/...
[2026-08-21T19:13:50.685Z] error: <httpProxy> [
  500,
  AggregateError: 
      at ignore-listed frames {
    code: 'ECONNREFUSED',
    [errors]: [ [Error], [Error] ]
  }
]
[2026-08-21T19:13:50.686Z] error: <httpProxy> Error calling http://localhost:8020/...
[2026-08-21T19:13:50.687Z] error: <httpProxy> [
  500,
  AggregateError: 
      at ignore-listed frames {
    code: 'ECONNREFUSED',
    [errors]: [ [Error], [Error] ]
  }
]
[2026-08-21T19:13:50.690Z] error: <httpProxy> Error calling http://localhost:3929/...
[2026-08-21T19:13:50.691Z] error: <httpProxy> [
  500,
  AggregateError: 
      at ignore-listed frames {
    code: 'ECONNREFUSED',
    [errors]: [ [Error], [Error] ]
  }
]
[2026-08-21T19:13:50.691Z] error: <httpProxy> Error calling http://localhost:8015/...
[2026-08-21T19:13:50.692Z] error: <httpProxy> [
  500,
  AggregateError: 
      at ignore-listed frames {
    code: 'ECONNREFUSED',
    [errors]: [ [Error], [Error] ]
  }
]
[2026-08-21T19:13:50.697Z] error: <httpProxy> Error calling http://localhost:3001/...
[2026-08-21T19:13:50.698Z] error: <httpProxy> [
  500,
  AggregateError: 
      at ignore-listed frames {
    code: 'ECONNREFUSED',
    [errors]: [ [Error], [Error] ]
  }
]
[2026-08-21T19:13:50.698Z] error: <httpProxy> Error calling http://localhost:3929/...
[2026-08-21T19:13:50.699Z] error: <httpProxy> [
  500,
  AggregateError: 
      at ignore-listed frames {
    code: 'ECONNREFUSED',
    [errors]: [ [Error], [Error] ]
  }
]
[2026-08-21T19:13:50.700Z] error: <httpProxy> Error calling http://localhost:8082/...
[2026-08-21T19:13:50.700Z] error: <httpProxy> [
  500,
  AggregateError: 
      at ignore-listed frames {
    code: 'ECONNREFUSED',
    [errors]: [ [Error], [Error] ]
  }
]
[2026-08-21T19:13:50.701Z] error: <httpProxy> Error calling http://localhost:8787/...
[2026-08-21T19:13:50.701Z] error: <httpProxy> [
  500,
  AggregateError: 
      at ignore-listed frames {
    code: 'ECONNREFUSED',
    [errors]: [ [Error], [Error] ]
  }
]
[2026-08-21T19:13:50.704Z] error: <httpProxy> Error calling http://localhost:3001/...
[2026-08-21T19:13:50.704Z] error: <httpProxy> [
  500,
  AggregateError: 
      at ignore-listed frames {
    code: 'ECONNREFUSED',
    [errors]: [ [Error], [Error] ]
  }
]
[2026-08-21T19:13:50.707Z] error: <httpProxy> Error calling http://localhost:8090/...
[2026-08-21T19:13:50.708Z] error: <httpProxy> [
  500,
  AggregateError: 
      at ignore-listed frames {
    code: 'ECONNREFUSED',
    [errors]: [ [Error], [Error] ]
  }
]
[2026-08-21T19:13:50.708Z] error: <httpProxy> Error calling http://localhost:8082/...
[2026-08-21T19:13:50.708Z] error: <httpProxy> [
  500,
  AggregateError: 
      at ignore-listed frames {
    code: 'ECONNREFUSED',
    [errors]: [ [Error], [Error] ]
  }
]
[2026-08-21T19:13:50.709Z] error: <httpProxy> Error calling http://localhost:8787/...
[2026-08-21T19:13:50.709Z] error: <httpProxy> [
  500,
  AggregateError: 
      at ignore-listed frames {
    code: 'ECONNREFUSED',
    [errors]: [ [Error], [Error] ]
  }
]
[2026-08-21T19:13:50.715Z] error: <httpProxy> Error calling http://localhost:8081/...
[2026-08-21T19:13:50.715Z] error: <httpProxy> [
  500,
  AggregateError: 
      at ignore-listed frames {
    code: 'ECONNREFUSED',
    [errors]: [ [Error], [Error] ]
  }
]
[2026-08-21T19:13:50.717Z] error: <httpProxy> Error calling http://localhost:8090/...
[2026-08-21T19:13:50.718Z] error: <httpProxy> [
  500,
  AggregateError: 
      at ignore-listed frames {
    code: 'ECONNREFUSED',
    [errors]: [ [Error], [Error] ]
  }
]
[2026-08-21T19:13:50.718Z] error: <httpProxy> Error calling http://localhost:8081/...
[2026-08-21T19:13:50.719Z] error: <httpProxy> [
  500,
  AggregateError: 
      at ignore-listed frames {
    code: 'ECONNREFUSED',
    [errors]: [ [Error], [Error] ]
  }
]
[2026-08-21T19:13:50.731Z] error: <httpProxy> Error calling http://localhost:8787/...
[2026-08-21T19:13:50.731Z] error: <httpProxy> [
  500,
  AggregateError: 
      at ignore-listed frames {
    code: 'ECONNREFUSED',
    [errors]: [ [Error], [Error] ]
  }
]
[2026-08-21T19:13:50.732Z] error: <httpProxy> Error calling http://localhost:8083/...
[2026-08-21T19:13:50.732Z] error: <httpProxy> [
  500,
  AggregateError: 
      at ignore-listed frames {
    code: 'ECONNREFUSED',
    [errors]: [ [Error], [Error] ]
  }
]
[2026-08-21T19:13:50.734Z] error: <httpProxy> Error calling http://localhost:8083/...
[2026-08-21T19:13:50.735Z] error: <httpProxy> [
  500,
  AggregateError: 
      at ignore-listed frames {
    code: 'ECONNREFUSED',
    [errors]: [ [Error], [Error] ]
  }
]
[2026-08-21T19:13:50.735Z] error: <httpProxy> Error calling http://localhost:8083/...
[2026-08-21T19:13:50.736Z] error: <httpProxy> [
  500,
  AggregateError: 
      at ignore-listed frames {
    code: 'ECONNREFUSED',
    [errors]: [ [Error], [Error] ]
  }
]
[2026-08-21T19:13:50.736Z] error: <httpProxy> Error calling http://localhost:8787/...
[2026-08-21T19:13:50.736Z] error: <httpProxy> [
  500,
  AggregateError: 
      at ignore-listed frames {
    code: 'ECONNREFUSED',
    [errors]: [ [Error], [Error] ]
  }
]
[2026-08-21T19:13:50.737Z] error: <httpProxy> Error calling http://localhost:8083/...
[2026-08-21T19:13:50.737Z] error: <httpProxy> [
  500,
  AggregateError: 
      at ignore-listed frames {
    code: 'ECONNREFUSED',
    [errors]: [ [Error], [Error] ]
  }
]
[2026-08-21T19:13:50.738Z] error: <httpProxy> Error calling http://localhost:8083/...
[2026-08-21T19:13:50.738Z] error: <httpProxy> [
  500,
  AggregateError: 
      at ignore-listed frames {
    code: 'ECONNREFUSED',
    [errors]: [ [Error], [Error] ]
  }
]
[2026-08-21T19:13:50.739Z] error: <httpProxy> Error calling http://localhost:8083/...
[2026-08-21T19:13:50.739Z] error: <httpProxy> [
  500,
  AggregateError: 
      at ignore-listed frames {
    code: 'ECONNREFUSED',
    [errors]: [ [Error], [Error] ]
  }
]
[2026-08-21T19:13:51.004Z] error: <httpProxy> Error calling http://localhost:2283/...
[2026-08-21T19:13:51.005Z] error: <httpProxy> [
  500,
  AggregateError: 
      at ignore-listed frames {
    code: 'ECONNREFUSED',
    [errors]: [ [Error], [Error] ]
  }
]
[2026-08-21T19:13:51.005Z] error: <httpProxy> Error calling http://localhost:8010/...
[2026-08-21T19:13:51.006Z] error: <httpProxy> [
  500,
  AggregateError: 
      at ignore-listed frames {
    code: 'ECONNREFUSED',
    [errors]: [ [Error], [Error] ]
  }
]
[2026-08-21T19:13:51.006Z] error: <httpProxy> Error calling http://localhost:9000/...
[2026-08-21T19:13:51.007Z] error: <httpProxy> [
  500,
  AggregateError: 
      at ignore-listed frames {
    code: 'ECONNREFUSED',
    [errors]: [ [Error], [Error] ]
  }
]
[2026-08-21T19:13:51.007Z] error: <httpProxy> Error calling http://localhost:5006/...
[2026-08-21T19:13:51.008Z] error: <httpProxy> [
  500,
  AggregateError: 
      at ignore-listed frames {
    code: 'ECONNREFUSED',
    [errors]: [ [Error], [Error] ]
  }
]
[2026-08-21T19:13:51.009Z] error: <httpProxy> Error calling http://localhost:8020/...
[2026-08-21T19:13:51.010Z] error: <httpProxy> [
  500,
  AggregateError: 
      at ignore-listed frames {
    code: 'ECONNREFUSED',
    [errors]: [ [Error], [Error] ]
  }
]
[2026-08-21T19:13:51.010Z] error: <httpProxy> Error calling http://localhost:8015/...
[2026-08-21T19:13:51.011Z] error: <httpProxy> [
  500,
  AggregateError: 
      at ignore-listed frames {
    code: 'ECONNREFUSED',
    [errors]: [ [Error], [Error] ]
  }
]
[2026-08-21T19:13:51.012Z] error: <httpProxy> Error calling http://localhost:2283/...
[2026-08-21T19:13:51.012Z] error: <httpProxy> [
  500,
  AggregateError: 
      at ignore-listed frames {
    code: 'ECONNREFUSED',
    [errors]: [ [Error], [Error] ]
  }
]
[2026-08-21T19:13:51.013Z] error: <httpProxy> Error calling http://localhost:8010/...
[2026-08-21T19:13:51.013Z] error: <httpProxy> [
  500,
  AggregateError: 
      at ignore-listed frames {
    code: 'ECONNREFUSED',
    [errors]: [ [Error], [Error] ]
  }
]
[2026-08-21T19:13:51.014Z] error: <httpProxy> Error calling http://localhost:9000/...
[2026-08-21T19:13:51.014Z] error: <httpProxy> [
  500,
  AggregateError: 
      at ignore-listed frames {
    code: 'ECONNREFUSED',
    [errors]: [ [Error], [Error] ]
  }
]
[2026-08-21T19:13:51.014Z] error: <httpProxy> Error calling http://localhost:5006/...
[2026-08-21T19:13:51.015Z] error: <httpProxy> [
  500,
  AggregateError: 
      at ignore-listed frames {
    code: 'ECONNREFUSED',
    [errors]: [ [Error], [Error] ]
  }
]
[2026-08-21T19:13:51.023Z] error: <httpProxy> Error calling http://localhost:8020/...
[2026-08-21T19:13:51.024Z] error: <httpProxy> [
  500,
  AggregateError: 
      at ignore-listed frames {
    code: 'ECONNREFUSED',
    [errors]: [ [Error], [Error] ]
  }
]
[2026-08-21T19:13:51.024Z] error: <httpProxy> Error calling http://localhost:8015/...
[2026-08-21T19:13:51.025Z] error: <httpProxy> [
  500,
  AggregateError: 
      at ignore-listed frames {
    code: 'ECONNREFUSED',
    [errors]: [ [Error], [Error] ]
  }
]
[2026-08-21T19:13:51.034Z] error: <httpProxy> Error calling http://localhost:3929/...
[2026-08-21T19:13:51.035Z] error: <httpProxy> [
  500,
  AggregateError: 
      at ignore-listed frames {
    code: 'ECONNREFUSED',
    [errors]: [ [Error], [Error] ]
  }
]
[2026-08-21T19:13:51.035Z] error: <httpProxy> Error calling http://localhost:3001/...
[2026-08-21T19:13:51.036Z] error: <httpProxy> [
  500,
  AggregateError: 
      at ignore-listed frames {
    code: 'ECONNREFUSED',
    [errors]: [ [Error], [Error] ]
  }
]
[2026-08-21T19:13:51.036Z] error: <httpProxy> Error calling http://localhost:8082/...
[2026-08-21T19:13:51.036Z] error: <httpProxy> [
  500,
  AggregateError: 
      at ignore-listed frames {
    code: 'ECONNREFUSED',
    [errors]: [ [Error], [Error] ]
  }
]
[2026-08-21T19:13:51.037Z] error: <httpProxy> Error calling http://localhost:8787/...
[2026-08-21T19:13:51.037Z] error: <httpProxy> [
  500,
  AggregateError: 
      at ignore-listed frames {
    code: 'ECONNREFUSED',
    [errors]: [ [Error], [Error] ]
  }
]
[2026-08-21T19:13:51.038Z] error: <httpProxy> Error calling http://localhost:8090/...
[2026-08-21T19:13:51.038Z] error: <httpProxy> [
  500,
  AggregateError: 
      at ignore-listed frames {
    code: 'ECONNREFUSED',
    [errors]: [ [Error], [Error] ]
  }
]
[2026-08-21T19:13:51.039Z] error: <httpProxy> Error calling http://localhost:8081/...
[2026-08-21T19:13:51.039Z] error: <httpProxy> [
  500,
  AggregateError: 
      at ignore-listed frames {
    code: 'ECONNREFUSED',
    [errors]: [ [Error], [Error] ]
  }
]
[2026-08-21T19:13:51.040Z] error: <httpProxy> Error calling http://localhost:3929/...
[2026-08-21T19:13:51.040Z] error: <httpProxy> [
  500,
  AggregateError: 
      at ignore-listed frames {
    code: 'ECONNREFUSED',
    [errors]: [ [Error], [Error] ]
  }
]
[2026-08-21T19:13:51.040Z] error: <httpProxy> Error calling http://localhost:3001/...
[2026-08-21T19:13:51.041Z] error: <httpProxy> [
  500,
  AggregateError: 
      at ignore-listed frames {
    code: 'ECONNREFUSED',
    [errors]: [ [Error], [Error] ]
  }
]
[2026-08-21T19:13:51.041Z] error: <httpProxy> Error calling http://localhost:8082/...
[2026-08-21T19:13:51.041Z] error: <httpProxy> [
  500,
  AggregateError: 
      at ignore-listed frames {
    code: 'ECONNREFUSED',
    [errors]: [ [Error], [Error] ]
  }
]
[2026-08-21T19:13:51.042Z] error: <httpProxy> Error calling http://localhost:8787/...
[2026-08-21T19:13:51.042Z] error: <httpProxy> [
  500,
  AggregateError: 
      at ignore-listed frames {
    code: 'ECONNREFUSED',
    [errors]: [ [Error], [Error] ]
  }
]
[2026-08-21T19:13:51.050Z] error: <httpProxy> Error calling http://localhost:8090/...
[2026-08-21T19:13:51.050Z] error: <httpProxy> [
  500,
  AggregateError: 
      at ignore-listed frames {
    code: 'ECONNREFUSED',
    [errors]: [ [Error], [Error] ]
  }
]
[2026-08-21T19:13:51.052Z] error: <httpProxy> Error calling http://localhost:8081/...
[2026-08-21T19:13:51.053Z] error: <httpProxy> [
  500,
  AggregateError: 
      at ignore-listed frames {
    code: 'ECONNREFUSED',
    [errors]: [ [Error], [Error] ]
  }
]
[2026-08-21T19:13:51.061Z] error: <httpProxy> Error calling http://localhost:8787/...
[2026-08-21T19:13:51.062Z] error: <httpProxy> [
  500,
  AggregateError: 
      at ignore-listed frames {
    code: 'ECONNREFUSED',
    [errors]: [ [Error], [Error] ]
  }
]
[2026-08-21T19:13:51.062Z] error: <httpProxy> Error calling http://localhost:8083/...
[2026-08-21T19:13:51.062Z] error: <httpProxy> [
  500,
  AggregateError: 
      at ignore-listed frames {
    code: 'ECONNREFUSED',
    [errors]: [ [Error], [Error] ]
  }
]
[2026-08-21T19:13:51.063Z] error: <httpProxy> Error calling http://localhost:8083/...
[2026-08-21T19:13:51.063Z] error: <httpProxy> [
  500,
  AggregateError: 
      at ignore-listed frames {
    code: 'ECONNREFUSED',
    [errors]: [ [Error], [Error] ]
  }
]
[2026-08-21T19:13:51.064Z] error: <httpProxy> Error calling http://localhost:8083/...
[2026-08-21T19:13:51.064Z] error: <httpProxy> [
  500,
  AggregateError: 
      at ignore-listed frames {
    code: 'ECONNREFUSED',
    [errors]: [ [Error], [Error] ]
  }
]
[2026-08-21T19:13:51.065Z] error: <httpProxy> Error calling http://localhost:8787/...
[2026-08-21T19:13:51.066Z] error: <httpProxy> [
  500,
  AggregateError: 
      at ignore-listed frames {
    code: 'ECONNREFUSED',
    [errors]: [ [Error], [Error] ]
  }
]
[2026-08-21T19:13:51.066Z] error: <httpProxy> Error calling http://localhost:8083/...
[2026-08-21T19:13:51.066Z] error: <httpProxy> [
  500,
  AggregateError: 
      at ignore-listed frames {
    code: 'ECONNREFUSED',
    [errors]: [ [Error], [Error] ]
  }
]
[2026-08-21T19:13:51.067Z] error: <httpProxy> Error calling http://localhost:8083/...
[2026-08-21T19:13:51.067Z] error: <httpProxy> [
  500,
  AggregateError: 
      at ignore-listed frames {
    code: 'ECONNREFUSED',
    [errors]: [ [Error], [Error] ]
  }
]
[2026-08-21T19:13:51.068Z] error: <httpProxy> Error calling http://localhost:8083/...
[2026-08-21T19:13:51.068Z] error: <httpProxy> [
  500,
  AggregateError: 
      at ignore-listed frames {
    code: 'ECONNREFUSED',
    [errors]: [ [Error], [Error] ]
  }
]
[2026-08-21T19:18:53.984Z] error: <httpProxy> Error calling http://localhost:8010/...
[2026-08-21T19:18:53.989Z] error: <httpProxy> [
  500,
  AggregateError: 
      at ignore-listed frames {
    code: 'ECONNREFUSED',
    [errors]: [ [Error], [Error] ]
  }
]
[2026-08-21T19:18:53.999Z] error: <httpProxy> Error calling http://localhost:8010/...
[2026-08-21T19:18:54.001Z] error: <httpProxy> [
  500,
  AggregateError: 
      at ignore-listed frames {
    code: 'ECONNREFUSED',
    [errors]: [ [Error], [Error] ]
  }
]
[2026-08-21T19:18:54.006Z] error: <httpProxy> Error calling http://localhost:9000/...
[2026-08-21T19:18:54.007Z] error: <httpProxy> [
  500,
  AggregateError: 
      at ignore-listed frames {
    code: 'ECONNREFUSED',
    [errors]: [ [Error], [Error] ]
  }
]
[2026-08-21T19:18:54.007Z] error: <httpProxy> Error calling http://localhost:2283/...
[2026-08-21T19:18:54.008Z] error: <httpProxy> [
  500,
  AggregateError: 
      at ignore-listed frames {
    code: 'ECONNREFUSED',
    [errors]: [ [Error], [Error] ]
  }
]
[2026-08-21T19:18:54.011Z] error: <httpProxy> Error calling http://localhost:5006/...
[2026-08-21T19:18:54.012Z] error: <httpProxy> [
  500,
  AggregateError: 
      at ignore-listed frames {
    code: 'ECONNREFUSED',
    [errors]: [ [Error], [Error] ]
  }
]
[2026-08-21T19:18:54.014Z] error: <httpProxy> Error calling http://localhost:8020/...
[2026-08-21T19:18:54.014Z] error: <httpProxy> [
  500,
  AggregateError: 
      at ignore-listed frames {
    code: 'ECONNREFUSED',
    [errors]: [ [Error], [Error] ]
  }
]
[2026-08-21T19:18:54.015Z] error: <httpProxy> Error calling http://localhost:9000/...
[2026-08-21T19:18:54.016Z] error: <httpProxy> [
  500,
  AggregateError: 
      at ignore-listed frames {
    code: 'ECONNREFUSED',
    [errors]: [ [Error], [Error] ]
  }
]
[2026-08-21T19:18:54.016Z] error: <httpProxy> Error calling http://localhost:2283/...
[2026-08-21T19:18:54.017Z] error: <httpProxy> [
  500,
  AggregateError: 
      at ignore-listed frames {
    code: 'ECONNREFUSED',
    [errors]: [ [Error], [Error] ]
  }
]
[2026-08-21T19:18:54.022Z] error: <httpProxy> Error calling http://localhost:5006/...
[2026-08-21T19:18:54.023Z] error: <httpProxy> [
  500,
  AggregateError: 
      at ignore-listed frames {
    code: 'ECONNREFUSED',
    [errors]: [ [Error], [Error] ]
  }
]
[2026-08-21T19:18:54.027Z] error: <httpProxy> Error calling http://localhost:8020/...
[2026-08-21T19:18:54.027Z] error: <httpProxy> [
  500,
  AggregateError: 
      at ignore-listed frames {
    code: 'ECONNREFUSED',
    [errors]: [ [Error], [Error] ]
  }
]
[2026-08-21T19:18:54.031Z] error: <httpProxy> Error calling http://localhost:8015/...
[2026-08-21T19:18:54.031Z] error: <httpProxy> [
  500,
  AggregateError: 
      at ignore-listed frames {
    code: 'ECONNREFUSED',
    [errors]: [ [Error], [Error] ]
  }
]
[2026-08-21T19:18:54.034Z] error: <httpProxy> Error calling http://localhost:3929/...
[2026-08-21T19:18:54.035Z] error: <httpProxy> [
  500,
  AggregateError: 
      at ignore-listed frames {
    code: 'ECONNREFUSED',
    [errors]: [ [Error], [Error] ]
  }
]
[2026-08-21T19:18:54.037Z] error: <httpProxy> Error calling http://localhost:8015/...
[2026-08-21T19:18:54.038Z] error: <httpProxy> [
  500,
  AggregateError: 
      at ignore-listed frames {
    code: 'ECONNREFUSED',
    [errors]: [ [Error], [Error] ]
  }
]
[2026-08-21T19:18:54.039Z] error: <httpProxy> Error calling http://localhost:3001/...
[2026-08-21T19:18:54.039Z] error: <httpProxy> [
  500,
  AggregateError: 
      at ignore-listed frames {
    code: 'ECONNREFUSED',
    [errors]: [ [Error], [Error] ]
  }
]
[2026-08-21T19:18:54.040Z] error: <httpProxy> Error calling http://localhost:8082/...
[2026-08-21T19:18:54.040Z] error: <httpProxy> [
  500,
  AggregateError: 
      at ignore-listed frames {
    code: 'ECONNREFUSED',
    [errors]: [ [Error], [Error] ]
  }
]
[2026-08-21T19:18:54.041Z] error: <httpProxy> Error calling http://localhost:3929/...
[2026-08-21T19:18:54.041Z] error: <httpProxy> [
  500,
  AggregateError: 
      at ignore-listed frames {
    code: 'ECONNREFUSED',
    [errors]: [ [Error], [Error] ]
  }
]
[2026-08-21T19:18:54.046Z] error: <httpProxy> Error calling http://localhost:8787/...
[2026-08-21T19:18:54.047Z] error: <httpProxy> [
  500,
  AggregateError: 
      at ignore-listed frames {
    code: 'ECONNREFUSED',
    [errors]: [ [Error], [Error] ]
  }
]
[2026-08-21T19:18:54.048Z] error: <httpProxy> Error calling http://localhost:8090/...
[2026-08-21T19:18:54.048Z] error: <httpProxy> [
  500,
  AggregateError: 
      at ignore-listed frames {
    code: 'ECONNREFUSED',
    [errors]: [ [Error], [Error] ]
  }
]
[2026-08-21T19:18:54.049Z] error: <httpProxy> Error calling http://localhost:3001/...
[2026-08-21T19:18:54.049Z] error: <httpProxy> [
  500,
  AggregateError: 
      at ignore-listed frames {
    code: 'ECONNREFUSED',
    [errors]: [ [Error], [Error] ]
  }
]
[2026-08-21T19:18:54.050Z] error: <httpProxy> Error calling http://localhost:8082/...
[2026-08-21T19:18:54.050Z] error: <httpProxy> [
  500,
  AggregateError: 
      at ignore-listed frames {
    code: 'ECONNREFUSED',
    [errors]: [ [Error], [Error] ]
  }
]
[2026-08-21T19:18:54.054Z] error: <httpProxy> Error calling http://localhost:8787/...
[2026-08-21T19:18:54.055Z] error: <httpProxy> [
  500,
  AggregateError: 
      at ignore-listed frames {
    code: 'ECONNREFUSED',
    [errors]: [ [Error], [Error] ]
  }
]
[2026-08-21T19:18:54.058Z] error: <httpProxy> Error calling http://localhost:8090/...
[2026-08-21T19:18:54.059Z] error: <httpProxy> [
  500,
  AggregateError: 
      at ignore-listed frames {
    code: 'ECONNREFUSED',
    [errors]: [ [Error], [Error] ]
  }
]
[2026-08-21T19:18:54.074Z] error: <httpProxy> Error calling http://localhost:8081/...
[2026-08-21T19:18:54.074Z] error: <httpProxy> [
  500,
  AggregateError: 
      at ignore-listed frames {
    code: 'ECONNREFUSED',
    [errors]: [ [Error], [Error] ]
  }
]
[2026-08-21T19:18:54.074Z] error: <httpProxy> Error calling http://localhost:8787/...
[2026-08-21T19:18:54.075Z] error: <httpProxy> [
  500,
  AggregateError: 
      at ignore-listed frames {
    code: 'ECONNREFUSED',
    [errors]: [ [Error], [Error] ]
  }
]
[2026-08-21T19:18:54.076Z] error: <httpProxy> Error calling http://localhost:8083/...
[2026-08-21T19:18:54.077Z] error: <httpProxy> [
  500,
  AggregateError: 
      at ignore-listed frames {
    code: 'ECONNREFUSED',
    [errors]: [ [Error], [Error] ]
  }
]
[2026-08-21T19:18:54.077Z] error: <httpProxy> Error calling http://localhost:8083/...
[2026-08-21T19:18:54.078Z] error: <httpProxy> [
  500,
  AggregateError: 
      at ignore-listed frames {
    code: 'ECONNREFUSED',
    [errors]: [ [Error], [Error] ]
  }
]
[2026-08-21T19:18:54.078Z] error: <httpProxy> Error calling http://localhost:8081/...
[2026-08-21T19:18:54.079Z] error: <httpProxy> [
  500,
  AggregateError: 
      at ignore-listed frames {
    code: 'ECONNREFUSED',
    [errors]: [ [Error], [Error] ]
  }
]
[2026-08-21T19:18:54.079Z] error: <httpProxy> Error calling http://localhost:8787/...
[2026-08-21T19:18:54.079Z] error: <httpProxy> [
  500,
  AggregateError: 
      at ignore-listed frames {
    code: 'ECONNREFUSED',
    [errors]: [ [Error], [Error] ]
  }
]
[2026-08-21T19:18:54.080Z] error: <httpProxy> Error calling http://localhost:8083/...
[2026-08-21T19:18:54.081Z] error: <httpProxy> [
  500,
  AggregateError: 
      at ignore-listed frames {
    code: 'ECONNREFUSED',
    [errors]: [ [Error], [Error] ]
  }
]
[2026-08-21T19:18:54.081Z] error: <httpProxy> Error calling http://localhost:8083/...
[2026-08-21T19:18:54.082Z] error: <httpProxy> [
  500,
  AggregateError: 
      at ignore-listed frames {
    code: 'ECONNREFUSED',
    [errors]: [ [Error], [Error] ]
  }
]
[2026-08-21T19:18:54.082Z] error: <httpProxy> Error calling http://localhost:8083/...
[2026-08-21T19:18:54.083Z] error: <httpProxy> [
  500,
  AggregateError: 
      at ignore-listed frames {
    code: 'ECONNREFUSED',
    [errors]: [ [Error], [Error] ]
  }
]
[2026-08-21T19:18:54.084Z] error: <httpProxy> Error calling http://localhost:8083/...
[2026-08-21T19:18:54.084Z] error: <httpProxy> [
  500,
  AggregateError: 
      at ignore-listed frames {
    code: 'ECONNREFUSED',
    [errors]: [ [Error], [Error] ]
  }
]
[2026-08-21T19:18:54.359Z] error: <httpProxy> Error calling http://localhost:2283/...
[2026-08-21T19:18:54.360Z] error: <httpProxy> [
  500,
  AggregateError: 
      at ignore-listed frames {
    code: 'ECONNREFUSED',
    [errors]: [ [Error], [Error] ]
  }
]
[2026-08-21T19:18:54.360Z] error: <httpProxy> Error calling http://localhost:8010/...
[2026-08-21T19:18:54.361Z] error: <httpProxy> [
  500,
  AggregateError: 
      at ignore-listed frames {
    code: 'ECONNREFUSED',
    [errors]: [ [Error], [Error] ]
  }
]
[2026-08-21T19:18:54.362Z] error: <httpProxy> Error calling http://localhost:9000/...
[2026-08-21T19:18:54.363Z] error: <httpProxy> [
  500,
  AggregateError: 
      at ignore-listed frames {
    code: 'ECONNREFUSED',
    [errors]: [ [Error], [Error] ]
  }
]
[2026-08-21T19:18:54.363Z] error: <httpProxy> Error calling http://localhost:5006/...
[2026-08-21T19:18:54.364Z] error: <httpProxy> [
  500,
  AggregateError: 
      at ignore-listed frames {
    code: 'ECONNREFUSED',
    [errors]: [ [Error], [Error] ]
  }
]
[2026-08-21T19:18:54.364Z] error: <httpProxy> Error calling http://localhost:8020/...
[2026-08-21T19:18:54.365Z] error: <httpProxy> [
  500,
  AggregateError: 
      at ignore-listed frames {
    code: 'ECONNREFUSED',
    [errors]: [ [Error], [Error] ]
  }
]
[2026-08-21T19:18:54.365Z] error: <httpProxy> Error calling http://localhost:8015/...
[2026-08-21T19:18:54.366Z] error: <httpProxy> [
  500,
  AggregateError: 
      at ignore-listed frames {
    code: 'ECONNREFUSED',
    [errors]: [ [Error], [Error] ]
  }
]
[2026-08-21T19:18:54.366Z] error: <httpProxy> Error calling http://localhost:2283/...
[2026-08-21T19:18:54.367Z] error: <httpProxy> [
  500,
  AggregateError: 
      at ignore-listed frames {
    code: 'ECONNREFUSED',
    [errors]: [ [Error], [Error] ]
  }
]
[2026-08-21T19:18:54.367Z] error: <httpProxy> Error calling http://localhost:8010/...
[2026-08-21T19:18:54.368Z] error: <httpProxy> [
  500,
  AggregateError: 
      at ignore-listed frames {
    code: 'ECONNREFUSED',
    [errors]: [ [Error], [Error] ]
  }
]
[2026-08-21T19:18:54.373Z] error: <httpProxy> Error calling http://localhost:9000/...
[2026-08-21T19:18:54.374Z] error: <httpProxy> [
  500,
  AggregateError: 
      at ignore-listed frames {
    code: 'ECONNREFUSED',
    [errors]: [ [Error], [Error] ]
  }
]
[2026-08-21T19:18:54.376Z] error: <httpProxy> Error calling http://localhost:5006/...
[2026-08-21T19:18:54.377Z] error: <httpProxy> [
  500,
  AggregateError: 
      at ignore-listed frames {
    code: 'ECONNREFUSED',
    [errors]: [ [Error], [Error] ]
  }
]
[2026-08-21T19:18:54.377Z] error: <httpProxy> Error calling http://localhost:8020/...
[2026-08-21T19:18:54.378Z] error: <httpProxy> [
  500,
  AggregateError: 
      at ignore-listed frames {
    code: 'ECONNREFUSED',
    [errors]: [ [Error], [Error] ]
  }
]
[2026-08-21T19:18:54.382Z] error: <httpProxy> Error calling http://localhost:8015/...
[2026-08-21T19:18:54.383Z] error: <httpProxy> [
  500,
  AggregateError: 
      at ignore-listed frames {
    code: 'ECONNREFUSED',
    [errors]: [ [Error], [Error] ]
  }
]
[2026-08-21T19:18:54.390Z] error: <httpProxy> Error calling http://localhost:3929/...
[2026-08-21T19:18:54.391Z] error: <httpProxy> [
  500,
  AggregateError: 
      at ignore-listed frames {
    code: 'ECONNREFUSED',
    [errors]: [ [Error], [Error] ]
  }
]
[2026-08-21T19:18:54.392Z] error: <httpProxy> Error calling http://localhost:3001/...
[2026-08-21T19:18:54.392Z] error: <httpProxy> [
  500,
  AggregateError: 
      at ignore-listed frames {
    code: 'ECONNREFUSED',
    [errors]: [ [Error], [Error] ]
  }
]
[2026-08-21T19:18:54.393Z] error: <httpProxy> Error calling http://localhost:8082/...
[2026-08-21T19:18:54.394Z] error: <httpProxy> [
  500,
  AggregateError: 
      at ignore-listed frames {
    code: 'ECONNREFUSED',
    [errors]: [ [Error], [Error] ]
  }
]
[2026-08-21T19:18:54.395Z] error: <httpProxy> Error calling http://localhost:8787/...
[2026-08-21T19:18:54.395Z] error: <httpProxy> [
  500,
  AggregateError: 
      at ignore-listed frames {
    code: 'ECONNREFUSED',
    [errors]: [ [Error], [Error] ]
  }
]
[2026-08-21T19:18:54.396Z] error: <httpProxy> Error calling http://localhost:8090/...
[2026-08-21T19:18:54.396Z] error: <httpProxy> [
  500,
  AggregateError: 
      at ignore-listed frames {
    code: 'ECONNREFUSED',
    [errors]: [ [Error], [Error] ]
  }
]
[2026-08-21T19:18:54.397Z] error: <httpProxy> Error calling http://localhost:8081/...
[2026-08-21T19:18:54.397Z] error: <httpProxy> [
  500,
  AggregateError: 
      at ignore-listed frames {
    code: 'ECONNREFUSED',
    [errors]: [ [Error], [Error] ]
  }
]
[2026-08-21T19:18:54.398Z] error: <httpProxy> Error calling http://localhost:3929/...
[2026-08-21T19:18:54.398Z] error: <httpProxy> [
  500,
  AggregateError: 
      at ignore-listed frames {
    code: 'ECONNREFUSED',
    [errors]: [ [Error], [Error] ]
  }
]
[2026-08-21T19:18:54.398Z] error: <httpProxy> Error calling http://localhost:3001/...
[2026-08-21T19:18:54.399Z] error: <httpProxy> [
  500,
  AggregateError: 
      at ignore-listed frames {
    code: 'ECONNREFUSED',
    [errors]: [ [Error], [Error] ]
  }
]
[2026-08-21T19:18:54.403Z] error: <httpProxy> Error calling http://localhost:8082/...
[2026-08-21T19:18:54.404Z] error: <httpProxy> [
  500,
  AggregateError: 
      at ignore-listed frames {
    code: 'ECONNREFUSED',
    [errors]: [ [Error], [Error] ]
  }
]
[2026-08-21T19:18:54.406Z] error: <httpProxy> Error calling http://localhost:8787/...
[2026-08-21T19:18:54.406Z] error: <httpProxy> [
  500,
  AggregateError: 
      at ignore-listed frames {
    code: 'ECONNREFUSED',
    [errors]: [ [Error], [Error] ]
  }
]
[2026-08-21T19:18:54.407Z] error: <httpProxy> Error calling http://localhost:8090/...
[2026-08-21T19:18:54.407Z] error: <httpProxy> [
  500,
  AggregateError: 
      at ignore-listed frames {
    code: 'ECONNREFUSED',
    [errors]: [ [Error], [Error] ]
  }
]
[2026-08-21T19:18:54.415Z] error: <httpProxy> Error calling http://localhost:8081/...
[2026-08-21T19:18:54.415Z] error: <httpProxy> [
  500,
  AggregateError: 
      at ignore-listed frames {
    code: 'ECONNREFUSED',
    [errors]: [ [Error], [Error] ]
  }
]
[2026-08-21T19:18:54.418Z] error: <httpProxy> Error calling http://localhost:8787/...
[2026-08-21T19:18:54.419Z] error: <httpProxy> [
  500,
  AggregateError: 
      at ignore-listed frames {
    code: 'ECONNREFUSED',
    [errors]: [ [Error], [Error] ]
  }
]
[2026-08-21T19:18:54.419Z] error: <httpProxy> Error calling http://localhost:8083/...
[2026-08-21T19:18:54.420Z] error: <httpProxy> [
  500,
  AggregateError: 
      at ignore-listed frames {
    code: 'ECONNREFUSED',
    [errors]: [ [Error], [Error] ]
  }
]
[2026-08-21T19:18:54.420Z] error: <httpProxy> Error calling http://localhost:8083/...
[2026-08-21T19:18:54.421Z] error: <httpProxy> [
  500,
  AggregateError: 
      at ignore-listed frames {
    code: 'ECONNREFUSED',
    [errors]: [ [Error], [Error] ]
  }
]
[2026-08-21T19:18:54.421Z] error: <httpProxy> Error calling http://localhost:8083/...
[2026-08-21T19:18:54.421Z] error: <httpProxy> [
  500,
  AggregateError: 
      at ignore-listed frames {
    code: 'ECONNREFUSED',
    [errors]: [ [Error], [Error] ]
  }
]
[2026-08-21T19:18:54.422Z] error: <httpProxy> Error calling http://localhost:8787/...
[2026-08-21T19:18:54.422Z] error: <httpProxy> [
  500,
  AggregateError: 
      at ignore-listed frames {
    code: 'ECONNREFUSED',
    [errors]: [ [Error], [Error] ]
  }
]
[2026-08-21T19:18:54.423Z] error: <httpProxy> Error calling http://localhost:8083/...
[2026-08-21T19:18:54.423Z] error: <httpProxy> [
  500,
  AggregateError: 
      at ignore-listed frames {
    code: 'ECONNREFUSED',
    [errors]: [ [Error], [Error] ]
  }
]
[2026-08-21T19:18:54.425Z] error: <httpProxy> Error calling http://localhost:8083/...
[2026-08-21T19:18:54.425Z] error: <httpProxy> [
  500,
  AggregateError: 
      at ignore-listed frames {
    code: 'ECONNREFUSED',
    [errors]: [ [Error], [Error] ]
  }
]
[2026-08-21T19:18:54.426Z] error: <httpProxy> Error calling http://localhost:8083/...
[2026-08-21T19:18:54.426Z] error: <httpProxy> [
  500,
  AggregateError: 
      at ignore-listed frames {
    code: 'ECONNREFUSED',
    [errors]: [ [Error], [Error] ]
  }
]
[2026-08-21T19:19:24.364Z] error: <httpProxy> Error calling http://localhost:2283/...
[2026-08-21T19:19:24.365Z] error: <httpProxy> [
  500,
  AggregateError: 
      at ignore-listed frames {
    code: 'ECONNREFUSED',
    [errors]: [ [Error], [Error] ]
  }
]
[2026-08-21T19:19:24.366Z] error: <httpProxy> Error calling http://localhost:9000/...
[2026-08-21T19:19:24.367Z] error: <httpProxy> [
  500,
  AggregateError: 
      at ignore-listed frames {
    code: 'ECONNREFUSED',
    [errors]: [ [Error], [Error] ]
  }
]
[2026-08-21T19:19:24.368Z] error: <httpProxy> Error calling http://localhost:8010/...
[2026-08-21T19:19:24.369Z] error: <httpProxy> [
  500,
  AggregateError: 
      at ignore-listed frames {
    code: 'ECONNREFUSED',
    [errors]: [ [Error], [Error] ]
  }
]
[2026-08-21T19:19:24.369Z] error: <httpProxy> Error calling http://localhost:5006/...
[2026-08-21T19:19:24.370Z] error: <httpProxy> [
  500,
  AggregateError: 
      at ignore-listed frames {
    code: 'ECONNREFUSED',
    [errors]: [ [Error], [Error] ]
  }
]
[2026-08-21T19:19:24.370Z] error: <httpProxy> Error calling http://localhost:2283/...
[2026-08-21T19:19:24.371Z] error: <httpProxy> [
  500,
  AggregateError: 
      at ignore-listed frames {
    code: 'ECONNREFUSED',
    [errors]: [ [Error], [Error] ]
  }
]
[2026-08-21T19:19:24.374Z] error: <httpProxy> Error calling http://localhost:8020/...
[2026-08-21T19:19:24.375Z] error: <httpProxy> [
  500,
  AggregateError: 
      at ignore-listed frames {
    code: 'ECONNREFUSED',
    [errors]: [ [Error], [Error] ]
  }
]
[2026-08-21T19:19:24.375Z] error: <httpProxy> Error calling http://localhost:9000/...
[2026-08-21T19:19:24.376Z] error: <httpProxy> [
  500,
  AggregateError: 
      at ignore-listed frames {
    code: 'ECONNREFUSED',
    [errors]: [ [Error], [Error] ]
  }
]
[2026-08-21T19:19:24.379Z] error: <httpProxy> Error calling http://localhost:8015/...
[2026-08-21T19:19:24.380Z] error: <httpProxy> [
  500,
  AggregateError: 
      at ignore-listed frames {
    code: 'ECONNREFUSED',
    [errors]: [ [Error], [Error] ]
  }
]
[2026-08-21T19:19:24.380Z] error: <httpProxy> Error calling http://localhost:8010/...
[2026-08-21T19:19:24.381Z] error: <httpProxy> [
  500,
  AggregateError: 
      at ignore-listed frames {
    code: 'ECONNREFUSED',
    [errors]: [ [Error], [Error] ]
  }
]
[2026-08-21T19:19:24.383Z] error: <httpProxy> Error calling http://localhost:5006/...
[2026-08-21T19:19:24.383Z] error: <httpProxy> [
  500,
  AggregateError: 
      at ignore-listed frames {
    code: 'ECONNREFUSED',
    [errors]: [ [Error], [Error] ]
  }
]
[2026-08-21T19:19:24.386Z] error: <httpProxy> Error calling http://localhost:8020/...
[2026-08-21T19:19:24.387Z] error: <httpProxy> [
  500,
  AggregateError: 
      at ignore-listed frames {
    code: 'ECONNREFUSED',
    [errors]: [ [Error], [Error] ]
  }
]
[2026-08-21T19:19:24.390Z] error: <httpProxy> Error calling http://localhost:8015/...
[2026-08-21T19:19:24.391Z] error: <httpProxy> [
  500,
  AggregateError: 
      at ignore-listed frames {
    code: 'ECONNREFUSED',
    [errors]: [ [Error], [Error] ]
  }
]
[2026-08-21T19:19:24.397Z] error: <httpProxy> Error calling http://localhost:3929/...
[2026-08-21T19:19:24.397Z] error: <httpProxy> [
  500,
  AggregateError: 
      at ignore-listed frames {
    code: 'ECONNREFUSED',
    [errors]: [ [Error], [Error] ]
  }
]
[2026-08-21T19:19:24.398Z] error: <httpProxy> Error calling http://localhost:3001/...
[2026-08-21T19:19:24.399Z] error: <httpProxy> [
  500,
  AggregateError: 
      at ignore-listed frames {
    code: 'ECONNREFUSED',
    [errors]: [ [Error], [Error] ]
  }
]
[2026-08-21T19:19:24.400Z] error: <httpProxy> Error calling http://localhost:8082/...
[2026-08-21T19:19:24.401Z] error: <httpProxy> [
  500,
  AggregateError: 
      at ignore-listed frames {
    code: 'ECONNREFUSED',
    [errors]: [ [Error], [Error] ]
  }
]
[2026-08-21T19:19:24.402Z] error: <httpProxy> Error calling http://localhost:8787/...
[2026-08-21T19:19:24.402Z] error: <httpProxy> [
  500,
  AggregateError: 
      at ignore-listed frames {
    code: 'ECONNREFUSED',
    [errors]: [ [Error], [Error] ]
  }
]
[2026-08-21T19:19:24.402Z] error: <httpProxy> Error calling http://localhost:3929/...
[2026-08-21T19:19:24.403Z] error: <httpProxy> [
  500,
  AggregateError: 
      at ignore-listed frames {
    code: 'ECONNREFUSED',
    [errors]: [ [Error], [Error] ]
  }
]
[2026-08-21T19:19:24.405Z] error: <httpProxy> Error calling http://localhost:8090/...
[2026-08-21T19:19:24.406Z] error: <httpProxy> [
  500,
  AggregateError: 
      at ignore-listed frames {
    code: 'ECONNREFUSED',
    [errors]: [ [Error], [Error] ]
  }
]
[2026-08-21T19:19:24.407Z] error: <httpProxy> Error calling http://localhost:3001/...
[2026-08-21T19:19:24.407Z] error: <httpProxy> [
  500,
  AggregateError: 
      at ignore-listed frames {
    code: 'ECONNREFUSED',
    [errors]: [ [Error], [Error] ]
  }
]
[2026-08-21T19:19:24.409Z] error: <httpProxy> Error calling http://localhost:8081/...
[2026-08-21T19:19:24.410Z] error: <httpProxy> [
  500,
  AggregateError: 
      at ignore-listed frames {
    code: 'ECONNREFUSED',
    [errors]: [ [Error], [Error] ]
  }
]
[2026-08-21T19:19:24.410Z] error: <httpProxy> Error calling http://localhost:8082/...
[2026-08-21T19:19:24.411Z] error: <httpProxy> [
  500,
  AggregateError: 
      at ignore-listed frames {
    code: 'ECONNREFUSED',
    [errors]: [ [Error], [Error] ]
  }
]
[2026-08-21T19:19:24.413Z] error: <httpProxy> Error calling http://localhost:8787/...
[2026-08-21T19:19:24.414Z] error: <httpProxy> [
  500,
  AggregateError: 
      at ignore-listed frames {
    code: 'ECONNREFUSED',
    [errors]: [ [Error], [Error] ]
  }
]
[2026-08-21T19:19:24.416Z] error: <httpProxy> Error calling http://localhost:8090/...
[2026-08-21T19:19:24.417Z] error: <httpProxy> [
  500,
  AggregateError: 
      at ignore-listed frames {
    code: 'ECONNREFUSED',
    [errors]: [ [Error], [Error] ]
  }
]
[2026-08-21T19:19:24.419Z] error: <httpProxy> Error calling http://localhost:8081/...
[2026-08-21T19:19:24.419Z] error: <httpProxy> [
  500,
  AggregateError: 
      at ignore-listed frames {
    code: 'ECONNREFUSED',
    [errors]: [ [Error], [Error] ]
  }
]
[2026-08-21T19:19:24.421Z] error: <httpProxy> Error calling http://localhost:8787/...
[2026-08-21T19:19:24.421Z] error: <httpProxy> [
  500,
  AggregateError: 
      at ignore-listed frames {
    code: 'ECONNREFUSED',
    [errors]: [ [Error], [Error] ]
  }
]
[2026-08-21T19:19:24.422Z] error: <httpProxy> Error calling http://localhost:8083/...
[2026-08-21T19:19:24.423Z] error: <httpProxy> [
  500,
  AggregateError: 
      at ignore-listed frames {
    code: 'ECONNREFUSED',
    [errors]: [ [Error], [Error] ]
  }
]
[2026-08-21T19:19:24.423Z] error: <httpProxy> Error calling http://localhost:8083/...
[2026-08-21T19:19:24.424Z] error: <httpProxy> [
  500,
  AggregateError: 
      at ignore-listed frames {
    code: 'ECONNREFUSED',
    [errors]: [ [Error], [Error] ]
  }
]
[2026-08-21T19:19:24.425Z] error: <httpProxy> Error calling http://localhost:8787/...
[2026-08-21T19:19:24.426Z] error: <httpProxy> [
  500,
  AggregateError: 
      at ignore-listed frames {
    code: 'ECONNREFUSED',
    [errors]: [ [Error], [Error] ]
  }
]
[2026-08-21T19:19:24.426Z] error: <httpProxy> Error calling http://localhost:8083/...
[2026-08-21T19:19:24.427Z] error: <httpProxy> [
  500,
  AggregateError: 
      at ignore-listed frames {
    code: 'ECONNREFUSED',
    [errors]: [ [Error], [Error] ]
  }
]
[2026-08-21T19:19:24.428Z] error: <httpProxy> Error calling http://localhost:8083/...
[2026-08-21T19:19:24.428Z] error: <httpProxy> [
  500,
  AggregateError: 
      at ignore-listed frames {
    code: 'ECONNREFUSED',
    [errors]: [ [Error], [Error] ]
  }
]
[2026-08-21T19:19:24.429Z] error: <httpProxy> Error calling http://localhost:8083/...
[2026-08-21T19:19:24.430Z] error: <httpProxy> [
  500,
  AggregateError: 
      at ignore-listed frames {
    code: 'ECONNREFUSED',
    [errors]: [ [Error], [Error] ]
  }
]
[2026-08-21T19:19:24.430Z] error: <httpProxy> Error calling http://localhost:8083/...
[2026-08-21T19:19:24.431Z] error: <httpProxy> [
  500,
  AggregateError: 
      at ignore-listed frames {
    code: 'ECONNREFUSED',
    [errors]: [ [Error], [Error] ]
  }
]
[2026-08-21T19:19:54.393Z] error: <httpProxy> Error calling http://localhost:2283/...
[2026-08-21T19:19:54.394Z] error: <httpProxy> [
  500,
  AggregateError: 
      at ignore-listed frames {
    code: 'ECONNREFUSED',
    [errors]: [ [Error], [Error] ]
  }
]
[2026-08-21T19:19:54.395Z] error: <httpProxy> Error calling http://localhost:9000/...
[2026-08-21T19:19:54.396Z] error: <httpProxy> [
  500,
  AggregateError: 
      at ignore-listed frames {
    code: 'ECONNREFUSED',
    [errors]: [ [Error], [Error] ]
  }
]
[2026-08-21T19:19:54.396Z] error: <httpProxy> Error calling http://localhost:8010/...
[2026-08-21T19:19:54.397Z] error: <httpProxy> [
  500,
  AggregateError: 
      at ignore-listed frames {
    code: 'ECONNREFUSED',
    [errors]: [ [Error], [Error] ]
  }
]
[2026-08-21T19:19:54.397Z] error: <httpProxy> Error calling http://localhost:2283/...
[2026-08-21T19:19:54.398Z] error: <httpProxy> [
  500,
  AggregateError: 
      at ignore-listed frames {
    code: 'ECONNREFUSED',
    [errors]: [ [Error], [Error] ]
  }
]
[2026-08-21T19:19:54.399Z] error: <httpProxy> Error calling http://localhost:5006/...
[2026-08-21T19:19:54.400Z] error: <httpProxy> [
  500,
  AggregateError: 
      at ignore-listed frames {
    code: 'ECONNREFUSED',
    [errors]: [ [Error], [Error] ]
  }
]
[2026-08-21T19:19:54.400Z] error: <httpProxy> Error calling http://localhost:9000/...
[2026-08-21T19:19:54.401Z] error: <httpProxy> [
  500,
  AggregateError: 
      at ignore-listed frames {
    code: 'ECONNREFUSED',
    [errors]: [ [Error], [Error] ]
  }
]
[2026-08-21T19:19:54.401Z] error: <httpProxy> Error calling http://localhost:8010/...
[2026-08-21T19:19:54.402Z] error: <httpProxy> [
  500,
  AggregateError: 
      at ignore-listed frames {
    code: 'ECONNREFUSED',
    [errors]: [ [Error], [Error] ]
  }
]
[2026-08-21T19:19:54.402Z] error: <httpProxy> Error calling http://localhost:8020/...
[2026-08-21T19:19:54.403Z] error: <httpProxy> [
  500,
  AggregateError: 
      at ignore-listed frames {
    code: 'ECONNREFUSED',
    [errors]: [ [Error], [Error] ]
  }
]
[2026-08-21T19:19:54.404Z] error: <httpProxy> Error calling http://localhost:5006/...
[2026-08-21T19:19:54.404Z] error: <httpProxy> [
  500,
  AggregateError: 
      at ignore-listed frames {
    code: 'ECONNREFUSED',
    [errors]: [ [Error], [Error] ]
  }
]
[2026-08-21T19:19:54.404Z] error: <httpProxy> Error calling http://localhost:8020/...
[2026-08-21T19:19:54.405Z] error: <httpProxy> [
  500,
  AggregateError: 
      at ignore-listed frames {
    code: 'ECONNREFUSED',
    [errors]: [ [Error], [Error] ]
  }
]
[2026-08-21T19:19:54.446Z] error: <httpProxy> Error calling http://localhost:8015/...
[2026-08-21T19:19:54.447Z] error: <httpProxy> [
  500,
  AggregateError: 
      at ignore-listed frames {
    code: 'ECONNREFUSED',
    [errors]: [ [Error], [Error] ]
  }
]
[2026-08-21T19:19:54.447Z] error: <httpProxy> Error calling http://localhost:3929/...
[2026-08-21T19:19:54.447Z] error: <httpProxy> [
  500,
  AggregateError: 
      at ignore-listed frames {
    code: 'ECONNREFUSED',
    [errors]: [ [Error], [Error] ]
  }
]
[2026-08-21T19:19:54.448Z] error: <httpProxy> Error calling http://localhost:3001/...
[2026-08-21T19:19:54.448Z] error: <httpProxy> [
  500,
  AggregateError: 
      at ignore-listed frames {
    code: 'ECONNREFUSED',
    [errors]: [ [Error], [Error] ]
  }
]
[2026-08-21T19:19:54.449Z] error: <httpProxy> Error calling http://localhost:8082/...
[2026-08-21T19:19:54.450Z] error: <httpProxy> [
  500,
  AggregateError: 
      at ignore-listed frames {
    code: 'ECONNREFUSED',
    [errors]: [ [Error], [Error] ]
  }
]
[2026-08-21T19:19:54.450Z] error: <httpProxy> Error calling http://localhost:8787/...
[2026-08-21T19:19:54.451Z] error: <httpProxy> [
  500,
  AggregateError: 
      at ignore-listed frames {
    code: 'ECONNREFUSED',
    [errors]: [ [Error], [Error] ]
  }
]
[2026-08-21T19:19:54.452Z] error: <httpProxy> Error calling http://localhost:8090/...
[2026-08-21T19:19:54.452Z] error: <httpProxy> [
  500,
  AggregateError: 
      at ignore-listed frames {
    code: 'ECONNREFUSED',
    [errors]: [ [Error], [Error] ]
  }
]
[2026-08-21T19:19:54.452Z] error: <httpProxy> Error calling http://localhost:8015/...
[2026-08-21T19:19:54.453Z] error: <httpProxy> [
  500,
  AggregateError: 
      at ignore-listed frames {
    code: 'ECONNREFUSED',
    [errors]: [ [Error], [Error] ]
  }
]
[2026-08-21T19:19:54.453Z] error: <httpProxy> Error calling http://localhost:3929/...
[2026-08-21T19:19:54.454Z] error: <httpProxy> [
  500,
  AggregateError: 
      at ignore-listed frames {
    code: 'ECONNREFUSED',
    [errors]: [ [Error], [Error] ]
  }
]
[2026-08-21T19:19:54.454Z] error: <httpProxy> Error calling http://localhost:3001/...
[2026-08-21T19:19:54.454Z] error: <httpProxy> [
  500,
  AggregateError: 
      at ignore-listed frames {
    code: 'ECONNREFUSED',
    [errors]: [ [Error], [Error] ]
  }
]
[2026-08-21T19:19:54.461Z] error: <httpProxy> Error calling http://localhost:8082/...
[2026-08-21T19:19:54.461Z] error: <httpProxy> [
  500,
  AggregateError: 
      at ignore-listed frames {
    code: 'ECONNREFUSED',
    [errors]: [ [Error], [Error] ]
  }
]
[2026-08-21T19:19:54.462Z] error: <httpProxy> Error calling http://localhost:8787/...
[2026-08-21T19:19:54.462Z] error: <httpProxy> [
  500,
  AggregateError: 
      at ignore-listed frames {
    code: 'ECONNREFUSED',
    [errors]: [ [Error], [Error] ]
  }
]
[2026-08-21T19:19:54.467Z] error: <httpProxy> Error calling http://localhost:8090/...
[2026-08-21T19:19:54.467Z] error: <httpProxy> [
  500,
  AggregateError: 
      at ignore-listed frames {
    code: 'ECONNREFUSED',
    [errors]: [ [Error], [Error] ]
  }
]
[2026-08-21T19:19:54.470Z] error: <httpProxy> Error calling http://localhost:8081/...
[2026-08-21T19:19:54.471Z] error: <httpProxy> [
  500,
  AggregateError: 
      at ignore-listed frames {
    code: 'ECONNREFUSED',
    [errors]: [ [Error], [Error] ]
  }
]
[2026-08-21T19:19:54.471Z] error: <httpProxy> Error calling http://localhost:8787/...
[2026-08-21T19:19:54.472Z] error: <httpProxy> [
  500,
  AggregateError: 
      at ignore-listed frames {
    code: 'ECONNREFUSED',
    [errors]: [ [Error], [Error] ]
  }
]
[2026-08-21T19:19:54.472Z] error: <httpProxy> Error calling http://localhost:8083/...
[2026-08-21T19:19:54.473Z] error: <httpProxy> [
  500,
  AggregateError: 
      at ignore-listed frames {
    code: 'ECONNREFUSED',
    [errors]: [ [Error], [Error] ]
  }
]
[2026-08-21T19:19:54.474Z] error: <httpProxy> Error calling http://localhost:8083/...
[2026-08-21T19:19:54.474Z] error: <httpProxy> [
  500,
  AggregateError: 
      at ignore-listed frames {
    code: 'ECONNREFUSED',
    [errors]: [ [Error], [Error] ]
  }
]
[2026-08-21T19:19:54.474Z] error: <httpProxy> Error calling http://localhost:8083/...
[2026-08-21T19:19:54.475Z] error: <httpProxy> [
  500,
  AggregateError: 
      at ignore-listed frames {
    code: 'ECONNREFUSED',
    [errors]: [ [Error], [Error] ]
  }
]
[2026-08-21T19:19:54.475Z] error: <httpProxy> Error calling http://localhost:8081/...
[2026-08-21T19:19:54.476Z] error: <httpProxy> [
  500,
  AggregateError: 
      at ignore-listed frames {
    code: 'ECONNREFUSED',
    [errors]: [ [Error], [Error] ]
  }
]
[2026-08-21T19:19:54.476Z] error: <httpProxy> Error calling http://localhost:8787/...
[2026-08-21T19:19:54.476Z] error: <httpProxy> [
  500,
  AggregateError: 
      at ignore-listed frames {
    code: 'ECONNREFUSED',
    [errors]: [ [Error], [Error] ]
  }
]
[2026-08-21T19:19:54.477Z] error: <httpProxy> Error calling http://localhost:8083/...
[2026-08-21T19:19:54.478Z] error: <httpProxy> [
  500,
  AggregateError: 
      at ignore-listed frames {
    code: 'ECONNREFUSED',
    [errors]: [ [Error], [Error] ]
  }
]
[2026-08-21T19:19:54.478Z] error: <httpProxy> Error calling http://localhost:8083/...
[2026-08-21T19:19:54.479Z] error: <httpProxy> [
  500,
  AggregateError: 
      at ignore-listed frames {
    code: 'ECONNREFUSED',
    [errors]: [ [Error], [Error] ]
  }
]
[2026-08-21T19:19:54.479Z] error: <httpProxy> Error calling http://localhost:8083/...
[2026-08-21T19:19:54.480Z] error: <httpProxy> [
  500,
  AggregateError: 
      at ignore-listed frames {
    code: 'ECONNREFUSED',
    [errors]: [ [Error], [Error] ]
  }
]
[2026-08-21T19:20:24.587Z] error: <httpProxy> Error calling http://localhost:2283/...
[2026-08-21T19:20:24.588Z] error: <httpProxy> [
  500,
  AggregateError: 
      at ignore-listed frames {
    code: 'ECONNREFUSED',
    [errors]: [ [Error], [Error] ]
  }
]
[2026-08-21T19:20:24.589Z] error: <httpProxy> Error calling http://localhost:8010/...
[2026-08-21T19:20:24.589Z] error: <httpProxy> [
  500,
  AggregateError: 
      at ignore-listed frames {
    code: 'ECONNREFUSED',
    [errors]: [ [Error], [Error] ]
  }
]
[2026-08-21T19:20:24.590Z] error: <httpProxy> Error calling http://localhost:5006/...
[2026-08-21T19:20:24.591Z] error: <httpProxy> [
  500,
  AggregateError: 
      at ignore-listed frames {
    code: 'ECONNREFUSED',
    [errors]: [ [Error], [Error] ]
  }
]
[2026-08-21T19:20:24.591Z] error: <httpProxy> Error calling http://localhost:9000/...
[2026-08-21T19:20:24.591Z] error: <httpProxy> [
  500,
  AggregateError: 
      at ignore-listed frames {
    code: 'ECONNREFUSED',
    [errors]: [ [Error], [Error] ]
  }
]
[2026-08-21T19:20:24.592Z] error: <httpProxy> Error calling http://localhost:2283/...
[2026-08-21T19:20:24.592Z] error: <httpProxy> [
  500,
  AggregateError: 
      at ignore-listed frames {
    code: 'ECONNREFUSED',
    [errors]: [ [Error], [Error] ]
  }
]
[2026-08-21T19:20:24.593Z] error: <httpProxy> Error calling http://localhost:8020/...
[2026-08-21T19:20:24.593Z] error: <httpProxy> [
  500,
  AggregateError: 
      at ignore-listed frames {
    code: 'ECONNREFUSED',
    [errors]: [ [Error], [Error] ]
  }
]
[2026-08-21T19:20:24.594Z] error: <httpProxy> Error calling http://localhost:8010/...
[2026-08-21T19:20:24.594Z] error: <httpProxy> [
  500,
  AggregateError: 
      at ignore-listed frames {
    code: 'ECONNREFUSED',
    [errors]: [ [Error], [Error] ]
  }
]
[2026-08-21T19:20:24.600Z] error: <httpProxy> Error calling http://localhost:8015/...
[2026-08-21T19:20:24.600Z] error: <httpProxy> [
  500,
  AggregateError: 
      at ignore-listed frames {
    code: 'ECONNREFUSED',
    [errors]: [ [Error], [Error] ]
  }
]
[2026-08-21T19:20:24.601Z] error: <httpProxy> Error calling http://localhost:5006/...
[2026-08-21T19:20:24.602Z] error: <httpProxy> [
  500,
  AggregateError: 
      at ignore-listed frames {
    code: 'ECONNREFUSED',
    [errors]: [ [Error], [Error] ]
  }
]
[2026-08-21T19:20:24.607Z] error: <httpProxy> Error calling http://localhost:9000/...
[2026-08-21T19:20:24.607Z] error: <httpProxy> [
  500,
  AggregateError: 
      at ignore-listed frames {
    code: 'ECONNREFUSED',
    [errors]: [ [Error], [Error] ]
  }
]
[2026-08-21T19:20:24.611Z] error: <httpProxy> Error calling http://localhost:8020/...
[2026-08-21T19:20:24.611Z] error: <httpProxy> [
  500,
  AggregateError: 
      at ignore-listed frames {
    code: 'ECONNREFUSED',
    [errors]: [ [Error], [Error] ]
  }
]
[2026-08-21T19:20:24.614Z] error: <httpProxy> Error calling http://localhost:8015/...
[2026-08-21T19:20:24.615Z] error: <httpProxy> [
  500,
  AggregateError: 
      at ignore-listed frames {
    code: 'ECONNREFUSED',
    [errors]: [ [Error], [Error] ]
  }
]
[2026-08-21T19:20:24.621Z] error: <httpProxy> Error calling http://localhost:3929/...
[2026-08-21T19:20:24.621Z] error: <httpProxy> [
  500,
  AggregateError: 
      at ignore-listed frames {
    code: 'ECONNREFUSED',
    [errors]: [ [Error], [Error] ]
  }
]
[2026-08-21T19:20:24.622Z] error: <httpProxy> Error calling http://localhost:3001/...
[2026-08-21T19:20:24.622Z] error: <httpProxy> [
  500,
  AggregateError: 
      at ignore-listed frames {
    code: 'ECONNREFUSED',
    [errors]: [ [Error], [Error] ]
  }
]
[2026-08-21T19:20:24.623Z] error: <httpProxy> Error calling http://localhost:8082/...
[2026-08-21T19:20:24.624Z] error: <httpProxy> [
  500,
  AggregateError: 
      at ignore-listed frames {
    code: 'ECONNREFUSED',
    [errors]: [ [Error], [Error] ]
  }
]
[2026-08-21T19:20:24.624Z] error: <httpProxy> Error calling http://localhost:8787/...
[2026-08-21T19:20:24.625Z] error: <httpProxy> [
  500,
  AggregateError: 
      at ignore-listed frames {
    code: 'ECONNREFUSED',
    [errors]: [ [Error], [Error] ]
  }
]
[2026-08-21T19:20:24.625Z] error: <httpProxy> Error calling http://localhost:8090/...
[2026-08-21T19:20:24.625Z] error: <httpProxy> [
  500,
  AggregateError: 
      at ignore-listed frames {
    code: 'ECONNREFUSED',
    [errors]: [ [Error], [Error] ]
  }
]
[2026-08-21T19:20:24.626Z] error: <httpProxy> Error calling http://localhost:3929/...
[2026-08-21T19:20:24.626Z] error: <httpProxy> [
  500,
  AggregateError: 
      at ignore-listed frames {
    code: 'ECONNREFUSED',
    [errors]: [ [Error], [Error] ]
  }
]
[2026-08-21T19:20:24.626Z] error: <httpProxy> Error calling http://localhost:3001/...
[2026-08-21T19:20:24.627Z] error: <httpProxy> [
  500,
  AggregateError: 
      at ignore-listed frames {
    code: 'ECONNREFUSED',
    [errors]: [ [Error], [Error] ]
  }
]
[2026-08-21T19:20:24.631Z] error: <httpProxy> Error calling http://localhost:8081/...
[2026-08-21T19:20:24.631Z] error: <httpProxy> [
  500,
  AggregateError: 
      at ignore-listed frames {
    code: 'ECONNREFUSED',
    [errors]: [ [Error], [Error] ]
  }
]
[2026-08-21T19:20:24.632Z] error: <httpProxy> Error calling http://localhost:8082/...
[2026-08-21T19:20:24.632Z] error: <httpProxy> [
  500,
  AggregateError: 
      at ignore-listed frames {
    code: 'ECONNREFUSED',
    [errors]: [ [Error], [Error] ]
  }
]
[2026-08-21T19:20:24.635Z] error: <httpProxy> Error calling http://localhost:8787/...
[2026-08-21T19:20:24.635Z] error: <httpProxy> [
  500,
  AggregateError: 
      at ignore-listed frames {
    code: 'ECONNREFUSED',
    [errors]: [ [Error], [Error] ]
  }
]
[2026-08-21T19:20:24.636Z] error: <httpProxy> Error calling http://localhost:8090/...
[2026-08-21T19:20:24.636Z] error: <httpProxy> [
  500,
  AggregateError: 
      at ignore-listed frames {
    code: 'ECONNREFUSED',
    [errors]: [ [Error], [Error] ]
  }
]
[2026-08-21T19:20:24.639Z] error: <httpProxy> Error calling http://localhost:8081/...
[2026-08-21T19:20:24.639Z] error: <httpProxy> [
  500,
  AggregateError: 
      at ignore-listed frames {
    code: 'ECONNREFUSED',
    [errors]: [ [Error], [Error] ]
  }
]
[2026-08-21T19:20:24.642Z] error: <httpProxy> Error calling http://localhost:8787/...
[2026-08-21T19:20:24.642Z] error: <httpProxy> [
  500,
  AggregateError: 
      at ignore-listed frames {
    code: 'ECONNREFUSED',
    [errors]: [ [Error], [Error] ]
  }
]
[2026-08-21T19:20:24.643Z] error: <httpProxy> Error calling http://localhost:8083/...
[2026-08-21T19:20:24.643Z] error: <httpProxy> [
  500,
  AggregateError: 
      at ignore-listed frames {
    code: 'ECONNREFUSED',
    [errors]: [ [Error], [Error] ]
  }
]
[2026-08-21T19:20:24.644Z] error: <httpProxy> Error calling http://localhost:8083/...
[2026-08-21T19:20:24.644Z] error: <httpProxy> [
  500,
  AggregateError: 
      at ignore-listed frames {
    code: 'ECONNREFUSED',
    [errors]: [ [Error], [Error] ]
  }
]
[2026-08-21T19:20:24.645Z] error: <httpProxy> Error calling http://localhost:8083/...
[2026-08-21T19:20:24.645Z] error: <httpProxy> [
  500,
  AggregateError: 
      at ignore-listed frames {
    code: 'ECONNREFUSED',
    [errors]: [ [Error], [Error] ]
  }
]
[2026-08-21T19:20:24.645Z] error: <httpProxy> Error calling http://localhost:8787/...
[2026-08-21T19:20:24.646Z] error: <httpProxy> [
  500,
  AggregateError: 
      at ignore-listed frames {
    code: 'ECONNREFUSED',
    [errors]: [ [Error], [Error] ]
  }
]
[2026-08-21T19:20:24.646Z] error: <httpProxy> Error calling http://localhost:8083/...
[2026-08-21T19:20:24.647Z] error: <httpProxy> [
  500,
  AggregateError: 
      at ignore-listed frames {
    code: 'ECONNREFUSED',
    [errors]: [ [Error], [Error] ]
  }
]
[2026-08-21T19:20:24.647Z] error: <httpProxy> Error calling http://localhost:8083/...
[2026-08-21T19:20:24.648Z] error: <httpProxy> [
  500,
  AggregateError: 
      at ignore-listed frames {
    code: 'ECONNREFUSED',
    [errors]: [ [Error], [Error] ]
  }
]
[2026-08-21T19:20:24.648Z] error: <httpProxy> Error calling http://localhost:8083/...
[2026-08-21T19:20:24.648Z] error: <httpProxy> [
  500,
  AggregateError: 
      at ignore-listed frames {
    code: 'ECONNREFUSED',
    [errors]: [ [Error], [Error] ]
  }
]
[2026-08-21T19:20:54.841Z] error: <httpProxy> Error calling http://localhost:2283/...
[2026-08-21T19:20:54.842Z] error: <httpProxy> [
  500,
  AggregateError: 
      at ignore-listed frames {
    code: 'ECONNREFUSED',
    [errors]: [ [Error], [Error] ]
  }
]
[2026-08-21T19:20:54.843Z] error: <httpProxy> Error calling http://localhost:5006/...
[2026-08-21T19:20:54.843Z] error: <httpProxy> [
  500,
  AggregateError: 
      at ignore-listed frames {
    code: 'ECONNREFUSED',
    [errors]: [ [Error], [Error] ]
  }
]
[2026-08-21T19:20:54.844Z] error: <httpProxy> Error calling http://localhost:9000/...
[2026-08-21T19:20:54.845Z] error: <httpProxy> [
  500,
  AggregateError: 
      at ignore-listed frames {
    code: 'ECONNREFUSED',
    [errors]: [ [Error], [Error] ]
  }
]
[2026-08-21T19:20:54.845Z] error: <httpProxy> Error calling http://localhost:8010/...
[2026-08-21T19:20:54.846Z] error: <httpProxy> [
  500,
  AggregateError: 
      at ignore-listed frames {
    code: 'ECONNREFUSED',
    [errors]: [ [Error], [Error] ]
  }
]
[2026-08-21T19:20:54.846Z] error: <httpProxy> Error calling http://localhost:2283/...
[2026-08-21T19:20:54.846Z] error: <httpProxy> [
  500,
  AggregateError: 
      at ignore-listed frames {
    code: 'ECONNREFUSED',
    [errors]: [ [Error], [Error] ]
  }
]
[2026-08-21T19:20:54.847Z] error: <httpProxy> Error calling http://localhost:8020/...
[2026-08-21T19:20:54.847Z] error: <httpProxy> [
  500,
  AggregateError: 
      at ignore-listed frames {
    code: 'ECONNREFUSED',
    [errors]: [ [Error], [Error] ]
  }
]
[2026-08-21T19:20:54.847Z] error: <httpProxy> Error calling http://localhost:5006/...
[2026-08-21T19:20:54.848Z] error: <httpProxy> [
  500,
  AggregateError: 
      at ignore-listed frames {
    code: 'ECONNREFUSED',
    [errors]: [ [Error], [Error] ]
  }
]
[2026-08-21T19:20:54.852Z] error: <httpProxy> Error calling http://localhost:8015/...
[2026-08-21T19:20:54.852Z] error: <httpProxy> [
  500,
  AggregateError: 
      at ignore-listed frames {
    code: 'ECONNREFUSED',
    [errors]: [ [Error], [Error] ]
  }
]
[2026-08-21T19:20:54.853Z] error: <httpProxy> Error calling http://localhost:9000/...
[2026-08-21T19:20:54.853Z] error: <httpProxy> [
  500,
  AggregateError: 
      at ignore-listed frames {
    code: 'ECONNREFUSED',
    [errors]: [ [Error], [Error] ]
  }
]
[2026-08-21T19:20:54.855Z] error: <httpProxy> Error calling http://localhost:8010/...
[2026-08-21T19:20:54.856Z] error: <httpProxy> [
  500,
  AggregateError: 
      at ignore-listed frames {
    code: 'ECONNREFUSED',
    [errors]: [ [Error], [Error] ]
  }
]
[2026-08-21T19:20:54.858Z] error: <httpProxy> Error calling http://localhost:8020/...
[2026-08-21T19:20:54.859Z] error: <httpProxy> [
  500,
  AggregateError: 
      at ignore-listed frames {
    code: 'ECONNREFUSED',
    [errors]: [ [Error], [Error] ]
  }
]
[2026-08-21T19:20:54.860Z] error: <httpProxy> Error calling http://localhost:8015/...
[2026-08-21T19:20:54.861Z] error: <httpProxy> [
  500,
  AggregateError: 
      at ignore-listed frames {
    code: 'ECONNREFUSED',
    [errors]: [ [Error], [Error] ]
  }
]
[2026-08-21T19:20:54.866Z] error: <httpProxy> Error calling http://localhost:3929/...
[2026-08-21T19:20:54.866Z] error: <httpProxy> [
  500,
  AggregateError: 
      at ignore-listed frames {
    code: 'ECONNREFUSED',
    [errors]: [ [Error], [Error] ]
  }
]
[2026-08-21T19:20:54.866Z] error: <httpProxy> Error calling http://localhost:3001/...
[2026-08-21T19:20:54.867Z] error: <httpProxy> [
  500,
  AggregateError: 
      at ignore-listed frames {
    code: 'ECONNREFUSED',
    [errors]: [ [Error], [Error] ]
  }
]
[2026-08-21T19:20:54.868Z] error: <httpProxy> Error calling http://localhost:8082/...
[2026-08-21T19:20:54.868Z] error: <httpProxy> [
  500,
  AggregateError: 
      at ignore-listed frames {
    code: 'ECONNREFUSED',
    [errors]: [ [Error], [Error] ]
  }
]
[2026-08-21T19:20:54.869Z] error: <httpProxy> Error calling http://localhost:8787/...
[2026-08-21T19:20:54.869Z] error: <httpProxy> [
  500,
  AggregateError: 
      at ignore-listed frames {
    code: 'ECONNREFUSED',
    [errors]: [ [Error], [Error] ]
  }
]
[2026-08-21T19:20:54.870Z] error: <httpProxy> Error calling http://localhost:8090/...
[2026-08-21T19:20:54.870Z] error: <httpProxy> [
  500,
  AggregateError: 
      at ignore-listed frames {
    code: 'ECONNREFUSED',
    [errors]: [ [Error], [Error] ]
  }
]
[2026-08-21T19:20:54.871Z] error: <httpProxy> Error calling http://localhost:3929/...
[2026-08-21T19:20:54.871Z] error: <httpProxy> [
  500,
  AggregateError: 
      at ignore-listed frames {
    code: 'ECONNREFUSED',
    [errors]: [ [Error], [Error] ]
  }
]
[2026-08-21T19:20:54.872Z] error: <httpProxy> Error calling http://localhost:3001/...
[2026-08-21T19:20:54.872Z] error: <httpProxy> [
  500,
  AggregateError: 
      at ignore-listed frames {
    code: 'ECONNREFUSED',
    [errors]: [ [Error], [Error] ]
  }
]
[2026-08-21T19:20:54.876Z] error: <httpProxy> Error calling http://localhost:8081/...
[2026-08-21T19:20:54.877Z] error: <httpProxy> [
  500,
  AggregateError: 
      at ignore-listed frames {
    code: 'ECONNREFUSED',
    [errors]: [ [Error], [Error] ]
  }
]
[2026-08-21T19:20:54.877Z] error: <httpProxy> Error calling http://localhost:8082/...
[2026-08-21T19:20:54.878Z] error: <httpProxy> [
  500,
  AggregateError: 
      at ignore-listed frames {
    code: 'ECONNREFUSED',
    [errors]: [ [Error], [Error] ]
  }
]
[2026-08-21T19:20:54.881Z] error: <httpProxy> Error calling http://localhost:8787/...
[2026-08-21T19:20:54.882Z] error: <httpProxy> [
  500,
  AggregateError: 
      at ignore-listed frames {
    code: 'ECONNREFUSED',
    [errors]: [ [Error], [Error] ]
  }
]
[2026-08-21T19:20:54.884Z] error: <httpProxy> Error calling http://localhost:8090/...
[2026-08-21T19:20:54.884Z] error: <httpProxy> [
  500,
  AggregateError: 
      at ignore-listed frames {
    code: 'ECONNREFUSED',
    [errors]: [ [Error], [Error] ]
  }
]
[2026-08-21T19:20:54.884Z] error: <httpProxy> Error calling http://localhost:8081/...
[2026-08-21T19:20:54.885Z] error: <httpProxy> [
  500,
  AggregateError: 
      at ignore-listed frames {
    code: 'ECONNREFUSED',
    [errors]: [ [Error], [Error] ]
  }
]
[2026-08-21T19:20:54.888Z] error: <httpProxy> Error calling http://localhost:8787/...
[2026-08-21T19:20:54.888Z] error: <httpProxy> [
  500,
  AggregateError: 
      at ignore-listed frames {
    code: 'ECONNREFUSED',
    [errors]: [ [Error], [Error] ]
  }
]
[2026-08-21T19:20:54.888Z] error: <httpProxy> Error calling http://localhost:8083/...
[2026-08-21T19:20:54.889Z] error: <httpProxy> [
  500,
  AggregateError: 
      at ignore-listed frames {
    code: 'ECONNREFUSED',
    [errors]: [ [Error], [Error] ]
  }
]
[2026-08-21T19:20:54.889Z] error: <httpProxy> Error calling http://localhost:8083/...
[2026-08-21T19:20:54.890Z] error: <httpProxy> [
  500,
  AggregateError: 
      at ignore-listed frames {
    code: 'ECONNREFUSED',
    [errors]: [ [Error], [Error] ]
  }
]
[2026-08-21T19:20:54.890Z] error: <httpProxy> Error calling http://localhost:8083/...
[2026-08-21T19:20:54.891Z] error: <httpProxy> [
  500,
  AggregateError: 
      at ignore-listed frames {
    code: 'ECONNREFUSED',
    [errors]: [ [Error], [Error] ]
  }
]
[2026-08-21T19:20:54.891Z] error: <httpProxy> Error calling http://localhost:8787/...
[2026-08-21T19:20:54.891Z] error: <httpProxy> [
  500,
  AggregateError: 
      at ignore-listed frames {
    code: 'ECONNREFUSED',
    [errors]: [ [Error], [Error] ]
  }
]
[2026-08-21T19:20:54.892Z] error: <httpProxy> Error calling http://localhost:8083/...
[2026-08-21T19:20:54.892Z] error: <httpProxy> [
  500,
  AggregateError: 
      at ignore-listed frames {
    code: 'ECONNREFUSED',
    [errors]: [ [Error], [Error] ]
  }
]
[2026-08-21T19:20:54.893Z] error: <httpProxy> Error calling http://localhost:8083/...
[2026-08-21T19:20:54.893Z] error: <httpProxy> [
  500,
  AggregateError: 
      at ignore-listed frames {
    code: 'ECONNREFUSED',
    [errors]: [ [Error], [Error] ]
  }
]
[2026-08-21T19:20:54.894Z] error: <httpProxy> Error calling http://localhost:8083/...
[2026-08-21T19:20:54.894Z] error: <httpProxy> [
  500,
  AggregateError: 
      at ignore-listed frames {
    code: 'ECONNREFUSED',
    [errors]: [ [Error], [Error] ]
  }
]
[2026-08-21T19:21:24.859Z] error: <httpProxy> Error calling http://localhost:2283/...
[2026-08-21T19:21:24.860Z] error: <httpProxy> [
  500,
  AggregateError: 
      at ignore-listed frames {
    code: 'ECONNREFUSED',
    [errors]: [ [Error], [Error] ]
  }
]
[2026-08-21T19:21:24.862Z] error: <httpProxy> Error calling http://localhost:5006/...
[2026-08-21T19:21:24.862Z] error: <httpProxy> [
  500,
  AggregateError: 
      at ignore-listed frames {
    code: 'ECONNREFUSED',
    [errors]: [ [Error], [Error] ]
  }
]
[2026-08-21T19:21:24.865Z] error: <httpProxy> Error calling http://localhost:2283/...
[2026-08-21T19:21:24.866Z] error: <httpProxy> [
  500,
  AggregateError: 
      at ignore-listed frames {
    code: 'ECONNREFUSED',
    [errors]: [ [Error], [Error] ]
  }
]
[2026-08-21T19:21:24.869Z] error: <httpProxy> Error calling http://localhost:5006/...
[2026-08-21T19:21:24.869Z] error: <httpProxy> [
  500,
  AggregateError: 
      at ignore-listed frames {
    code: 'ECONNREFUSED',
    [errors]: [ [Error], [Error] ]
  }
]
[2026-08-21T19:21:24.870Z] error: <httpProxy> Error calling http://localhost:9000/...
[2026-08-21T19:21:24.871Z] error: <httpProxy> [
  500,
  AggregateError: 
      at ignore-listed frames {
    code: 'ECONNREFUSED',
    [errors]: [ [Error], [Error] ]
  }
]
[2026-08-21T19:21:24.873Z] error: <httpProxy> Error calling http://localhost:8010/...
[2026-08-21T19:21:24.873Z] error: <httpProxy> [
  500,
  AggregateError: 
      at ignore-listed frames {
    code: 'ECONNREFUSED',
    [errors]: [ [Error], [Error] ]
  }
]
[2026-08-21T19:21:24.874Z] error: <httpProxy> Error calling http://localhost:9000/...
[2026-08-21T19:21:24.874Z] error: <httpProxy> [
  500,
  AggregateError: 
      at ignore-listed frames {
    code: 'ECONNREFUSED',
    [errors]: [ [Error], [Error] ]
  }
]
[2026-08-21T19:21:24.874Z] error: <httpProxy> Error calling http://localhost:8020/...
[2026-08-21T19:21:24.875Z] error: <httpProxy> [
  500,
  AggregateError: 
      at ignore-listed frames {
    code: 'ECONNREFUSED',
    [errors]: [ [Error], [Error] ]
  }
]
[2026-08-21T19:21:24.875Z] error: <httpProxy> Error calling http://localhost:8015/...
[2026-08-21T19:21:24.876Z] error: <httpProxy> [
  500,
  AggregateError: 
      at ignore-listed frames {
    code: 'ECONNREFUSED',
    [errors]: [ [Error], [Error] ]
  }
]
[2026-08-21T19:21:24.876Z] error: <httpProxy> Error calling http://localhost:8010/...
[2026-08-21T19:21:24.877Z] error: <httpProxy> [
  500,
  AggregateError: 
      at ignore-listed frames {
    code: 'ECONNREFUSED',
    [errors]: [ [Error], [Error] ]
  }
]
[2026-08-21T19:21:24.883Z] error: <httpProxy> Error calling http://localhost:8020/...
[2026-08-21T19:21:24.884Z] error: <httpProxy> [
  500,
  AggregateError: 
      at ignore-listed frames {
    code: 'ECONNREFUSED',
    [errors]: [ [Error], [Error] ]
  }
]
[2026-08-21T19:21:24.887Z] error: <httpProxy> Error calling http://localhost:8015/...
[2026-08-21T19:21:24.887Z] error: <httpProxy> [
  500,
  AggregateError: 
      at ignore-listed frames {
    code: 'ECONNREFUSED',
    [errors]: [ [Error], [Error] ]
  }
]
[2026-08-21T19:21:24.894Z] error: <httpProxy> Error calling http://localhost:3929/...
[2026-08-21T19:21:24.894Z] error: <httpProxy> [
  500,
  AggregateError: 
      at ignore-listed frames {
    code: 'ECONNREFUSED',
    [errors]: [ [Error], [Error] ]
  }
]
[2026-08-21T19:21:24.895Z] error: <httpProxy> Error calling http://localhost:3001/...
[2026-08-21T19:21:24.895Z] error: <httpProxy> [
  500,
  AggregateError: 
      at ignore-listed frames {
    code: 'ECONNREFUSED',
    [errors]: [ [Error], [Error] ]
  }
]
[2026-08-21T19:21:24.896Z] error: <httpProxy> Error calling http://localhost:8082/...
[2026-08-21T19:21:24.897Z] error: <httpProxy> [
  500,
  AggregateError: 
      at ignore-listed frames {
    code: 'ECONNREFUSED',
    [errors]: [ [Error], [Error] ]
  }
]
[2026-08-21T19:21:24.897Z] error: <httpProxy> Error calling http://localhost:8787/...
[2026-08-21T19:21:24.898Z] error: <httpProxy> [
  500,
  AggregateError: 
      at ignore-listed frames {
    code: 'ECONNREFUSED',
    [errors]: [ [Error], [Error] ]
  }
]
[2026-08-21T19:21:24.898Z] error: <httpProxy> Error calling http://localhost:8090/...
[2026-08-21T19:21:24.899Z] error: <httpProxy> [
  500,
  AggregateError: 
      at ignore-listed frames {
    code: 'ECONNREFUSED',
    [errors]: [ [Error], [Error] ]
  }
]
[2026-08-21T19:21:24.899Z] error: <httpProxy> Error calling http://localhost:8081/...
[2026-08-21T19:21:24.899Z] error: <httpProxy> [
  500,
  AggregateError: 
      at ignore-listed frames {
    code: 'ECONNREFUSED',
    [errors]: [ [Error], [Error] ]
  }
]
[2026-08-21T19:21:24.900Z] error: <httpProxy> Error calling http://localhost:3929/...
[2026-08-21T19:21:24.900Z] error: <httpProxy> [
  500,
  AggregateError: 
      at ignore-listed frames {
    code: 'ECONNREFUSED',
    [errors]: [ [Error], [Error] ]
  }
]
[2026-08-21T19:21:24.900Z] error: <httpProxy> Error calling http://localhost:3001/...
[2026-08-21T19:21:24.901Z] error: <httpProxy> [
  500,
  AggregateError: 
      at ignore-listed frames {
    code: 'ECONNREFUSED',
    [errors]: [ [Error], [Error] ]
  }
]
[2026-08-21T19:21:24.905Z] error: <httpProxy> Error calling http://localhost:8082/...
[2026-08-21T19:21:24.906Z] error: <httpProxy> [
  500,
  AggregateError: 
      at ignore-listed frames {
    code: 'ECONNREFUSED',
    [errors]: [ [Error], [Error] ]
  }
]
[2026-08-21T19:21:24.907Z] error: <httpProxy> Error calling http://localhost:8787/...
[2026-08-21T19:21:24.907Z] error: <httpProxy> [
  500,
  AggregateError: 
      at ignore-listed frames {
    code: 'ECONNREFUSED',
    [errors]: [ [Error], [Error] ]
  }
]
[2026-08-21T19:21:24.911Z] error: <httpProxy> Error calling http://localhost:8090/...
[2026-08-21T19:21:24.912Z] error: <httpProxy> [
  500,
  AggregateError: 
      at ignore-listed frames {
    code: 'ECONNREFUSED',
    [errors]: [ [Error], [Error] ]
  }
]
[2026-08-21T19:21:24.912Z] error: <httpProxy> Error calling http://localhost:8081/...
[2026-08-21T19:21:24.912Z] error: <httpProxy> [
  500,
  AggregateError: 
      at ignore-listed frames {
    code: 'ECONNREFUSED',
    [errors]: [ [Error], [Error] ]
  }
]
[2026-08-21T19:21:24.916Z] error: <httpProxy> Error calling http://localhost:8787/...
[2026-08-21T19:21:24.917Z] error: <httpProxy> [
  500,
  AggregateError: 
      at ignore-listed frames {
    code: 'ECONNREFUSED',
    [errors]: [ [Error], [Error] ]
  }
]
[2026-08-21T19:21:24.917Z] error: <httpProxy> Error calling http://localhost:8083/...
[2026-08-21T19:21:24.918Z] error: <httpProxy> [
  500,
  AggregateError: 
      at ignore-listed frames {
    code: 'ECONNREFUSED',
    [errors]: [ [Error], [Error] ]
  }
]
[2026-08-21T19:21:24.918Z] error: <httpProxy> Error calling http://localhost:8083/...
[2026-08-21T19:21:24.919Z] error: <httpProxy> [
  500,
  AggregateError: 
      at ignore-listed frames {
    code: 'ECONNREFUSED',
    [errors]: [ [Error], [Error] ]
  }
]
[2026-08-21T19:21:24.919Z] error: <httpProxy> Error calling http://localhost:8083/...
[2026-08-21T19:21:24.920Z] error: <httpProxy> [
  500,
  AggregateError: 
      at ignore-listed frames {
    code: 'ECONNREFUSED',
    [errors]: [ [Error], [Error] ]
  }
]
[2026-08-21T19:21:24.920Z] error: <httpProxy> Error calling http://localhost:8787/...
[2026-08-21T19:21:24.921Z] error: <httpProxy> [
  500,
  AggregateError: 
      at ignore-listed frames {
    code: 'ECONNREFUSED',
    [errors]: [ [Error], [Error] ]
  }
]
[2026-08-21T19:21:24.921Z] error: <httpProxy> Error calling http://localhost:8083/...
[2026-08-21T19:21:24.922Z] error: <httpProxy> [
  500,
  AggregateError: 
      at ignore-listed frames {
    code: 'ECONNREFUSED',
    [errors]: [ [Error], [Error] ]
  }
]
[2026-08-21T19:21:24.922Z] error: <httpProxy> Error calling http://localhost:8083/...
[2026-08-21T19:21:24.923Z] error: <httpProxy> [
  500,
  AggregateError: 
      at ignore-listed frames {
    code: 'ECONNREFUSED',
    [errors]: [ [Error], [Error] ]
  }
]
[2026-08-21T19:21:24.923Z] error: <httpProxy> Error calling http://localhost:8083/...
[2026-08-21T19:21:24.924Z] error: <httpProxy> [
  500,
  AggregateError: 
      at ignore-listed frames {
    code: 'ECONNREFUSED',
    [errors]: [ [Error], [Error] ]
  }
]
[2026-08-21T19:21:56.344Z] error: <httpProxy> Error calling http://localhost:2283/...
[2026-08-21T19:21:56.345Z] error: <httpProxy> [
  500,
  AggregateError: 
      at ignore-listed frames {
    code: 'ECONNREFUSED',
    [errors]: [ [Error], [Error] ]
  }
]
[2026-08-21T19:21:56.346Z] error: <httpProxy> Error calling http://localhost:9000/...
[2026-08-21T19:21:56.346Z] error: <httpProxy> [
  500,
  AggregateError: 
      at ignore-listed frames {
    code: 'ECONNREFUSED',
    [errors]: [ [Error], [Error] ]
  }
]
[2026-08-21T19:21:56.347Z] error: <httpProxy> Error calling http://localhost:8010/...
[2026-08-21T19:21:56.348Z] error: <httpProxy> [
  500,
  AggregateError: 
      at ignore-listed frames {
    code: 'ECONNREFUSED',
    [errors]: [ [Error], [Error] ]
  }
]
[2026-08-21T19:21:56.348Z] error: <httpProxy> Error calling http://localhost:5006/...
[2026-08-21T19:21:56.349Z] error: <httpProxy> [
  500,
  AggregateError: 
      at ignore-listed frames {
    code: 'ECONNREFUSED',
    [errors]: [ [Error], [Error] ]
  }
]
[2026-08-21T19:21:56.349Z] error: <httpProxy> Error calling http://localhost:2283/...
[2026-08-21T19:21:56.349Z] error: <httpProxy> [
  500,
  AggregateError: 
      at ignore-listed frames {
    code: 'ECONNREFUSED',
    [errors]: [ [Error], [Error] ]
  }
]
[2026-08-21T19:21:56.352Z] error: <httpProxy> Error calling http://localhost:8020/...
[2026-08-21T19:21:56.352Z] error: <httpProxy> [
  500,
  AggregateError: 
      at ignore-listed frames {
    code: 'ECONNREFUSED',
    [errors]: [ [Error], [Error] ]
  }
]
[2026-08-21T19:21:56.353Z] error: <httpProxy> Error calling http://localhost:9000/...
[2026-08-21T19:21:56.353Z] error: <httpProxy> [
  500,
  AggregateError: 
      at ignore-listed frames {
    code: 'ECONNREFUSED',
    [errors]: [ [Error], [Error] ]
  }
]
[2026-08-21T19:21:56.356Z] error: <httpProxy> Error calling http://localhost:8015/...
[2026-08-21T19:21:56.356Z] error: <httpProxy> [
  500,
  AggregateError: 
      at ignore-listed frames {
    code: 'ECONNREFUSED',
    [errors]: [ [Error], [Error] ]
  }
]
[2026-08-21T19:21:56.356Z] error: <httpProxy> Error calling http://localhost:8010/...
[2026-08-21T19:21:56.357Z] error: <httpProxy> [
  500,
  AggregateError: 
      at ignore-listed frames {
    code: 'ECONNREFUSED',
    [errors]: [ [Error], [Error] ]
  }
]
[2026-08-21T19:21:56.359Z] error: <httpProxy> Error calling http://localhost:5006/...
[2026-08-21T19:21:56.359Z] error: <httpProxy> [
  500,
  AggregateError: 
      at ignore-listed frames {
    code: 'ECONNREFUSED',
    [errors]: [ [Error], [Error] ]
  }
]
[2026-08-21T19:21:56.361Z] error: <httpProxy> Error calling http://localhost:8020/...
[2026-08-21T19:21:56.362Z] error: <httpProxy> [
  500,
  AggregateError: 
      at ignore-listed frames {
    code: 'ECONNREFUSED',
    [errors]: [ [Error], [Error] ]
  }
]
[2026-08-21T19:21:56.364Z] error: <httpProxy> Error calling http://localhost:8015/...
[2026-08-21T19:21:56.365Z] error: <httpProxy> [
  500,
  AggregateError: 
      at ignore-listed frames {
    code: 'ECONNREFUSED',
    [errors]: [ [Error], [Error] ]
  }
]
[2026-08-21T19:21:56.368Z] error: <httpProxy> Error calling http://localhost:3929/...
[2026-08-21T19:21:56.369Z] error: <httpProxy> [
  500,
  AggregateError: 
      at ignore-listed frames {
    code: 'ECONNREFUSED',
    [errors]: [ [Error], [Error] ]
  }
]
[2026-08-21T19:21:56.369Z] error: <httpProxy> Error calling http://localhost:3001/...
[2026-08-21T19:21:56.370Z] error: <httpProxy> [
  500,
  AggregateError: 
      at ignore-listed frames {
    code: 'ECONNREFUSED',
    [errors]: [ [Error], [Error] ]
  }
]
[2026-08-21T19:21:56.370Z] error: <httpProxy> Error calling http://localhost:8082/...
[2026-08-21T19:21:56.371Z] error: <httpProxy> [
  500,
  AggregateError: 
      at ignore-listed frames {
    code: 'ECONNREFUSED',
    [errors]: [ [Error], [Error] ]
  }
]
[2026-08-21T19:21:56.372Z] error: <httpProxy> Error calling http://localhost:8787/...
[2026-08-21T19:21:56.372Z] error: <httpProxy> [
  500,
  AggregateError: 
      at ignore-listed frames {
    code: 'ECONNREFUSED',
    [errors]: [ [Error], [Error] ]
  }
]
[2026-08-21T19:21:56.372Z] error: <httpProxy> Error calling http://localhost:3929/...
[2026-08-21T19:21:56.373Z] error: <httpProxy> [
  500,
  AggregateError: 
      at ignore-listed frames {
    code: 'ECONNREFUSED',
    [errors]: [ [Error], [Error] ]
  }
]
[2026-08-21T19:21:56.373Z] error: <httpProxy> Error calling http://localhost:8090/...
[2026-08-21T19:21:56.374Z] error: <httpProxy> [
  500,
  AggregateError: 
      at ignore-listed frames {
    code: 'ECONNREFUSED',
    [errors]: [ [Error], [Error] ]
  }
]
[2026-08-21T19:21:56.374Z] error: <httpProxy> Error calling http://localhost:3001/...
[2026-08-21T19:21:56.374Z] error: <httpProxy> [
  500,
  AggregateError: 
      at ignore-listed frames {
    code: 'ECONNREFUSED',
    [errors]: [ [Error], [Error] ]
  }
]
[2026-08-21T19:21:56.378Z] error: <httpProxy> Error calling http://localhost:8082/...
[2026-08-21T19:21:56.378Z] error: <httpProxy> [
  500,
  AggregateError: 
      at ignore-listed frames {
    code: 'ECONNREFUSED',
    [errors]: [ [Error], [Error] ]
  }
]
[2026-08-21T19:21:56.381Z] error: <httpProxy> Error calling http://localhost:8081/...
[2026-08-21T19:21:56.382Z] error: <httpProxy> [
  500,
  AggregateError: 
      at ignore-listed frames {
    code: 'ECONNREFUSED',
    [errors]: [ [Error], [Error] ]
  }
]
[2026-08-21T19:21:56.382Z] error: <httpProxy> Error calling http://localhost:8787/...
[2026-08-21T19:21:56.383Z] error: <httpProxy> [
  500,
  AggregateError: 
      at ignore-listed frames {
    code: 'ECONNREFUSED',
    [errors]: [ [Error], [Error] ]
  }
]
[2026-08-21T19:21:56.385Z] error: <httpProxy> Error calling http://localhost:8090/...
[2026-08-21T19:21:56.385Z] error: <httpProxy> [
  500,
  AggregateError: 
      at ignore-listed frames {
    code: 'ECONNREFUSED',
    [errors]: [ [Error], [Error] ]
  }
]
[2026-08-21T19:21:56.387Z] error: <httpProxy> Error calling http://localhost:8081/...
[2026-08-21T19:21:56.388Z] error: <httpProxy> [
  500,
  AggregateError: 
      at ignore-listed frames {
    code: 'ECONNREFUSED',
    [errors]: [ [Error], [Error] ]
  }
]
[2026-08-21T19:21:56.389Z] error: <httpProxy> Error calling http://localhost:8787/...
[2026-08-21T19:21:56.390Z] error: <httpProxy> [
  500,
  AggregateError: 
      at ignore-listed frames {
    code: 'ECONNREFUSED',
    [errors]: [ [Error], [Error] ]
  }
]
[2026-08-21T19:21:56.390Z] error: <httpProxy> Error calling http://localhost:8083/...
[2026-08-21T19:21:56.391Z] error: <httpProxy> [
  500,
  AggregateError: 
      at ignore-listed frames {
    code: 'ECONNREFUSED',
    [errors]: [ [Error], [Error] ]
  }
]
[2026-08-21T19:21:56.391Z] error: <httpProxy> Error calling http://localhost:8083/...
[2026-08-21T19:21:56.392Z] error: <httpProxy> [
  500,
  AggregateError: 
      at ignore-listed frames {
    code: 'ECONNREFUSED',
    [errors]: [ [Error], [Error] ]
  }
]
[2026-08-21T19:21:56.393Z] error: <httpProxy> Error calling http://localhost:8083/...
[2026-08-21T19:21:56.393Z] error: <httpProxy> [
  500,
  AggregateError: 
      at ignore-listed frames {
    code: 'ECONNREFUSED',
    [errors]: [ [Error], [Error] ]
  }
]
[2026-08-21T19:21:56.394Z] error: <httpProxy> Error calling http://localhost:8787/...
[2026-08-21T19:21:56.394Z] error: <httpProxy> [
  500,
  AggregateError: 
      at ignore-listed frames {
    code: 'ECONNREFUSED',
    [errors]: [ [Error], [Error] ]
  }
]
[2026-08-21T19:21:56.394Z] error: <httpProxy> Error calling http://localhost:8083/...
[2026-08-21T19:21:56.395Z] error: <httpProxy> [
  500,
  AggregateError: 
      at ignore-listed frames {
    code: 'ECONNREFUSED',
    [errors]: [ [Error], [Error] ]
  }
]
[2026-08-21T19:21:56.396Z] error: <httpProxy> Error calling http://localhost:8083/...
[2026-08-21T19:21:56.396Z] error: <httpProxy> [
  500,
  AggregateError: 
      at ignore-listed frames {
    code: 'ECONNREFUSED',
    [errors]: [ [Error], [Error] ]
  }
]
[2026-08-21T19:21:56.397Z] error: <httpProxy> Error calling http://localhost:8083/...
[2026-08-21T19:21:56.397Z] error: <httpProxy> [
  500,
  AggregateError: 
      at ignore-listed frames {
    code: 'ECONNREFUSED',
    [errors]: [ [Error], [Error] ]
  }
]
[2026-08-21T19:22:27.192Z] error: <httpProxy> Error calling http://localhost:2283/...
[2026-08-21T19:22:27.193Z] error: <httpProxy> [
  500,
  AggregateError: 
      at ignore-listed frames {
    code: 'ECONNREFUSED',
    [errors]: [ [Error], [Error] ]
  }
]
[2026-08-21T19:22:27.193Z] error: <httpProxy> Error calling http://localhost:8010/...
[2026-08-21T19:22:27.194Z] error: <httpProxy> [
  500,
  AggregateError: 
      at ignore-listed frames {
    code: 'ECONNREFUSED',
    [errors]: [ [Error], [Error] ]
  }
]
[2026-08-21T19:22:27.195Z] error: <httpProxy> Error calling http://localhost:5006/...
[2026-08-21T19:22:27.195Z] error: <httpProxy> [
  500,
  AggregateError: 
      at ignore-listed frames {
    code: 'ECONNREFUSED',
    [errors]: [ [Error], [Error] ]
  }
]
[2026-08-21T19:22:27.196Z] error: <httpProxy> Error calling http://localhost:9000/...
[2026-08-21T19:22:27.196Z] error: <httpProxy> [
  500,
  AggregateError: 
      at ignore-listed frames {
    code: 'ECONNREFUSED',
    [errors]: [ [Error], [Error] ]
  }
]
[2026-08-21T19:22:27.196Z] error: <httpProxy> Error calling http://localhost:2283/...
[2026-08-21T19:22:27.197Z] error: <httpProxy> [
  500,
  AggregateError: 
      at ignore-listed frames {
    code: 'ECONNREFUSED',
    [errors]: [ [Error], [Error] ]
  }
]
[2026-08-21T19:22:27.197Z] error: <httpProxy> Error calling http://localhost:8020/...
[2026-08-21T19:22:27.198Z] error: <httpProxy> [
  500,
  AggregateError: 
      at ignore-listed frames {
    code: 'ECONNREFUSED',
    [errors]: [ [Error], [Error] ]
  }
]
[2026-08-21T19:22:27.198Z] error: <httpProxy> Error calling http://localhost:8010/...
[2026-08-21T19:22:27.199Z] error: <httpProxy> [
  500,
  AggregateError: 
      at ignore-listed frames {
    code: 'ECONNREFUSED',
    [errors]: [ [Error], [Error] ]
  }
]
[2026-08-21T19:22:27.203Z] error: <httpProxy> Error calling http://localhost:8015/...
[2026-08-21T19:22:27.204Z] error: <httpProxy> [
  500,
  AggregateError: 
      at ignore-listed frames {
    code: 'ECONNREFUSED',
    [errors]: [ [Error], [Error] ]
  }
]
[2026-08-21T19:22:27.204Z] error: <httpProxy> Error calling http://localhost:5006/...
[2026-08-21T19:22:27.205Z] error: <httpProxy> [
  500,
  AggregateError: 
      at ignore-listed frames {
    code: 'ECONNREFUSED',
    [errors]: [ [Error], [Error] ]
  }
]
[2026-08-21T19:22:27.208Z] error: <httpProxy> Error calling http://localhost:9000/...
[2026-08-21T19:22:27.208Z] error: <httpProxy> [
  500,
  AggregateError: 
      at ignore-listed frames {
    code: 'ECONNREFUSED',
    [errors]: [ [Error], [Error] ]
  }
]
[2026-08-21T19:22:27.212Z] error: <httpProxy> Error calling http://localhost:8020/...
[2026-08-21T19:22:27.212Z] error: <httpProxy> [
  500,
  AggregateError: 
      at ignore-listed frames {
    code: 'ECONNREFUSED',
    [errors]: [ [Error], [Error] ]
  }
]
[2026-08-21T19:22:27.215Z] error: <httpProxy> Error calling http://localhost:8015/...
[2026-08-21T19:22:27.216Z] error: <httpProxy> [
  500,
  AggregateError: 
      at ignore-listed frames {
    code: 'ECONNREFUSED',
    [errors]: [ [Error], [Error] ]
  }
]
[2026-08-21T19:22:27.221Z] error: <httpProxy> Error calling http://localhost:3929/...
[2026-08-21T19:22:27.221Z] error: <httpProxy> [
  500,
  AggregateError: 
      at ignore-listed frames {
    code: 'ECONNREFUSED',
    [errors]: [ [Error], [Error] ]
  }
]
[2026-08-21T19:22:27.221Z] error: <httpProxy> Error calling http://localhost:3001/...
[2026-08-21T19:22:27.222Z] error: <httpProxy> [
  500,
  AggregateError: 
      at ignore-listed frames {
    code: 'ECONNREFUSED',
    [errors]: [ [Error], [Error] ]
  }
]
[2026-08-21T19:22:27.222Z] error: <httpProxy> Error calling http://localhost:8082/...
[2026-08-21T19:22:27.223Z] error: <httpProxy> [
  500,
  AggregateError: 
      at ignore-listed frames {
    code: 'ECONNREFUSED',
    [errors]: [ [Error], [Error] ]
  }
]
[2026-08-21T19:22:27.223Z] error: <httpProxy> Error calling http://localhost:8787/...
[2026-08-21T19:22:27.224Z] error: <httpProxy> [
  500,
  AggregateError: 
      at ignore-listed frames {
    code: 'ECONNREFUSED',
    [errors]: [ [Error], [Error] ]
  }
]
[2026-08-21T19:22:27.224Z] error: <httpProxy> Error calling http://localhost:8090/...
[2026-08-21T19:22:27.225Z] error: <httpProxy> [
  500,
  AggregateError: 
      at ignore-listed frames {
    code: 'ECONNREFUSED',
    [errors]: [ [Error], [Error] ]
  }
]
[2026-08-21T19:22:27.225Z] error: <httpProxy> Error calling http://localhost:3929/...
[2026-08-21T19:22:27.226Z] error: <httpProxy> [
  500,
  AggregateError: 
      at ignore-listed frames {
    code: 'ECONNREFUSED',
    [errors]: [ [Error], [Error] ]
  }
]
[2026-08-21T19:22:27.226Z] error: <httpProxy> Error calling http://localhost:3001/...
[2026-08-21T19:22:27.227Z] error: <httpProxy> [
  500,
  AggregateError: 
      at ignore-listed frames {
    code: 'ECONNREFUSED',
    [errors]: [ [Error], [Error] ]
  }
]
[2026-08-21T19:22:27.230Z] error: <httpProxy> Error calling http://localhost:8082/...
[2026-08-21T19:22:27.231Z] error: <httpProxy> [
  500,
  AggregateError: 
      at ignore-listed frames {
    code: 'ECONNREFUSED',
    [errors]: [ [Error], [Error] ]
  }
]
[2026-08-21T19:22:27.233Z] error: <httpProxy> Error calling http://localhost:8081/...
[2026-08-21T19:22:27.233Z] error: <httpProxy> [
  500,
  AggregateError: 
      at ignore-listed frames {
    code: 'ECONNREFUSED',
    [errors]: [ [Error], [Error] ]
  }
]
[2026-08-21T19:22:27.233Z] error: <httpProxy> Error calling http://localhost:8787/...
[2026-08-21T19:22:27.234Z] error: <httpProxy> [
  500,
  AggregateError: 
      at ignore-listed frames {
    code: 'ECONNREFUSED',
    [errors]: [ [Error], [Error] ]
  }
]
[2026-08-21T19:22:27.236Z] error: <httpProxy> Error calling http://localhost:8090/...
[2026-08-21T19:22:27.236Z] error: <httpProxy> [
  500,
  AggregateError: 
      at ignore-listed frames {
    code: 'ECONNREFUSED',
    [errors]: [ [Error], [Error] ]
  }
]
[2026-08-21T19:22:27.238Z] error: <httpProxy> Error calling http://localhost:8081/...
[2026-08-21T19:22:27.238Z] error: <httpProxy> [
  500,
  AggregateError: 
      at ignore-listed frames {
    code: 'ECONNREFUSED',
    [errors]: [ [Error], [Error] ]
  }
]
[2026-08-21T19:22:27.240Z] error: <httpProxy> Error calling http://localhost:8787/...
[2026-08-21T19:22:27.240Z] error: <httpProxy> [
  500,
  AggregateError: 
      at ignore-listed frames {
    code: 'ECONNREFUSED',
    [errors]: [ [Error], [Error] ]
  }
]
[2026-08-21T19:22:27.241Z] error: <httpProxy> Error calling http://localhost:8083/...
[2026-08-21T19:22:27.241Z] error: <httpProxy> [
  500,
  AggregateError: 
      at ignore-listed frames {
    code: 'ECONNREFUSED',
    [errors]: [ [Error], [Error] ]
  }
]
[2026-08-21T19:22:27.242Z] error: <httpProxy> Error calling http://localhost:8083/...
[2026-08-21T19:22:27.242Z] error: <httpProxy> [
  500,
  AggregateError: 
      at ignore-listed frames {
    code: 'ECONNREFUSED',
    [errors]: [ [Error], [Error] ]
  }
]
[2026-08-21T19:22:27.243Z] error: <httpProxy> Error calling http://localhost:8083/...
[2026-08-21T19:22:27.243Z] error: <httpProxy> [
  500,
  AggregateError: 
      at ignore-listed frames {
    code: 'ECONNREFUSED',
    [errors]: [ [Error], [Error] ]
  }
]
[2026-08-21T19:22:27.243Z] error: <httpProxy> Error calling http://localhost:8787/...
[2026-08-21T19:22:27.244Z] error: <httpProxy> [
  500,
  AggregateError: 
      at ignore-listed frames {
    code: 'ECONNREFUSED',
    [errors]: [ [Error], [Error] ]
  }
]
[2026-08-21T19:22:27.244Z] error: <httpProxy> Error calling http://localhost:8083/...
[2026-08-21T19:22:27.245Z] error: <httpProxy> [
  500,
  AggregateError: 
      at ignore-listed frames {
    code: 'ECONNREFUSED',
    [errors]: [ [Error], [Error] ]
  }
]
[2026-08-21T19:22:27.245Z] error: <httpProxy> Error calling http://localhost:8083/...
[2026-08-21T19:22:27.246Z] error: <httpProxy> [
  500,
  AggregateError: 
      at ignore-listed frames {
    code: 'ECONNREFUSED',
    [errors]: [ [Error], [Error] ]
  }
]
[2026-08-21T19:22:27.246Z] error: <httpProxy> Error calling http://localhost:8083/...
[2026-08-21T19:22:27.247Z] error: <httpProxy> [
  500,
  AggregateError: 
      at ignore-listed frames {
    code: 'ECONNREFUSED',
    [errors]: [ [Error], [Error] ]
  }
]
[2026-08-21T19:22:57.209Z] error: <httpProxy> Error calling http://localhost:2283/...
[2026-08-21T19:22:57.210Z] error: <httpProxy> [
  500,
  AggregateError: 
      at ignore-listed frames {
    code: 'ECONNREFUSED',
    [errors]: [ [Error], [Error] ]
  }
]
[2026-08-21T19:22:57.213Z] error: <httpProxy> Error calling http://localhost:8010/...
[2026-08-21T19:22:57.213Z] error: <httpProxy> [
  500,
  AggregateError: 
      at ignore-listed frames {
    code: 'ECONNREFUSED',
    [errors]: [ [Error], [Error] ]
  }
]
[2026-08-21T19:22:57.216Z] error: <httpProxy> Error calling http://localhost:2283/...
[2026-08-21T19:22:57.216Z] error: <httpProxy> [
  500,
  AggregateError: 
      at ignore-listed frames {
    code: 'ECONNREFUSED',
    [errors]: [ [Error], [Error] ]
  }
]
[2026-08-21T19:22:57.220Z] error: <httpProxy> Error calling http://localhost:8010/...
[2026-08-21T19:22:57.220Z] error: <httpProxy> [
  500,
  AggregateError: 
      at ignore-listed frames {
    code: 'ECONNREFUSED',
    [errors]: [ [Error], [Error] ]
  }
]
[2026-08-21T19:22:57.225Z] error: <httpProxy> Error calling http://localhost:5006/...
[2026-08-21T19:22:57.226Z] error: <httpProxy> [
  500,
  AggregateError: 
      at ignore-listed frames {
    code: 'ECONNREFUSED',
    [errors]: [ [Error], [Error] ]
  }
]
[2026-08-21T19:22:57.227Z] error: <httpProxy> Error calling http://localhost:9000/...
[2026-08-21T19:22:57.228Z] error: <httpProxy> [
  500,
  AggregateError: 
      at ignore-listed frames {
    code: 'ECONNREFUSED',
    [errors]: [ [Error], [Error] ]
  }
]
[2026-08-21T19:22:57.228Z] error: <httpProxy> Error calling http://localhost:5006/...
[2026-08-21T19:22:57.229Z] error: <httpProxy> [
  500,
  AggregateError: 
      at ignore-listed frames {
    code: 'ECONNREFUSED',
    [errors]: [ [Error], [Error] ]
  }
]
[2026-08-21T19:22:57.229Z] error: <httpProxy> Error calling http://localhost:8020/...
[2026-08-21T19:22:57.230Z] error: <httpProxy> [
  500,
  AggregateError: 
      at ignore-listed frames {
    code: 'ECONNREFUSED',
    [errors]: [ [Error], [Error] ]
  }
]
[2026-08-21T19:22:57.234Z] error: <httpProxy> Error calling http://localhost:8015/...
[2026-08-21T19:22:57.235Z] error: <httpProxy> [
  500,
  AggregateError: 
      at ignore-listed frames {
    code: 'ECONNREFUSED',
    [errors]: [ [Error], [Error] ]
  }
]
[2026-08-21T19:22:57.235Z] error: <httpProxy> Error calling http://localhost:9000/...
[2026-08-21T19:22:57.236Z] error: <httpProxy> [
  500,
  AggregateError: 
      at ignore-listed frames {
    code: 'ECONNREFUSED',
    [errors]: [ [Error], [Error] ]
  }
]
[2026-08-21T19:22:57.240Z] error: <httpProxy> Error calling http://localhost:8020/...
[2026-08-21T19:22:57.241Z] error: <httpProxy> [
  500,
  AggregateError: 
      at ignore-listed frames {
    code: 'ECONNREFUSED',
    [errors]: [ [Error], [Error] ]
  }
]
[2026-08-21T19:22:57.243Z] error: <httpProxy> Error calling http://localhost:8015/...
[2026-08-21T19:22:57.244Z] error: <httpProxy> [
  500,
  AggregateError: 
      at ignore-listed frames {
    code: 'ECONNREFUSED',
    [errors]: [ [Error], [Error] ]
  }
]
[2026-08-21T19:22:57.249Z] error: <httpProxy> Error calling http://localhost:3929/...
[2026-08-21T19:22:57.249Z] error: <httpProxy> [
  500,
  AggregateError: 
      at ignore-listed frames {
    code: 'ECONNREFUSED',
    [errors]: [ [Error], [Error] ]
  }
]
[2026-08-21T19:22:57.250Z] error: <httpProxy> Error calling http://localhost:3001/...
[2026-08-21T19:22:57.251Z] error: <httpProxy> [
  500,
  AggregateError: 
      at ignore-listed frames {
    code: 'ECONNREFUSED',
    [errors]: [ [Error], [Error] ]
  }
]
[2026-08-21T19:22:57.252Z] error: <httpProxy> Error calling http://localhost:8787/...
[2026-08-21T19:22:57.253Z] error: <httpProxy> [
  500,
  AggregateError: 
      at ignore-listed frames {
    code: 'ECONNREFUSED',
    [errors]: [ [Error], [Error] ]
  }
]
[2026-08-21T19:22:57.253Z] error: <httpProxy> Error calling http://localhost:8082/...
[2026-08-21T19:22:57.253Z] error: <httpProxy> [
  500,
  AggregateError: 
      at ignore-listed frames {
    code: 'ECONNREFUSED',
    [errors]: [ [Error], [Error] ]
  }
]
[2026-08-21T19:22:57.254Z] error: <httpProxy> Error calling http://localhost:8090/...
[2026-08-21T19:22:57.254Z] error: <httpProxy> [
  500,
  AggregateError: 
      at ignore-listed frames {
    code: 'ECONNREFUSED',
    [errors]: [ [Error], [Error] ]
  }
]
[2026-08-21T19:22:57.255Z] error: <httpProxy> Error calling http://localhost:3929/...
[2026-08-21T19:22:57.255Z] error: <httpProxy> [
  500,
  AggregateError: 
      at ignore-listed frames {
    code: 'ECONNREFUSED',
    [errors]: [ [Error], [Error] ]
  }
]
[2026-08-21T19:22:57.256Z] error: <httpProxy> Error calling http://localhost:3001/...
[2026-08-21T19:22:57.256Z] error: <httpProxy> [
  500,
  AggregateError: 
      at ignore-listed frames {
    code: 'ECONNREFUSED',
    [errors]: [ [Error], [Error] ]
  }
]
[2026-08-21T19:22:57.261Z] error: <httpProxy> Error calling http://localhost:8081/...
[2026-08-21T19:22:57.261Z] error: <httpProxy> [
  500,
  AggregateError: 
      at ignore-listed frames {
    code: 'ECONNREFUSED',
    [errors]: [ [Error], [Error] ]
  }
]
[2026-08-21T19:22:57.262Z] error: <httpProxy> Error calling http://localhost:8787/...
[2026-08-21T19:22:57.262Z] error: <httpProxy> [
  500,
  AggregateError: 
      at ignore-listed frames {
    code: 'ECONNREFUSED',
    [errors]: [ [Error], [Error] ]
  }
]
[2026-08-21T19:22:57.263Z] error: <httpProxy> Error calling http://localhost:8082/...
[2026-08-21T19:22:57.263Z] error: <httpProxy> [
  500,
  AggregateError: 
      at ignore-listed frames {
    code: 'ECONNREFUSED',
    [errors]: [ [Error], [Error] ]
  }
]
[2026-08-21T19:22:57.267Z] error: <httpProxy> Error calling http://localhost:8090/...
[2026-08-21T19:22:57.268Z] error: <httpProxy> [
  500,
  AggregateError: 
      at ignore-listed frames {
    code: 'ECONNREFUSED',
    [errors]: [ [Error], [Error] ]
  }
]
[2026-08-21T19:22:57.270Z] error: <httpProxy> Error calling http://localhost:8081/...
[2026-08-21T19:22:57.271Z] error: <httpProxy> [
  500,
  AggregateError: 
      at ignore-listed frames {
    code: 'ECONNREFUSED',
    [errors]: [ [Error], [Error] ]
  }
]
[2026-08-21T19:22:57.272Z] error: <httpProxy> Error calling http://localhost:8787/...
[2026-08-21T19:22:57.272Z] error: <httpProxy> [
  500,
  AggregateError: 
      at ignore-listed frames {
    code: 'ECONNREFUSED',
    [errors]: [ [Error], [Error] ]
  }
]
[2026-08-21T19:22:57.273Z] error: <httpProxy> Error calling http://localhost:8083/...
[2026-08-21T19:22:57.273Z] error: <httpProxy> [
  500,
  AggregateError: 
      at ignore-listed frames {
    code: 'ECONNREFUSED',
    [errors]: [ [Error], [Error] ]
  }
]
[2026-08-21T19:22:57.274Z] error: <httpProxy> Error calling http://localhost:8083/...
[2026-08-21T19:22:57.274Z] error: <httpProxy> [
  500,
  AggregateError: 
      at ignore-listed frames {
    code: 'ECONNREFUSED',
    [errors]: [ [Error], [Error] ]
  }
]
[2026-08-21T19:22:57.274Z] error: <httpProxy> Error calling http://localhost:8083/...
[2026-08-21T19:22:57.275Z] error: <httpProxy> [
  500,
  AggregateError: 
      at ignore-listed frames {
    code: 'ECONNREFUSED',
    [errors]: [ [Error], [Error] ]
  }
]
[2026-08-21T19:22:57.275Z] error: <httpProxy> Error calling http://localhost:8787/...
[2026-08-21T19:22:57.276Z] error: <httpProxy> [
  500,
  AggregateError: 
      at ignore-listed frames {
    code: 'ECONNREFUSED',
    [errors]: [ [Error], [Error] ]
  }
]
[2026-08-21T19:22:57.276Z] error: <httpProxy> Error calling http://localhost:8083/...
[2026-08-21T19:22:57.276Z] error: <httpProxy> [
  500,
  AggregateError: 
      at ignore-listed frames {
    code: 'ECONNREFUSED',
    [errors]: [ [Error], [Error] ]
  }
]
[2026-08-21T19:22:57.277Z] error: <httpProxy> Error calling http://localhost:8083/...
[2026-08-21T19:22:57.278Z] error: <httpProxy> [
  500,
  AggregateError: 
      at ignore-listed frames {
    code: 'ECONNREFUSED',
    [errors]: [ [Error], [Error] ]
  }
]
[2026-08-21T19:22:57.278Z] error: <httpProxy> Error calling http://localhost:8083/...
[2026-08-21T19:22:57.278Z] error: <httpProxy> [
  500,
  AggregateError: 
      at ignore-listed frames {
    code: 'ECONNREFUSED',
    [errors]: [ [Error], [Error] ]
  }
]
[2026-08-21T19:23:27.423Z] error: <httpProxy> Error calling http://localhost:2283/...
[2026-08-21T19:23:27.423Z] error: <httpProxy> [
  500,
  AggregateError: 
      at ignore-listed frames {
    code: 'ECONNREFUSED',
    [errors]: [ [Error], [Error] ]
  }
]
[2026-08-21T19:23:27.424Z] error: <httpProxy> Error calling http://localhost:5006/...
[2026-08-21T19:23:27.425Z] error: <httpProxy> [
  500,
  AggregateError: 
      at ignore-listed frames {
    code: 'ECONNREFUSED',
    [errors]: [ [Error], [Error] ]
  }
]
[2026-08-21T19:23:27.425Z] error: <httpProxy> Error calling http://localhost:9000/...
[2026-08-21T19:23:27.426Z] error: <httpProxy> [
  500,
  AggregateError: 
      at ignore-listed frames {
    code: 'ECONNREFUSED',
    [errors]: [ [Error], [Error] ]
  }
]
[2026-08-21T19:23:27.426Z] error: <httpProxy> Error calling http://localhost:8010/...
[2026-08-21T19:23:27.427Z] error: <httpProxy> [
  500,
  AggregateError: 
      at ignore-listed frames {
    code: 'ECONNREFUSED',
    [errors]: [ [Error], [Error] ]
  }
]
[2026-08-21T19:23:27.427Z] error: <httpProxy> Error calling http://localhost:2283/...
[2026-08-21T19:23:27.428Z] error: <httpProxy> [
  500,
  AggregateError: 
      at ignore-listed frames {
    code: 'ECONNREFUSED',
    [errors]: [ [Error], [Error] ]
  }
]
[2026-08-21T19:23:27.428Z] error: <httpProxy> Error calling http://localhost:8020/...
[2026-08-21T19:23:27.429Z] error: <httpProxy> [
  500,
  AggregateError: 
      at ignore-listed frames {
    code: 'ECONNREFUSED',
    [errors]: [ [Error], [Error] ]
  }
]
[2026-08-21T19:23:27.429Z] error: <httpProxy> Error calling http://localhost:5006/...
[2026-08-21T19:23:27.429Z] error: <httpProxy> [
  500,
  AggregateError: 
      at ignore-listed frames {
    code: 'ECONNREFUSED',
    [errors]: [ [Error], [Error] ]
  }
]
[2026-08-21T19:23:27.433Z] error: <httpProxy> Error calling http://localhost:8015/...
[2026-08-21T19:23:27.434Z] error: <httpProxy> [
  500,
  AggregateError: 
      at ignore-listed frames {
    code: 'ECONNREFUSED',
    [errors]: [ [Error], [Error] ]
  }
]
[2026-08-21T19:23:27.434Z] error: <httpProxy> Error calling http://localhost:9000/...
[2026-08-21T19:23:27.435Z] error: <httpProxy> [
  500,
  AggregateError: 
      at ignore-listed frames {
    code: 'ECONNREFUSED',
    [errors]: [ [Error], [Error] ]
  }
]
[2026-08-21T19:23:27.437Z] error: <httpProxy> Error calling http://localhost:8010/...
[2026-08-21T19:23:27.437Z] error: <httpProxy> [
  500,
  AggregateError: 
      at ignore-listed frames {
    code: 'ECONNREFUSED',
    [errors]: [ [Error], [Error] ]
  }
]
[2026-08-21T19:23:27.440Z] error: <httpProxy> Error calling http://localhost:8020/...
[2026-08-21T19:23:27.440Z] error: <httpProxy> [
  500,
  AggregateError: 
      at ignore-listed frames {
    code: 'ECONNREFUSED',
    [errors]: [ [Error], [Error] ]
  }
]
[2026-08-21T19:23:27.442Z] error: <httpProxy> Error calling http://localhost:8015/...
[2026-08-21T19:23:27.442Z] error: <httpProxy> [
  500,
  AggregateError: 
      at ignore-listed frames {
    code: 'ECONNREFUSED',
    [errors]: [ [Error], [Error] ]
  }
]
[2026-08-21T19:23:27.447Z] error: <httpProxy> Error calling http://localhost:3929/...
[2026-08-21T19:23:27.448Z] error: <httpProxy> [
  500,
  AggregateError: 
      at ignore-listed frames {
    code: 'ECONNREFUSED',
    [errors]: [ [Error], [Error] ]
  }
]
[2026-08-21T19:23:27.448Z] error: <httpProxy> Error calling http://localhost:3001/...
[2026-08-21T19:23:27.449Z] error: <httpProxy> [
  500,
  AggregateError: 
      at ignore-listed frames {
    code: 'ECONNREFUSED',
    [errors]: [ [Error], [Error] ]
  }
]
[2026-08-21T19:23:27.450Z] error: <httpProxy> Error calling http://localhost:8787/...
[2026-08-21T19:23:27.450Z] error: <httpProxy> [
  500,
  AggregateError: 
      at ignore-listed frames {
    code: 'ECONNREFUSED',
    [errors]: [ [Error], [Error] ]
  }
]
[2026-08-21T19:23:27.451Z] error: <httpProxy> Error calling http://localhost:8082/...
[2026-08-21T19:23:27.451Z] error: <httpProxy> [
  500,
  AggregateError: 
      at ignore-listed frames {
    code: 'ECONNREFUSED',
    [errors]: [ [Error], [Error] ]
  }
]
[2026-08-21T19:23:27.452Z] error: <httpProxy> Error calling http://localhost:8090/...
[2026-08-21T19:23:27.452Z] error: <httpProxy> [
  500,
  AggregateError: 
      at ignore-listed frames {
    code: 'ECONNREFUSED',
    [errors]: [ [Error], [Error] ]
  }
]
[2026-08-21T19:23:27.453Z] error: <httpProxy> Error calling http://localhost:3929/...
[2026-08-21T19:23:27.453Z] error: <httpProxy> [
  500,
  AggregateError: 
      at ignore-listed frames {
    code: 'ECONNREFUSED',
    [errors]: [ [Error], [Error] ]
  }
]
[2026-08-21T19:23:27.453Z] error: <httpProxy> Error calling http://localhost:3001/...
[2026-08-21T19:23:27.454Z] error: <httpProxy> [
  500,
  AggregateError: 
      at ignore-listed frames {
    code: 'ECONNREFUSED',
    [errors]: [ [Error], [Error] ]
  }
]
[2026-08-21T19:23:27.458Z] error: <httpProxy> Error calling http://localhost:8081/...
[2026-08-21T19:23:27.459Z] error: <httpProxy> [
  500,
  AggregateError: 
      at ignore-listed frames {
    code: 'ECONNREFUSED',
    [errors]: [ [Error], [Error] ]
  }
]
[2026-08-21T19:23:27.459Z] error: <httpProxy> Error calling http://localhost:8787/...
[2026-08-21T19:23:27.460Z] error: <httpProxy> [
  500,
  AggregateError: 
      at ignore-listed frames {
    code: 'ECONNREFUSED',
    [errors]: [ [Error], [Error] ]
  }
]
[2026-08-21T19:23:27.463Z] error: <httpProxy> Error calling http://localhost:8082/...
[2026-08-21T19:23:27.463Z] error: <httpProxy> [
  500,
  AggregateError: 
      at ignore-listed frames {
    code: 'ECONNREFUSED',
    [errors]: [ [Error], [Error] ]
  }
]
[2026-08-21T19:23:27.466Z] error: <httpProxy> Error calling http://localhost:8090/...
[2026-08-21T19:23:27.467Z] error: <httpProxy> [
  500,
  AggregateError: 
      at ignore-listed frames {
    code: 'ECONNREFUSED',
    [errors]: [ [Error], [Error] ]
  }
]
[2026-08-21T19:23:27.467Z] error: <httpProxy> Error calling http://localhost:8081/...
[2026-08-21T19:23:27.468Z] error: <httpProxy> [
  500,
  AggregateError: 
      at ignore-listed frames {
    code: 'ECONNREFUSED',
    [errors]: [ [Error], [Error] ]
  }
]
[2026-08-21T19:23:27.471Z] error: <httpProxy> Error calling http://localhost:8787/...
[2026-08-21T19:23:27.471Z] error: <httpProxy> [
  500,
  AggregateError: 
      at ignore-listed frames {
    code: 'ECONNREFUSED',
    [errors]: [ [Error], [Error] ]
  }
]
[2026-08-21T19:23:27.471Z] error: <httpProxy> Error calling http://localhost:8083/...
[2026-08-21T19:23:27.472Z] error: <httpProxy> [
  500,
  AggregateError: 
      at ignore-listed frames {
    code: 'ECONNREFUSED',
    [errors]: [ [Error], [Error] ]
  }
]
[2026-08-21T19:23:27.472Z] error: <httpProxy> Error calling http://localhost:8083/...
[2026-08-21T19:23:27.473Z] error: <httpProxy> [
  500,
  AggregateError: 
      at ignore-listed frames {
    code: 'ECONNREFUSED',
    [errors]: [ [Error], [Error] ]
  }
]
[2026-08-21T19:23:27.473Z] error: <httpProxy> Error calling http://localhost:8083/...
[2026-08-21T19:23:27.473Z] error: <httpProxy> [
  500,
  AggregateError: 
      at ignore-listed frames {
    code: 'ECONNREFUSED',
    [errors]: [ [Error], [Error] ]
  }
]
[2026-08-21T19:23:27.474Z] error: <httpProxy> Error calling http://localhost:8787/...
[2026-08-21T19:23:27.474Z] error: <httpProxy> [
  500,
  AggregateError: 
      at ignore-listed frames {
    code: 'ECONNREFUSED',
    [errors]: [ [Error], [Error] ]
  }
]
[2026-08-21T19:23:27.475Z] error: <httpProxy> Error calling http://localhost:8083/...
[2026-08-21T19:23:27.475Z] error: <httpProxy> [
  500,
  AggregateError: 
      at ignore-listed frames {
    code: 'ECONNREFUSED',
    [errors]: [ [Error], [Error] ]
  }
]
[2026-08-21T19:23:27.475Z] error: <httpProxy> Error calling http://localhost:8083/...
[2026-08-21T19:23:27.476Z] error: <httpProxy> [
  500,
  AggregateError: 
      at ignore-listed frames {
    code: 'ECONNREFUSED',
    [errors]: [ [Error], [Error] ]
  }
]
[2026-08-21T19:23:27.476Z] error: <httpProxy> Error calling http://localhost:8083/...
[2026-08-21T19:23:27.477Z] error: <httpProxy> [
  500,
  AggregateError: 
      at ignore-listed frames {
    code: 'ECONNREFUSED',
    [errors]: [ [Error], [Error] ]
  }
]
[2026-08-21T19:23:57.486Z] error: <httpProxy> Error calling http://localhost:2283/...
[2026-08-21T19:23:57.486Z] error: <httpProxy> [
  500,
  AggregateError: 
      at ignore-listed frames {
    code: 'ECONNREFUSED',
    [errors]: [ [Error], [Error] ]
  }
]
[2026-08-21T19:23:57.487Z] error: <httpProxy> Error calling http://localhost:9000/...
[2026-08-21T19:23:57.487Z] error: <httpProxy> [
  500,
  AggregateError: 
      at ignore-listed frames {
    code: 'ECONNREFUSED',
    [errors]: [ [Error], [Error] ]
  }
]
[2026-08-21T19:23:57.489Z] error: <httpProxy> Error calling http://localhost:8010/...
[2026-08-21T19:23:57.489Z] error: <httpProxy> [
  500,
  AggregateError: 
      at ignore-listed frames {
    code: 'ECONNREFUSED',
    [errors]: [ [Error], [Error] ]
  }
]
[2026-08-21T19:23:57.489Z] error: <httpProxy> Error calling http://localhost:5006/...
[2026-08-21T19:23:57.490Z] error: <httpProxy> [
  500,
  AggregateError: 
      at ignore-listed frames {
    code: 'ECONNREFUSED',
    [errors]: [ [Error], [Error] ]
  }
]
[2026-08-21T19:23:57.490Z] error: <httpProxy> Error calling http://localhost:2283/...
[2026-08-21T19:23:57.491Z] error: <httpProxy> [
  500,
  AggregateError: 
      at ignore-listed frames {
    code: 'ECONNREFUSED',
    [errors]: [ [Error], [Error] ]
  }
]
[2026-08-21T19:23:57.493Z] error: <httpProxy> Error calling http://localhost:8020/...
[2026-08-21T19:23:57.494Z] error: <httpProxy> [
  500,
  AggregateError: 
      at ignore-listed frames {
    code: 'ECONNREFUSED',
    [errors]: [ [Error], [Error] ]
  }
]
[2026-08-21T19:23:57.495Z] error: <httpProxy> Error calling http://localhost:9000/...
[2026-08-21T19:23:57.495Z] error: <httpProxy> [
  500,
  AggregateError: 
      at ignore-listed frames {
    code: 'ECONNREFUSED',
    [errors]: [ [Error], [Error] ]
  }
]
[2026-08-21T19:23:57.497Z] error: <httpProxy> Error calling http://localhost:8015/...
[2026-08-21T19:23:57.497Z] error: <httpProxy> [
  500,
  AggregateError: 
      at ignore-listed frames {
    code: 'ECONNREFUSED',
    [errors]: [ [Error], [Error] ]
  }
]
[2026-08-21T19:23:57.498Z] error: <httpProxy> Error calling http://localhost:8010/...
[2026-08-21T19:23:57.498Z] error: <httpProxy> [
  500,
  AggregateError: 
      at ignore-listed frames {
    code: 'ECONNREFUSED',
    [errors]: [ [Error], [Error] ]
  }
]
[2026-08-21T19:23:57.500Z] error: <httpProxy> Error calling http://localhost:5006/...
[2026-08-21T19:23:57.501Z] error: <httpProxy> [
  500,
  AggregateError: 
      at ignore-listed frames {
    code: 'ECONNREFUSED',
    [errors]: [ [Error], [Error] ]
  }
]
[2026-08-21T19:23:57.503Z] error: <httpProxy> Error calling http://localhost:8020/...
[2026-08-21T19:23:57.504Z] error: <httpProxy> [
  500,
  AggregateError: 
      at ignore-listed frames {
    code: 'ECONNREFUSED',
    [errors]: [ [Error], [Error] ]
  }
]
[2026-08-21T19:23:57.506Z] error: <httpProxy> Error calling http://localhost:8015/...
[2026-08-21T19:23:57.506Z] error: <httpProxy> [
  500,
  AggregateError: 
      at ignore-listed frames {
    code: 'ECONNREFUSED',
    [errors]: [ [Error], [Error] ]
  }
]
[2026-08-21T19:23:57.510Z] error: <httpProxy> Error calling http://localhost:3929/...
[2026-08-21T19:23:57.510Z] error: <httpProxy> [
  500,
  AggregateError: 
      at ignore-listed frames {
    code: 'ECONNREFUSED',
    [errors]: [ [Error], [Error] ]
  }
]
[2026-08-21T19:23:57.512Z] error: <httpProxy> Error calling http://localhost:3001/...
[2026-08-21T19:23:57.513Z] error: <httpProxy> [
  500,
  AggregateError: 
      at ignore-listed frames {
    code: 'ECONNREFUSED',
    [errors]: [ [Error], [Error] ]
  }
]
[2026-08-21T19:23:57.513Z] error: <httpProxy> Error calling http://localhost:8787/...
[2026-08-21T19:23:57.514Z] error: <httpProxy> [
  500,
  AggregateError: 
      at ignore-listed frames {
    code: 'ECONNREFUSED',
    [errors]: [ [Error], [Error] ]
  }
]
[2026-08-21T19:23:57.515Z] error: <httpProxy> Error calling http://localhost:8082/...
[2026-08-21T19:23:57.515Z] error: <httpProxy> [
  500,
  AggregateError: 
      at ignore-listed frames {
    code: 'ECONNREFUSED',
    [errors]: [ [Error], [Error] ]
  }
]
[2026-08-21T19:23:57.516Z] error: <httpProxy> Error calling http://localhost:3929/...
[2026-08-21T19:23:57.516Z] error: <httpProxy> [
  500,
  AggregateError: 
      at ignore-listed frames {
    code: 'ECONNREFUSED',
    [errors]: [ [Error], [Error] ]
  }
]
[2026-08-21T19:23:57.517Z] error: <httpProxy> Error calling http://localhost:8090/...
[2026-08-21T19:23:57.517Z] error: <httpProxy> [
  500,
  AggregateError: 
      at ignore-listed frames {
    code: 'ECONNREFUSED',
    [errors]: [ [Error], [Error] ]
  }
]
[2026-08-21T19:23:57.517Z] error: <httpProxy> Error calling http://localhost:3001/...
[2026-08-21T19:23:57.518Z] error: <httpProxy> [
  500,
  AggregateError: 
      at ignore-listed frames {
    code: 'ECONNREFUSED',
    [errors]: [ [Error], [Error] ]
  }
]
[2026-08-21T19:23:57.523Z] error: <httpProxy> Error calling http://localhost:8787/...
[2026-08-21T19:23:57.523Z] error: <httpProxy> [
  500,
  AggregateError: 
      at ignore-listed frames {
    code: 'ECONNREFUSED',
    [errors]: [ [Error], [Error] ]
  }
]
[2026-08-21T19:23:57.527Z] error: <httpProxy> Error calling http://localhost:8081/...
[2026-08-21T19:23:57.527Z] error: <httpProxy> [
  500,
  AggregateError: 
      at ignore-listed frames {
    code: 'ECONNREFUSED',
    [errors]: [ [Error], [Error] ]
  }
]
[2026-08-21T19:23:57.528Z] error: <httpProxy> Error calling http://localhost:8082/...
[2026-08-21T19:23:57.528Z] error: <httpProxy> [
  500,
  AggregateError: 
      at ignore-listed frames {
    code: 'ECONNREFUSED',
    [errors]: [ [Error], [Error] ]
  }
]
[2026-08-21T19:23:57.531Z] error: <httpProxy> Error calling http://localhost:8090/...
[2026-08-21T19:23:57.532Z] error: <httpProxy> [
  500,
  AggregateError: 
      at ignore-listed frames {
    code: 'ECONNREFUSED',
    [errors]: [ [Error], [Error] ]
  }
]
[2026-08-21T19:23:57.538Z] error: <httpProxy> Error calling http://localhost:8081/...
[2026-08-21T19:23:57.539Z] error: <httpProxy> [
  500,
  AggregateError: 
      at ignore-listed frames {
    code: 'ECONNREFUSED',
    [errors]: [ [Error], [Error] ]
  }
]
[2026-08-21T19:23:57.542Z] error: <httpProxy> Error calling http://localhost:8787/...
[2026-08-21T19:23:57.543Z] error: <httpProxy> [
  500,
  AggregateError: 
      at ignore-listed frames {
    code: 'ECONNREFUSED',
    [errors]: [ [Error], [Error] ]
  }
]
[2026-08-21T19:23:57.543Z] error: <httpProxy> Error calling http://localhost:8083/...
[2026-08-21T19:23:57.544Z] error: <httpProxy> [
  500,
  AggregateError: 
      at ignore-listed frames {
    code: 'ECONNREFUSED',
    [errors]: [ [Error], [Error] ]
  }
]
[2026-08-21T19:23:57.544Z] error: <httpProxy> Error calling http://localhost:8083/...
[2026-08-21T19:23:57.544Z] error: <httpProxy> [
  500,
  AggregateError: 
      at ignore-listed frames {
    code: 'ECONNREFUSED',
    [errors]: [ [Error], [Error] ]
  }
]
[2026-08-21T19:23:57.545Z] error: <httpProxy> Error calling http://localhost:8083/...
[2026-08-21T19:23:57.545Z] error: <httpProxy> [
  500,
  AggregateError: 
      at ignore-listed frames {
    code: 'ECONNREFUSED',
    [errors]: [ [Error], [Error] ]
  }
]
[2026-08-21T19:23:57.546Z] error: <httpProxy> Error calling http://localhost:8787/...
[2026-08-21T19:23:57.546Z] error: <httpProxy> [
  500,
  AggregateError: 
      at ignore-listed frames {
    code: 'ECONNREFUSED',
    [errors]: [ [Error], [Error] ]
  }
]
[2026-08-21T19:23:57.546Z] error: <httpProxy> Error calling http://localhost:8083/...
[2026-08-21T19:23:57.547Z] error: <httpProxy> [
  500,
  AggregateError: 
      at ignore-listed frames {
    code: 'ECONNREFUSED',
    [errors]: [ [Error], [Error] ]
  }
]
[2026-08-21T19:23:57.547Z] error: <httpProxy> Error calling http://localhost:8083/...
[2026-08-21T19:23:57.547Z] error: <httpProxy> [
  500,
  AggregateError: 
      at ignore-listed frames {
    code: 'ECONNREFUSED',
    [errors]: [ [Error], [Error] ]
  }
]
[2026-08-21T19:23:57.548Z] error: <httpProxy> Error calling http://localhost:8083/...
[2026-08-21T19:23:57.549Z] error: <httpProxy> [
  500,
  AggregateError: 
      at ignore-listed frames {
    code: 'ECONNREFUSED',
    [errors]: [ [Error], [Error] ]
  }
]
[2026-08-21T19:24:28.092Z] error: <httpProxy> Error calling http://localhost:2283/...
[2026-08-21T19:24:28.095Z] error: <httpProxy> [
  500,
  AggregateError: 
      at ignore-listed frames {
    code: 'ECONNREFUSED',
    [errors]: [ [Error], [Error] ]
  }
]
[2026-08-21T19:24:28.098Z] error: <httpProxy> Error calling http://localhost:8010/...
[2026-08-21T19:24:28.099Z] error: <httpProxy> [
  500,
  AggregateError: 
      at ignore-listed frames {
    code: 'ECONNREFUSED',
    [errors]: [ [Error], [Error] ]
  }
]
[2026-08-21T19:24:28.101Z] error: <httpProxy> Error calling http://localhost:5006/...
[2026-08-21T19:24:28.101Z] error: <httpProxy> [
  500,
  AggregateError: 
      at ignore-listed frames {
    code: 'ECONNREFUSED',
    [errors]: [ [Error], [Error] ]
  }
]
[2026-08-21T19:24:28.103Z] error: <httpProxy> Error calling http://localhost:9000/...
[2026-08-21T19:24:28.103Z] error: <httpProxy> [
  500,
  AggregateError: 
      at ignore-listed frames {
    code: 'ECONNREFUSED',
    [errors]: [ [Error], [Error] ]
  }
]
[2026-08-21T19:24:28.104Z] error: <httpProxy> Error calling http://localhost:2283/...
[2026-08-21T19:24:28.105Z] error: <httpProxy> [
  500,
  AggregateError: 
      at ignore-listed frames {
    code: 'ECONNREFUSED',
    [errors]: [ [Error], [Error] ]
  }
]
[2026-08-21T19:24:28.109Z] error: <httpProxy> Error calling http://localhost:8015/...
[2026-08-21T19:24:28.110Z] error: <httpProxy> [
  500,
  AggregateError: 
      at ignore-listed frames {
    code: 'ECONNREFUSED',
    [errors]: [ [Error], [Error] ]
  }
]
[2026-08-21T19:24:28.110Z] error: <httpProxy> Error calling http://localhost:8010/...
[2026-08-21T19:24:28.111Z] error: <httpProxy> [
  500,
  AggregateError: 
      at ignore-listed frames {
    code: 'ECONNREFUSED',
    [errors]: [ [Error], [Error] ]
  }
]
[2026-08-21T19:24:28.114Z] error: <httpProxy> Error calling http://localhost:8020/...
[2026-08-21T19:24:28.115Z] error: <httpProxy> [
  500,
  AggregateError: 
      at ignore-listed frames {
    code: 'ECONNREFUSED',
    [errors]: [ [Error], [Error] ]
  }
]
[2026-08-21T19:24:28.115Z] error: <httpProxy> Error calling http://localhost:5006/...
[2026-08-21T19:24:28.116Z] error: <httpProxy> [
  500,
  AggregateError: 
      at ignore-listed frames {
    code: 'ECONNREFUSED',
    [errors]: [ [Error], [Error] ]
  }
]
[2026-08-21T19:24:28.119Z] error: <httpProxy> Error calling http://localhost:9000/...
[2026-08-21T19:24:28.120Z] error: <httpProxy> [
  500,
  AggregateError: 
      at ignore-listed frames {
    code: 'ECONNREFUSED',
    [errors]: [ [Error], [Error] ]
  }
]
[2026-08-21T19:24:28.123Z] error: <httpProxy> Error calling http://localhost:8015/...
[2026-08-21T19:24:28.123Z] error: <httpProxy> [
  500,
  AggregateError: 
      at ignore-listed frames {
    code: 'ECONNREFUSED',
    [errors]: [ [Error], [Error] ]
  }
]
[2026-08-21T19:24:28.128Z] error: <httpProxy> Error calling http://localhost:8020/...
[2026-08-21T19:24:28.128Z] error: <httpProxy> [
  500,
  AggregateError: 
      at ignore-listed frames {
    code: 'ECONNREFUSED',
    [errors]: [ [Error], [Error] ]
  }
]
[2026-08-21T19:24:28.132Z] error: <httpProxy> Error calling http://localhost:3929/...
[2026-08-21T19:24:28.133Z] error: <httpProxy> [
  500,
  AggregateError: 
      at ignore-listed frames {
    code: 'ECONNREFUSED',
    [errors]: [ [Error], [Error] ]
  }
]
[2026-08-21T19:24:28.134Z] error: <httpProxy> Error calling http://localhost:3001/...
[2026-08-21T19:24:28.134Z] error: <httpProxy> [
  500,
  AggregateError: 
      at ignore-listed frames {
    code: 'ECONNREFUSED',
    [errors]: [ [Error], [Error] ]
  }
]
[2026-08-21T19:24:28.135Z] error: <httpProxy> Error calling http://localhost:8787/...
[2026-08-21T19:24:28.136Z] error: <httpProxy> [
  500,
  AggregateError: 
      at ignore-listed frames {
    code: 'ECONNREFUSED',
    [errors]: [ [Error], [Error] ]
  }
]
[2026-08-21T19:24:28.136Z] error: <httpProxy> Error calling http://localhost:8082/...
[2026-08-21T19:24:28.137Z] error: <httpProxy> [
  500,
  AggregateError: 
      at ignore-listed frames {
    code: 'ECONNREFUSED',
    [errors]: [ [Error], [Error] ]
  }
]
[2026-08-21T19:24:28.137Z] error: <httpProxy> Error calling http://localhost:3929/...
[2026-08-21T19:24:28.138Z] error: <httpProxy> [
  500,
  AggregateError: 
      at ignore-listed frames {
    code: 'ECONNREFUSED',
    [errors]: [ [Error], [Error] ]
  }
]
[2026-08-21T19:24:28.140Z] error: <httpProxy> Error calling http://localhost:8090/...
[2026-08-21T19:24:28.141Z] error: <httpProxy> [
  500,
  AggregateError: 
      at ignore-listed frames {
    code: 'ECONNREFUSED',
    [errors]: [ [Error], [Error] ]
  }
]
[2026-08-21T19:24:28.141Z] error: <httpProxy> Error calling http://localhost:3001/...
[2026-08-21T19:24:28.142Z] error: <httpProxy> [
  500,
  AggregateError: 
      at ignore-listed frames {
    code: 'ECONNREFUSED',
    [errors]: [ [Error], [Error] ]
  }
]
[2026-08-21T19:24:28.144Z] error: <httpProxy> Error calling http://localhost:8081/...
[2026-08-21T19:24:28.144Z] error: <httpProxy> [
  500,
  AggregateError: 
      at ignore-listed frames {
    code: 'ECONNREFUSED',
    [errors]: [ [Error], [Error] ]
  }
]
[2026-08-21T19:24:28.145Z] error: <httpProxy> Error calling http://localhost:8787/...
[2026-08-21T19:24:28.145Z] error: <httpProxy> [
  500,
  AggregateError: 
      at ignore-listed frames {
    code: 'ECONNREFUSED',
    [errors]: [ [Error], [Error] ]
  }
]
[2026-08-21T19:24:28.148Z] error: <httpProxy> Error calling http://localhost:8082/...
[2026-08-21T19:24:28.148Z] error: <httpProxy> [
  500,
  AggregateError: 
      at ignore-listed frames {
    code: 'ECONNREFUSED',
    [errors]: [ [Error], [Error] ]
  }
]
[2026-08-21T19:24:28.151Z] error: <httpProxy> Error calling http://localhost:8090/...
[2026-08-21T19:24:28.153Z] error: <httpProxy> [
  500,
  AggregateError: 
      at ignore-listed frames {
    code: 'ECONNREFUSED',
    [errors]: [ [Error], [Error] ]
  }
]
[2026-08-21T19:24:28.154Z] error: <httpProxy> Error calling http://localhost:8081/...
[2026-08-21T19:24:28.154Z] error: <httpProxy> [
  500,
  AggregateError: 
      at ignore-listed frames {
    code: 'ECONNREFUSED',
    [errors]: [ [Error], [Error] ]
  }
]
[2026-08-21T19:24:28.156Z] error: <httpProxy> Error calling http://localhost:8787/...
[2026-08-21T19:24:28.157Z] error: <httpProxy> [
  500,
  AggregateError: 
      at ignore-listed frames {
    code: 'ECONNREFUSED',
    [errors]: [ [Error], [Error] ]
  }
]
[2026-08-21T19:24:28.157Z] error: <httpProxy> Error calling http://localhost:8083/...
[2026-08-21T19:24:28.158Z] error: <httpProxy> [
  500,
  AggregateError: 
      at ignore-listed frames {
    code: 'ECONNREFUSED',
    [errors]: [ [Error], [Error] ]
  }
]
[2026-08-21T19:24:28.158Z] error: <httpProxy> Error calling http://localhost:8083/...
[2026-08-21T19:24:28.159Z] error: <httpProxy> [
  500,
  AggregateError: 
      at ignore-listed frames {
    code: 'ECONNREFUSED',
    [errors]: [ [Error], [Error] ]
  }
]
[2026-08-21T19:24:28.159Z] error: <httpProxy> Error calling http://localhost:8083/...
[2026-08-21T19:24:28.160Z] error: <httpProxy> [
  500,
  AggregateError: 
      at ignore-listed frames {
    code: 'ECONNREFUSED',
    [errors]: [ [Error], [Error] ]
  }
]
[2026-08-21T19:24:28.160Z] error: <httpProxy> Error calling http://localhost:8787/...
[2026-08-21T19:24:28.161Z] error: <httpProxy> [
  500,
  AggregateError: 
      at ignore-listed frames {
    code: 'ECONNREFUSED',
    [errors]: [ [Error], [Error] ]
  }
]
[2026-08-21T19:24:28.162Z] error: <httpProxy> Error calling http://localhost:8083/...
[2026-08-21T19:24:28.162Z] error: <httpProxy> [
  500,
  AggregateError: 
      at ignore-listed frames {
    code: 'ECONNREFUSED',
    [errors]: [ [Error], [Error] ]
  }
]
[2026-08-21T19:24:28.163Z] error: <httpProxy> Error calling http://localhost:8083/...
[2026-08-21T19:24:28.163Z] error: <httpProxy> [
  500,
  AggregateError: 
      at ignore-listed frames {
    code: 'ECONNREFUSED',
    [errors]: [ [Error], [Error] ]
  }
]
[2026-08-21T19:24:28.164Z] error: <httpProxy> Error calling http://localhost:8083/...
[2026-08-21T19:24:28.164Z] error: <httpProxy> [
  500,
  AggregateError: 
      at ignore-listed frames {
    code: 'ECONNREFUSED',
    [errors]: [ [Error], [Error] ]
  }
]
[2026-08-21T19:24:58.114Z] error: <httpProxy> Error calling http://localhost:2283/...
[2026-08-21T19:24:58.115Z] error: <httpProxy> [
  500,
  AggregateError: 
      at ignore-listed frames {
    code: 'ECONNREFUSED',
    [errors]: [ [Error], [Error] ]
  }
]
[2026-08-21T19:24:58.118Z] error: <httpProxy> Error calling http://localhost:2283/...
[2026-08-21T19:24:58.118Z] error: <httpProxy> [
  500,
  AggregateError: 
      at ignore-listed frames {
    code: 'ECONNREFUSED',
    [errors]: [ [Error], [Error] ]
  }
]
[2026-08-21T19:24:58.123Z] error: <httpProxy> Error calling http://localhost:8010/...
[2026-08-21T19:24:58.123Z] error: <httpProxy> [
  500,
  AggregateError: 
      at ignore-listed frames {
    code: 'ECONNREFUSED',
    [errors]: [ [Error], [Error] ]
  }
]
[2026-08-21T19:24:58.124Z] error: <httpProxy> Error calling http://localhost:5006/...
[2026-08-21T19:24:58.125Z] error: <httpProxy> [
  500,
  AggregateError: 
      at ignore-listed frames {
    code: 'ECONNREFUSED',
    [errors]: [ [Error], [Error] ]
  }
]
[2026-08-21T19:24:58.125Z] error: <httpProxy> Error calling http://localhost:8010/...
[2026-08-21T19:24:58.126Z] error: <httpProxy> [
  500,
  AggregateError: 
      at ignore-listed frames {
    code: 'ECONNREFUSED',
    [errors]: [ [Error], [Error] ]
  }
]
[2026-08-21T19:24:58.131Z] error: <httpProxy> Error calling http://localhost:5006/...
[2026-08-21T19:24:58.131Z] error: <httpProxy> [
  500,
  AggregateError: 
      at ignore-listed frames {
    code: 'ECONNREFUSED',
    [errors]: [ [Error], [Error] ]
  }
]
[2026-08-21T19:24:58.136Z] error: <httpProxy> Error calling http://localhost:9000/...
[2026-08-21T19:24:58.136Z] error: <httpProxy> [
  500,
  AggregateError: 
      at ignore-listed frames {
    code: 'ECONNREFUSED',
    [errors]: [ [Error], [Error] ]
  }
]
[2026-08-21T19:24:58.137Z] error: <httpProxy> Error calling http://localhost:8015/...
[2026-08-21T19:24:58.137Z] error: <httpProxy> [
  500,
  AggregateError: 
      at ignore-listed frames {
    code: 'ECONNREFUSED',
    [errors]: [ [Error], [Error] ]
  }
]
[2026-08-21T19:24:58.138Z] error: <httpProxy> Error calling http://localhost:8020/...
[2026-08-21T19:24:58.138Z] error: <httpProxy> [
  500,
  AggregateError: 
      at ignore-listed frames {
    code: 'ECONNREFUSED',
    [errors]: [ [Error], [Error] ]
  }
]
[2026-08-21T19:24:58.139Z] error: <httpProxy> Error calling http://localhost:9000/...
[2026-08-21T19:24:58.139Z] error: <httpProxy> [
  500,
  AggregateError: 
      at ignore-listed frames {
    code: 'ECONNREFUSED',
    [errors]: [ [Error], [Error] ]
  }
]
[2026-08-21T19:24:58.139Z] error: <httpProxy> Error calling http://localhost:8015/...
[2026-08-21T19:24:58.140Z] error: <httpProxy> [
  500,
  AggregateError: 
      at ignore-listed frames {
    code: 'ECONNREFUSED',
    [errors]: [ [Error], [Error] ]
  }
]
[2026-08-21T19:24:58.141Z] error: <httpProxy> Error calling http://localhost:8020/...
[2026-08-21T19:24:58.142Z] error: <httpProxy> [
  500,
  AggregateError: 
      at ignore-listed frames {
    code: 'ECONNREFUSED',
    [errors]: [ [Error], [Error] ]
  }
]
[2026-08-21T19:24:58.147Z] error: <httpProxy> Error calling http://localhost:3929/...
[2026-08-21T19:24:58.148Z] error: <httpProxy> [
  500,
  AggregateError: 
      at ignore-listed frames {
    code: 'ECONNREFUSED',
    [errors]: [ [Error], [Error] ]
  }
]
[2026-08-21T19:24:58.152Z] error: <httpProxy> Error calling http://localhost:3929/...
[2026-08-21T19:24:58.152Z] error: <httpProxy> [
  500,
  AggregateError: 
      at ignore-listed frames {
    code: 'ECONNREFUSED',
    [errors]: [ [Error], [Error] ]
  }
]
[2026-08-21T19:24:58.153Z] error: <httpProxy> Error calling http://localhost:3001/...
[2026-08-21T19:24:58.154Z] error: <httpProxy> [
  500,
  AggregateError: 
      at ignore-listed frames {
    code: 'ECONNREFUSED',
    [errors]: [ [Error], [Error] ]
  }
]
[2026-08-21T19:24:58.157Z] error: <httpProxy> Error calling http://localhost:8787/...
[2026-08-21T19:24:58.157Z] error: <httpProxy> [
  500,
  AggregateError: 
      at ignore-listed frames {
    code: 'ECONNREFUSED',
    [errors]: [ [Error], [Error] ]
  }
]
[2026-08-21T19:24:58.157Z] error: <httpProxy> Error calling http://localhost:3001/...
[2026-08-21T19:24:58.158Z] error: <httpProxy> [
  500,
  AggregateError: 
      at ignore-listed frames {
    code: 'ECONNREFUSED',
    [errors]: [ [Error], [Error] ]
  }
]
[2026-08-21T19:24:58.160Z] error: <httpProxy> Error calling http://localhost:8082/...
[2026-08-21T19:24:58.161Z] error: <httpProxy> [
  500,
  AggregateError: 
      at ignore-listed frames {
    code: 'ECONNREFUSED',
    [errors]: [ [Error], [Error] ]
  }
]
[2026-08-21T19:24:58.161Z] error: <httpProxy> Error calling http://localhost:8787/...
[2026-08-21T19:24:58.162Z] error: <httpProxy> [
  500,
  AggregateError: 
      at ignore-listed frames {
    code: 'ECONNREFUSED',
    [errors]: [ [Error], [Error] ]
  }
]
[2026-08-21T19:24:58.163Z] error: <httpProxy> Error calling http://localhost:8082/...
[2026-08-21T19:24:58.163Z] error: <httpProxy> [
  500,
  AggregateError: 
      at ignore-listed frames {
    code: 'ECONNREFUSED',
    [errors]: [ [Error], [Error] ]
  }
]
[2026-08-21T19:24:58.166Z] error: <httpProxy> Error calling http://localhost:8090/...
[2026-08-21T19:24:58.167Z] error: <httpProxy> [
  500,
  AggregateError: 
      at ignore-listed frames {
    code: 'ECONNREFUSED',
    [errors]: [ [Error], [Error] ]
  }
]
[2026-08-21T19:24:58.172Z] error: <httpProxy> Error calling http://localhost:8081/...
[2026-08-21T19:24:58.173Z] error: <httpProxy> [
  500,
  AggregateError: 
      at ignore-listed frames {
    code: 'ECONNREFUSED',
    [errors]: [ [Error], [Error] ]
  }
]
[2026-08-21T19:24:58.174Z] error: <httpProxy> Error calling http://localhost:8090/...
[2026-08-21T19:24:58.174Z] error: <httpProxy> [
  500,
  AggregateError: 
      at ignore-listed frames {
    code: 'ECONNREFUSED',
    [errors]: [ [Error], [Error] ]
  }
]
[2026-08-21T19:24:58.176Z] error: <httpProxy> Error calling http://localhost:8081/...
[2026-08-21T19:24:58.177Z] error: <httpProxy> [
  500,
  AggregateError: 
      at ignore-listed frames {
    code: 'ECONNREFUSED',
    [errors]: [ [Error], [Error] ]
  }
]
[2026-08-21T19:24:58.178Z] error: <httpProxy> Error calling http://localhost:8787/...
[2026-08-21T19:24:58.179Z] error: <httpProxy> [
  500,
  AggregateError: 
      at ignore-listed frames {
    code: 'ECONNREFUSED',
    [errors]: [ [Error], [Error] ]
  }
]
[2026-08-21T19:24:58.179Z] error: <httpProxy> Error calling http://localhost:8083/...
[2026-08-21T19:24:58.180Z] error: <httpProxy> [
  500,
  AggregateError: 
      at ignore-listed frames {
    code: 'ECONNREFUSED',
    [errors]: [ [Error], [Error] ]
  }
]
[2026-08-21T19:24:58.180Z] error: <httpProxy> Error calling http://localhost:8083/...
[2026-08-21T19:24:58.180Z] error: <httpProxy> [
  500,
  AggregateError: 
      at ignore-listed frames {
    code: 'ECONNREFUSED',
    [errors]: [ [Error], [Error] ]
  }
]
[2026-08-21T19:24:58.181Z] error: <httpProxy> Error calling http://localhost:8083/...
[2026-08-21T19:24:58.181Z] error: <httpProxy> [
  500,
  AggregateError: 
      at ignore-listed frames {
    code: 'ECONNREFUSED',
    [errors]: [ [Error], [Error] ]
  }
]
[2026-08-21T19:24:58.182Z] error: <httpProxy> Error calling http://localhost:8787/...
[2026-08-21T19:24:58.182Z] error: <httpProxy> [
  500,
  AggregateError: 
      at ignore-listed frames {
    code: 'ECONNREFUSED',
    [errors]: [ [Error], [Error] ]
  }
]
[2026-08-21T19:24:58.183Z] error: <httpProxy> Error calling http://localhost:8083/...
[2026-08-21T19:24:58.183Z] error: <httpProxy> [
  500,
  AggregateError: 
      at ignore-listed frames {
    code: 'ECONNREFUSED',
    [errors]: [ [Error], [Error] ]
  }
]
[2026-08-21T19:24:58.184Z] error: <httpProxy> Error calling http://localhost:8083/...
[2026-08-21T19:24:58.184Z] error: <httpProxy> [
  500,
  AggregateError: 
      at ignore-listed frames {
    code: 'ECONNREFUSED',
    [errors]: [ [Error], [Error] ]
  }
]
[2026-08-21T19:24:58.185Z] error: <httpProxy> Error calling http://localhost:8083/...
[2026-08-21T19:24:58.185Z] error: <httpProxy> [
  500,
  AggregateError: 
      at ignore-listed frames {
    code: 'ECONNREFUSED',
    [errors]: [ [Error], [Error] ]
  }
]
[2026-08-21T19:25:28.558Z] error: <httpProxy> Error calling http://localhost:2283/...
[2026-08-21T19:25:28.559Z] error: <httpProxy> [
  500,
  AggregateError: 
      at ignore-listed frames {
    code: 'ECONNREFUSED',
    [errors]: [ [Error], [Error] ]
  }
]
[2026-08-21T19:25:28.560Z] error: <httpProxy> Error calling http://localhost:5006/...
[2026-08-21T19:25:28.560Z] error: <httpProxy> [
  500,
  AggregateError: 
      at ignore-listed frames {
    code: 'ECONNREFUSED',
    [errors]: [ [Error], [Error] ]
  }
]
[2026-08-21T19:25:28.561Z] error: <httpProxy> Error calling http://localhost:8010/...
[2026-08-21T19:25:28.562Z] error: <httpProxy> [
  500,
  AggregateError: 
      at ignore-listed frames {
    code: 'ECONNREFUSED',
    [errors]: [ [Error], [Error] ]
  }
]
[2026-08-21T19:25:28.563Z] error: <httpProxy> Error calling http://localhost:9000/...
[2026-08-21T19:25:28.564Z] error: <httpProxy> [
  500,
  AggregateError: 
      at ignore-listed frames {
    code: 'ECONNREFUSED',
    [errors]: [ [Error], [Error] ]
  }
]
[2026-08-21T19:25:28.564Z] error: <httpProxy> Error calling http://localhost:2283/...
[2026-08-21T19:25:28.564Z] error: <httpProxy> [
  500,
  AggregateError: 
      at ignore-listed frames {
    code: 'ECONNREFUSED',
    [errors]: [ [Error], [Error] ]
  }
]
[2026-08-21T19:25:28.565Z] error: <httpProxy> Error calling http://localhost:8015/...
[2026-08-21T19:25:28.565Z] error: <httpProxy> [
  500,
  AggregateError: 
      at ignore-listed frames {
    code: 'ECONNREFUSED',
    [errors]: [ [Error], [Error] ]
  }
]
[2026-08-21T19:25:28.566Z] error: <httpProxy> Error calling http://localhost:5006/...
[2026-08-21T19:25:28.566Z] error: <httpProxy> [
  500,
  AggregateError: 
      at ignore-listed frames {
    code: 'ECONNREFUSED',
    [errors]: [ [Error], [Error] ]
  }
]
[2026-08-21T19:25:28.570Z] error: <httpProxy> Error calling http://localhost:8020/...
[2026-08-21T19:25:28.571Z] error: <httpProxy> [
  500,
  AggregateError: 
      at ignore-listed frames {
    code: 'ECONNREFUSED',
    [errors]: [ [Error], [Error] ]
  }
]
[2026-08-21T19:25:28.571Z] error: <httpProxy> Error calling http://localhost:8010/...
[2026-08-21T19:25:28.572Z] error: <httpProxy> [
  500,
  AggregateError: 
      at ignore-listed frames {
    code: 'ECONNREFUSED',
    [errors]: [ [Error], [Error] ]
  }
]
[2026-08-21T19:25:28.575Z] error: <httpProxy> Error calling http://localhost:9000/...
[2026-08-21T19:25:28.575Z] error: <httpProxy> [
  500,
  AggregateError: 
      at ignore-listed frames {
    code: 'ECONNREFUSED',
    [errors]: [ [Error], [Error] ]
  }
]
[2026-08-21T19:25:28.578Z] error: <httpProxy> Error calling http://localhost:8015/...
[2026-08-21T19:25:28.578Z] error: <httpProxy> [
  500,
  AggregateError: 
      at ignore-listed frames {
    code: 'ECONNREFUSED',
    [errors]: [ [Error], [Error] ]
  }
]
[2026-08-21T19:25:28.581Z] error: <httpProxy> Error calling http://localhost:8020/...
[2026-08-21T19:25:28.582Z] error: <httpProxy> [
  500,
  AggregateError: 
      at ignore-listed frames {
    code: 'ECONNREFUSED',
    [errors]: [ [Error], [Error] ]
  }
]
[2026-08-21T19:25:28.587Z] error: <httpProxy> Error calling http://localhost:3929/...
[2026-08-21T19:25:28.588Z] error: <httpProxy> [
  500,
  AggregateError: 
      at ignore-listed frames {
    code: 'ECONNREFUSED',
    [errors]: [ [Error], [Error] ]
  }
]
[2026-08-21T19:25:28.589Z] error: <httpProxy> Error calling http://localhost:3001/...
[2026-08-21T19:25:28.589Z] error: <httpProxy> [
  500,
  AggregateError: 
      at ignore-listed frames {
    code: 'ECONNREFUSED',
    [errors]: [ [Error], [Error] ]
  }
]
[2026-08-21T19:25:28.591Z] error: <httpProxy> Error calling http://localhost:8787/...
[2026-08-21T19:25:28.591Z] error: <httpProxy> [
  500,
  AggregateError: 
      at ignore-listed frames {
    code: 'ECONNREFUSED',
    [errors]: [ [Error], [Error] ]
  }
]
[2026-08-21T19:25:28.592Z] error: <httpProxy> Error calling http://localhost:8082/...
[2026-08-21T19:25:28.592Z] error: <httpProxy> [
  500,
  AggregateError: 
      at ignore-listed frames {
    code: 'ECONNREFUSED',
    [errors]: [ [Error], [Error] ]
  }
]
[2026-08-21T19:25:28.593Z] error: <httpProxy> Error calling http://localhost:8090/...
[2026-08-21T19:25:28.593Z] error: <httpProxy> [
  500,
  AggregateError: 
      at ignore-listed frames {
    code: 'ECONNREFUSED',
    [errors]: [ [Error], [Error] ]
  }
]
[2026-08-21T19:25:28.593Z] error: <httpProxy> Error calling http://localhost:3929/...
[2026-08-21T19:25:28.594Z] error: <httpProxy> [
  500,
  AggregateError: 
      at ignore-listed frames {
    code: 'ECONNREFUSED',
    [errors]: [ [Error], [Error] ]
  }
]
[2026-08-21T19:25:28.594Z] error: <httpProxy> Error calling http://localhost:3001/...
[2026-08-21T19:25:28.595Z] error: <httpProxy> [
  500,
  AggregateError: 
      at ignore-listed frames {
    code: 'ECONNREFUSED',
    [errors]: [ [Error], [Error] ]
  }
]
[2026-08-21T19:25:28.600Z] error: <httpProxy> Error calling http://localhost:8081/...
[2026-08-21T19:25:28.600Z] error: <httpProxy> [
  500,
  AggregateError: 
      at ignore-listed frames {
    code: 'ECONNREFUSED',
    [errors]: [ [Error], [Error] ]
  }
]
[2026-08-21T19:25:28.601Z] error: <httpProxy> Error calling http://localhost:8787/...
[2026-08-21T19:25:28.601Z] error: <httpProxy> [
  500,
  AggregateError: 
      at ignore-listed frames {
    code: 'ECONNREFUSED',
    [errors]: [ [Error], [Error] ]
  }
]
[2026-08-21T19:25:28.604Z] error: <httpProxy> Error calling http://localhost:8082/...
[2026-08-21T19:25:28.605Z] error: <httpProxy> [
  500,
  AggregateError: 
      at ignore-listed frames {
    code: 'ECONNREFUSED',
    [errors]: [ [Error], [Error] ]
  }
]
[2026-08-21T19:25:28.606Z] error: <httpProxy> Error calling http://localhost:8090/...
[2026-08-21T19:25:28.606Z] error: <httpProxy> [
  500,
  AggregateError: 
      at ignore-listed frames {
    code: 'ECONNREFUSED',
    [errors]: [ [Error], [Error] ]
  }
]
[2026-08-21T19:25:28.609Z] error: <httpProxy> Error calling http://localhost:8081/...
[2026-08-21T19:25:28.609Z] error: <httpProxy> [
  500,
  AggregateError: 
      at ignore-listed frames {
    code: 'ECONNREFUSED',
    [errors]: [ [Error], [Error] ]
  }
]
[2026-08-21T19:25:28.613Z] error: <httpProxy> Error calling http://localhost:8787/...
[2026-08-21T19:25:28.614Z] error: <httpProxy> [
  500,
  AggregateError: 
      at ignore-listed frames {
    code: 'ECONNREFUSED',
    [errors]: [ [Error], [Error] ]
  }
]
[2026-08-21T19:25:28.614Z] error: <httpProxy> Error calling http://localhost:8083/...
[2026-08-21T19:25:28.615Z] error: <httpProxy> [
  500,
  AggregateError: 
      at ignore-listed frames {
    code: 'ECONNREFUSED',
    [errors]: [ [Error], [Error] ]
  }
]
[2026-08-21T19:25:28.615Z] error: <httpProxy> Error calling http://localhost:8083/...
[2026-08-21T19:25:28.616Z] error: <httpProxy> [
  500,
  AggregateError: 
      at ignore-listed frames {
    code: 'ECONNREFUSED',
    [errors]: [ [Error], [Error] ]
  }
]
[2026-08-21T19:25:28.616Z] error: <httpProxy> Error calling http://localhost:8083/...
[2026-08-21T19:25:28.617Z] error: <httpProxy> [
  500,
  AggregateError: 
      at ignore-listed frames {
    code: 'ECONNREFUSED',
    [errors]: [ [Error], [Error] ]
  }
]
[2026-08-21T19:25:28.617Z] error: <httpProxy> Error calling http://localhost:8787/...
[2026-08-21T19:25:28.617Z] error: <httpProxy> [
  500,
  AggregateError: 
      at ignore-listed frames {
    code: 'ECONNREFUSED',
    [errors]: [ [Error], [Error] ]
  }
]
[2026-08-21T19:25:28.618Z] error: <httpProxy> Error calling http://localhost:8083/...
[2026-08-21T19:25:28.618Z] error: <httpProxy> [
  500,
  AggregateError: 
      at ignore-listed frames {
    code: 'ECONNREFUSED',
    [errors]: [ [Error], [Error] ]
  }
]
[2026-08-21T19:25:28.619Z] error: <httpProxy> Error calling http://localhost:8083/...
[2026-08-21T19:25:28.619Z] error: <httpProxy> [
  500,
  AggregateError: 
      at ignore-listed frames {
    code: 'ECONNREFUSED',
    [errors]: [ [Error], [Error] ]
  }
]
[2026-08-21T19:25:28.622Z] error: <httpProxy> Error calling http://localhost:8083/...
[2026-08-21T19:25:28.622Z] error: <httpProxy> [
  500,
  AggregateError: 
      at ignore-listed frames {
    code: 'ECONNREFUSED',
    [errors]: [ [Error], [Error] ]
  }
]
[2026-08-21T19:25:58.911Z] error: <httpProxy> Error calling http://localhost:2283/...
[2026-08-21T19:25:58.912Z] error: <httpProxy> [
  500,
  AggregateError: 
      at ignore-listed frames {
    code: 'ECONNREFUSED',
    [errors]: [ [Error], [Error] ]
  }
]
[2026-08-21T19:25:58.914Z] error: <httpProxy> Error calling http://localhost:8010/...
[2026-08-21T19:25:58.914Z] error: <httpProxy> [
  500,
  AggregateError: 
      at ignore-listed frames {
    code: 'ECONNREFUSED',
    [errors]: [ [Error], [Error] ]
  }
]
[2026-08-21T19:25:58.916Z] error: <httpProxy> Error calling http://localhost:9000/...
[2026-08-21T19:25:58.916Z] error: <httpProxy> [
  500,
  AggregateError: 
      at ignore-listed frames {
    code: 'ECONNREFUSED',
    [errors]: [ [Error], [Error] ]
  }
]
[2026-08-21T19:25:58.917Z] error: <httpProxy> Error calling http://localhost:5006/...
[2026-08-21T19:25:58.917Z] error: <httpProxy> [
  500,
  AggregateError: 
      at ignore-listed frames {
    code: 'ECONNREFUSED',
    [errors]: [ [Error], [Error] ]
  }
]
[2026-08-21T19:25:58.917Z] error: <httpProxy> Error calling http://localhost:2283/...
[2026-08-21T19:25:58.918Z] error: <httpProxy> [
  500,
  AggregateError: 
      at ignore-listed frames {
    code: 'ECONNREFUSED',
    [errors]: [ [Error], [Error] ]
  }
]
[2026-08-21T19:25:58.921Z] error: <httpProxy> Error calling http://localhost:8015/...
[2026-08-21T19:25:58.921Z] error: <httpProxy> [
  500,
  AggregateError: 
      at ignore-listed frames {
    code: 'ECONNREFUSED',
    [errors]: [ [Error], [Error] ]
  }
]
[2026-08-21T19:25:58.922Z] error: <httpProxy> Error calling http://localhost:8010/...
[2026-08-21T19:25:58.922Z] error: <httpProxy> [
  500,
  AggregateError: 
      at ignore-listed frames {
    code: 'ECONNREFUSED',
    [errors]: [ [Error], [Error] ]
  }
]
[2026-08-21T19:25:58.925Z] error: <httpProxy> Error calling http://localhost:8020/...
[2026-08-21T19:25:58.925Z] error: <httpProxy> [
  500,
  AggregateError: 
      at ignore-listed frames {
    code: 'ECONNREFUSED',
    [errors]: [ [Error], [Error] ]
  }
]
[2026-08-21T19:25:58.926Z] error: <httpProxy> Error calling http://localhost:9000/...
[2026-08-21T19:25:58.926Z] error: <httpProxy> [
  500,
  AggregateError: 
      at ignore-listed frames {
    code: 'ECONNREFUSED',
    [errors]: [ [Error], [Error] ]
  }
]
[2026-08-21T19:25:58.928Z] error: <httpProxy> Error calling http://localhost:5006/...
[2026-08-21T19:25:58.929Z] error: <httpProxy> [
  500,
  AggregateError: 
      at ignore-listed frames {
    code: 'ECONNREFUSED',
    [errors]: [ [Error], [Error] ]
  }
]
[2026-08-21T19:25:58.931Z] error: <httpProxy> Error calling http://localhost:8015/...
[2026-08-21T19:25:58.931Z] error: <httpProxy> [
  500,
  AggregateError: 
      at ignore-listed frames {
    code: 'ECONNREFUSED',
    [errors]: [ [Error], [Error] ]
  }
]
[2026-08-21T19:25:58.934Z] error: <httpProxy> Error calling http://localhost:8020/...
[2026-08-21T19:25:58.934Z] error: <httpProxy> [
  500,
  AggregateError: 
      at ignore-listed frames {
    code: 'ECONNREFUSED',
    [errors]: [ [Error], [Error] ]
  }
]
[2026-08-21T19:25:58.937Z] error: <httpProxy> Error calling http://localhost:3929/...
[2026-08-21T19:25:58.938Z] error: <httpProxy> [
  500,
  AggregateError: 
      at ignore-listed frames {
    code: 'ECONNREFUSED',
    [errors]: [ [Error], [Error] ]
  }
]
[2026-08-21T19:25:58.939Z] error: <httpProxy> Error calling http://localhost:3001/...
[2026-08-21T19:25:58.939Z] error: <httpProxy> [
  500,
  AggregateError: 
      at ignore-listed frames {
    code: 'ECONNREFUSED',
    [errors]: [ [Error], [Error] ]
  }
]
[2026-08-21T19:25:58.940Z] error: <httpProxy> Error calling http://localhost:8787/...
[2026-08-21T19:25:58.940Z] error: <httpProxy> [
  500,
  AggregateError: 
      at ignore-listed frames {
    code: 'ECONNREFUSED',
    [errors]: [ [Error], [Error] ]
  }
]
[2026-08-21T19:25:58.941Z] error: <httpProxy> Error calling http://localhost:8082/...
[2026-08-21T19:25:58.941Z] error: <httpProxy> [
  500,
  AggregateError: 
      at ignore-listed frames {
    code: 'ECONNREFUSED',
    [errors]: [ [Error], [Error] ]
  }
]
[2026-08-21T19:25:58.941Z] error: <httpProxy> Error calling http://localhost:3929/...
[2026-08-21T19:25:58.942Z] error: <httpProxy> [
  500,
  AggregateError: 
      at ignore-listed frames {
    code: 'ECONNREFUSED',
    [errors]: [ [Error], [Error] ]
  }
]
[2026-08-21T19:25:58.944Z] error: <httpProxy> Error calling http://localhost:8090/...
[2026-08-21T19:25:58.944Z] error: <httpProxy> [
  500,
  AggregateError: 
      at ignore-listed frames {
    code: 'ECONNREFUSED',
    [errors]: [ [Error], [Error] ]
  }
]
[2026-08-21T19:25:58.944Z] error: <httpProxy> Error calling http://localhost:3001/...
[2026-08-21T19:25:58.945Z] error: <httpProxy> [
  500,
  AggregateError: 
      at ignore-listed frames {
    code: 'ECONNREFUSED',
    [errors]: [ [Error], [Error] ]
  }
]
[2026-08-21T19:25:58.947Z] error: <httpProxy> Error calling http://localhost:8081/...
[2026-08-21T19:25:58.947Z] error: <httpProxy> [
  500,
  AggregateError: 
      at ignore-listed frames {
    code: 'ECONNREFUSED',
    [errors]: [ [Error], [Error] ]
  }
]
[2026-08-21T19:25:58.947Z] error: <httpProxy> Error calling http://localhost:8787/...
[2026-08-21T19:25:58.948Z] error: <httpProxy> [
  500,
  AggregateError: 
      at ignore-listed frames {
    code: 'ECONNREFUSED',
    [errors]: [ [Error], [Error] ]
  }
]
[2026-08-21T19:25:58.949Z] error: <httpProxy> Error calling http://localhost:8082/...
[2026-08-21T19:25:58.950Z] error: <httpProxy> [
  500,
  AggregateError: 
      at ignore-listed frames {
    code: 'ECONNREFUSED',
    [errors]: [ [Error], [Error] ]
  }
]
[2026-08-21T19:25:58.951Z] error: <httpProxy> Error calling http://localhost:8090/...
[2026-08-21T19:25:58.952Z] error: <httpProxy> [
  500,
  AggregateError: 
      at ignore-listed frames {
    code: 'ECONNREFUSED',
    [errors]: [ [Error], [Error] ]
  }
]
[2026-08-21T19:25:58.953Z] error: <httpProxy> Error calling http://localhost:8081/...
[2026-08-21T19:25:58.953Z] error: <httpProxy> [
  500,
  AggregateError: 
      at ignore-listed frames {
    code: 'ECONNREFUSED',
    [errors]: [ [Error], [Error] ]
  }
]
[2026-08-21T19:25:58.955Z] error: <httpProxy> Error calling http://localhost:8787/...
[2026-08-21T19:25:58.955Z] error: <httpProxy> [
  500,
  AggregateError: 
      at ignore-listed frames {
    code: 'ECONNREFUSED',
    [errors]: [ [Error], [Error] ]
  }
]
[2026-08-21T19:25:58.956Z] error: <httpProxy> Error calling http://localhost:8083/...
[2026-08-21T19:25:58.956Z] error: <httpProxy> [
  500,
  AggregateError: 
      at ignore-listed frames {
    code: 'ECONNREFUSED',
    [errors]: [ [Error], [Error] ]
  }
]
[2026-08-21T19:25:58.957Z] error: <httpProxy> Error calling http://localhost:8083/...
[2026-08-21T19:25:58.957Z] error: <httpProxy> [
  500,
  AggregateError: 
      at ignore-listed frames {
    code: 'ECONNREFUSED',
    [errors]: [ [Error], [Error] ]
  }
]
[2026-08-21T19:25:58.958Z] error: <httpProxy> Error calling http://localhost:8083/...
[2026-08-21T19:25:58.958Z] error: <httpProxy> [
  500,
  AggregateError: 
      at ignore-listed frames {
    code: 'ECONNREFUSED',
    [errors]: [ [Error], [Error] ]
  }
]
[2026-08-21T19:25:58.958Z] error: <httpProxy> Error calling http://localhost:8787/...
[2026-08-21T19:25:58.959Z] error: <httpProxy> [
  500,
  AggregateError: 
      at ignore-listed frames {
    code: 'ECONNREFUSED',
    [errors]: [ [Error], [Error] ]
  }
]
[2026-08-21T19:25:58.959Z] error: <httpProxy> Error calling http://localhost:8083/...
[2026-08-21T19:25:58.960Z] error: <httpProxy> [
  500,
  AggregateError: 
      at ignore-listed frames {
    code: 'ECONNREFUSED',
    [errors]: [ [Error], [Error] ]
  }
]
[2026-08-21T19:25:58.960Z] error: <httpProxy> Error calling http://localhost:8083/...
[2026-08-21T19:25:58.961Z] error: <httpProxy> [
  500,
  AggregateError: 
      at ignore-listed frames {
    code: 'ECONNREFUSED',
    [errors]: [ [Error], [Error] ]
  }
]
[2026-08-21T19:25:58.961Z] error: <httpProxy> Error calling http://localhost:8083/...
[2026-08-21T19:25:58.962Z] error: <httpProxy> [
  500,
  AggregateError: 
      at ignore-listed frames {
    code: 'ECONNREFUSED',
    [errors]: [ [Error], [Error] ]
  }
]
[2026-08-21T19:26:11.168Z] error: <httpProxy> Error calling http://localhost:8010/...
[2026-08-21T19:26:11.168Z] error: <httpProxy> [
  500,
  AggregateError: 
      at ignore-listed frames {
    code: 'ECONNREFUSED',
    [errors]: [ [Error], [Error] ]
  }
]
[2026-08-21T19:26:11.177Z] error: <httpProxy> Error calling http://localhost:8010/...
[2026-08-21T19:26:11.177Z] error: <httpProxy> [
  500,
  AggregateError: 
      at ignore-listed frames {
    code: 'ECONNREFUSED',
    [errors]: [ [Error], [Error] ]
  }
]
[2026-08-21T19:26:11.182Z] error: <httpProxy> Error calling http://localhost:9000/...
[2026-08-21T19:26:11.183Z] error: <httpProxy> [
  500,
  AggregateError: 
      at ignore-listed frames {
    code: 'ECONNREFUSED',
    [errors]: [ [Error], [Error] ]
  }
]
[2026-08-21T19:26:11.183Z] error: <httpProxy> Error calling http://localhost:2283/...
[2026-08-21T19:26:11.184Z] error: <httpProxy> [
  500,
  AggregateError: 
      at ignore-listed frames {
    code: 'ECONNREFUSED',
    [errors]: [ [Error], [Error] ]
  }
]
[2026-08-21T19:26:11.185Z] error: <httpProxy> Error calling http://localhost:5006/...
[2026-08-21T19:26:11.186Z] error: <httpProxy> [
  500,
  AggregateError: 
      at ignore-listed frames {
    code: 'ECONNREFUSED',
    [errors]: [ [Error], [Error] ]
  }
]
[2026-08-21T19:26:11.186Z] error: <httpProxy> Error calling http://localhost:9000/...
[2026-08-21T19:26:11.186Z] error: <httpProxy> [
  500,
  AggregateError: 
      at ignore-listed frames {
    code: 'ECONNREFUSED',
    [errors]: [ [Error], [Error] ]
  }
]
[2026-08-21T19:26:11.187Z] error: <httpProxy> Error calling http://localhost:2283/...
[2026-08-21T19:26:11.187Z] error: <httpProxy> [
  500,
  AggregateError: 
      at ignore-listed frames {
    code: 'ECONNREFUSED',
    [errors]: [ [Error], [Error] ]
  }
]
[2026-08-21T19:26:11.192Z] error: <httpProxy> Error calling http://localhost:8020/...
[2026-08-21T19:26:11.193Z] error: <httpProxy> [
  500,
  AggregateError: 
      at ignore-listed frames {
    code: 'ECONNREFUSED',
    [errors]: [ [Error], [Error] ]
  }
]
[2026-08-21T19:26:11.193Z] error: <httpProxy> Error calling http://localhost:5006/...
[2026-08-21T19:26:11.194Z] error: <httpProxy> [
  500,
  AggregateError: 
      at ignore-listed frames {
    code: 'ECONNREFUSED',
    [errors]: [ [Error], [Error] ]
  }
]
[2026-08-21T19:26:11.198Z] error: <httpProxy> Error calling http://localhost:8015/...
[2026-08-21T19:26:11.198Z] error: <httpProxy> [
  500,
  AggregateError: 
      at ignore-listed frames {
    code: 'ECONNREFUSED',
    [errors]: [ [Error], [Error] ]
  }
]
[2026-08-21T19:26:11.198Z] error: <httpProxy> Error calling http://localhost:3929/...
[2026-08-21T19:26:11.199Z] error: <httpProxy> [
  500,
  AggregateError: 
      at ignore-listed frames {
    code: 'ECONNREFUSED',
    [errors]: [ [Error], [Error] ]
  }
]
[2026-08-21T19:26:11.199Z] error: <httpProxy> Error calling http://localhost:8020/...
[2026-08-21T19:26:11.200Z] error: <httpProxy> [
  500,
  AggregateError: 
      at ignore-listed frames {
    code: 'ECONNREFUSED',
    [errors]: [ [Error], [Error] ]
  }
]
[2026-08-21T19:26:11.204Z] error: <httpProxy> Error calling http://localhost:8015/...
[2026-08-21T19:26:11.204Z] error: <httpProxy> [
  500,
  AggregateError: 
      at ignore-listed frames {
    code: 'ECONNREFUSED',
    [errors]: [ [Error], [Error] ]
  }
]
[2026-08-21T19:26:11.205Z] error: <httpProxy> Error calling http://localhost:3929/...
[2026-08-21T19:26:11.205Z] error: <httpProxy> [
  500,
  AggregateError: 
      at ignore-listed frames {
    code: 'ECONNREFUSED',
    [errors]: [ [Error], [Error] ]
  }
]
[2026-08-21T19:26:11.209Z] error: <httpProxy> Error calling http://localhost:3001/...
[2026-08-21T19:26:11.209Z] error: <httpProxy> [
  500,
  AggregateError: 
      at ignore-listed frames {
    code: 'ECONNREFUSED',
    [errors]: [ [Error], [Error] ]
  }
]
[2026-08-21T19:26:11.210Z] error: <httpProxy> Error calling http://localhost:8082/...
[2026-08-21T19:26:11.210Z] error: <httpProxy> [
  500,
  AggregateError: 
      at ignore-listed frames {
    code: 'ECONNREFUSED',
    [errors]: [ [Error], [Error] ]
  }
]
[2026-08-21T19:26:11.212Z] error: <httpProxy> Error calling http://localhost:8787/...
[2026-08-21T19:26:11.212Z] error: <httpProxy> [
  500,
  AggregateError: 
      at ignore-listed frames {
    code: 'ECONNREFUSED',
    [errors]: [ [Error], [Error] ]
  }
]
[2026-08-21T19:26:11.213Z] error: <httpProxy> Error calling http://localhost:3001/...
[2026-08-21T19:26:11.213Z] error: <httpProxy> [
  500,
  AggregateError: 
      at ignore-listed frames {
    code: 'ECONNREFUSED',
    [errors]: [ [Error], [Error] ]
  }
]
[2026-08-21T19:26:11.213Z] error: <httpProxy> Error calling http://localhost:8082/...
[2026-08-21T19:26:11.214Z] error: <httpProxy> [
  500,
  AggregateError: 
      at ignore-listed frames {
    code: 'ECONNREFUSED',
    [errors]: [ [Error], [Error] ]
  }
]
[2026-08-21T19:26:11.218Z] error: <httpProxy> Error calling http://localhost:8090/...
[2026-08-21T19:26:11.218Z] error: <httpProxy> [
  500,
  AggregateError: 
      at ignore-listed frames {
    code: 'ECONNREFUSED',
    [errors]: [ [Error], [Error] ]
  }
]
[2026-08-21T19:26:11.220Z] error: <httpProxy> Error calling http://localhost:8787/...
[2026-08-21T19:26:11.221Z] error: <httpProxy> [
  500,
  AggregateError: 
      at ignore-listed frames {
    code: 'ECONNREFUSED',
    [errors]: [ [Error], [Error] ]
  }
]
[2026-08-21T19:26:11.223Z] error: <httpProxy> Error calling http://localhost:8081/...
[2026-08-21T19:26:11.224Z] error: <httpProxy> [
  500,
  AggregateError: 
      at ignore-listed frames {
    code: 'ECONNREFUSED',
    [errors]: [ [Error], [Error] ]
  }
]
[2026-08-21T19:26:11.224Z] error: <httpProxy> Error calling http://localhost:8787/...
[2026-08-21T19:26:11.225Z] error: <httpProxy> [
  500,
  AggregateError: 
      at ignore-listed frames {
    code: 'ECONNREFUSED',
    [errors]: [ [Error], [Error] ]
  }
]
[2026-08-21T19:26:11.225Z] error: <httpProxy> Error calling http://localhost:8090/...
[2026-08-21T19:26:11.225Z] error: <httpProxy> [
  500,
  AggregateError: 
      at ignore-listed frames {
    code: 'ECONNREFUSED',
    [errors]: [ [Error], [Error] ]
  }
]
[2026-08-21T19:26:11.312Z] error: <httpProxy> Error calling http://localhost:8081/...
[2026-08-21T19:26:11.313Z] error: <httpProxy> [
  500,
  AggregateError: 
      at ignore-listed frames {
    code: 'ECONNREFUSED',
    [errors]: [ [Error], [Error] ]
  }
]
[2026-08-21T19:26:11.313Z] error: <httpProxy> Error calling http://localhost:8787/...
[2026-08-21T19:26:11.313Z] error: <httpProxy> [
  500,
  AggregateError: 
      at ignore-listed frames {
    code: 'ECONNREFUSED',
    [errors]: [ [Error], [Error] ]
  }
]
[2026-08-21T19:26:11.314Z] error: <httpProxy> Error calling http://localhost:8083/...
[2026-08-21T19:26:11.314Z] error: <httpProxy> [
  500,
  AggregateError: 
      at ignore-listed frames {
    code: 'ECONNREFUSED',
    [errors]: [ [Error], [Error] ]
  }
]
[2026-08-21T19:26:11.317Z] error: <httpProxy> Error calling http://localhost:8083/...
[2026-08-21T19:26:11.317Z] error: <httpProxy> [
  500,
  AggregateError: 
      at ignore-listed frames {
    code: 'ECONNREFUSED',
    [errors]: [ [Error], [Error] ]
  }
]
[2026-08-21T19:26:11.318Z] error: <httpProxy> Error calling http://localhost:8083/...
[2026-08-21T19:26:11.319Z] error: <httpProxy> [
  500,
  AggregateError: 
      at ignore-listed frames {
    code: 'ECONNREFUSED',
    [errors]: [ [Error], [Error] ]
  }
]
[2026-08-21T19:26:11.319Z] error: <httpProxy> Error calling http://localhost:8083/...
[2026-08-21T19:26:11.320Z] error: <httpProxy> [
  500,
  AggregateError: 
      at ignore-listed frames {
    code: 'ECONNREFUSED',
    [errors]: [ [Error], [Error] ]
  }
]
[2026-08-21T19:26:11.320Z] error: <httpProxy> Error calling http://localhost:8083/...
[2026-08-21T19:26:11.321Z] error: <httpProxy> [
  500,
  AggregateError: 
      at ignore-listed frames {
    code: 'ECONNREFUSED',
    [errors]: [ [Error], [Error] ]
  }
]
[2026-08-21T19:26:11.324Z] error: <httpProxy> Error calling http://localhost:8083/...
[2026-08-21T19:26:11.324Z] error: <httpProxy> [
  500,
  AggregateError: 
      at ignore-listed frames {
    code: 'ECONNREFUSED',
    [errors]: [ [Error], [Error] ]
  }
]
[2026-08-21T19:26:11.471Z] error: <httpProxy> Error calling http://localhost:5006/...
[2026-08-21T19:26:11.472Z] error: <httpProxy> [
  500,
  AggregateError: 
      at ignore-listed frames {
    code: 'ECONNREFUSED',
    [errors]: [ [Error], [Error] ]
  }
]
[2026-08-21T19:26:11.472Z] error: <httpProxy> Error calling http://localhost:2283/...
[2026-08-21T19:26:11.472Z] error: <httpProxy> [
  500,
  AggregateError: 
      at ignore-listed frames {
    code: 'ECONNREFUSED',
    [errors]: [ [Error], [Error] ]
  }
]
[2026-08-21T19:26:11.473Z] error: <httpProxy> Error calling http://localhost:8010/...
[2026-08-21T19:26:11.474Z] error: <httpProxy> [
  500,
  AggregateError: 
      at ignore-listed frames {
    code: 'ECONNREFUSED',
    [errors]: [ [Error], [Error] ]
  }
]
[2026-08-21T19:26:11.474Z] error: <httpProxy> Error calling http://localhost:9000/...
[2026-08-21T19:26:11.474Z] error: <httpProxy> [
  500,
  AggregateError: 
      at ignore-listed frames {
    code: 'ECONNREFUSED',
    [errors]: [ [Error], [Error] ]
  }
]
[2026-08-21T19:26:11.475Z] error: <httpProxy> Error calling http://localhost:8020/...
[2026-08-21T19:26:11.476Z] error: <httpProxy> [
  500,
  AggregateError: 
      at ignore-listed frames {
    code: 'ECONNREFUSED',
    [errors]: [ [Error], [Error] ]
  }
]
[2026-08-21T19:26:11.476Z] error: <httpProxy> Error calling http://localhost:8015/...
[2026-08-21T19:26:11.477Z] error: <httpProxy> [
  500,
  AggregateError: 
      at ignore-listed frames {
    code: 'ECONNREFUSED',
    [errors]: [ [Error], [Error] ]
  }
]
[2026-08-21T19:26:11.478Z] error: <httpProxy> Error calling http://localhost:5006/...
[2026-08-21T19:26:11.478Z] error: <httpProxy> [
  500,
  AggregateError: 
      at ignore-listed frames {
    code: 'ECONNREFUSED',
    [errors]: [ [Error], [Error] ]
  }
]
[2026-08-21T19:26:11.479Z] error: <httpProxy> Error calling http://localhost:2283/...
[2026-08-21T19:26:11.479Z] error: <httpProxy> [
  500,
  AggregateError: 
      at ignore-listed frames {
    code: 'ECONNREFUSED',
    [errors]: [ [Error], [Error] ]
  }
]
[2026-08-21T19:26:11.479Z] error: <httpProxy> Error calling http://localhost:8010/...
[2026-08-21T19:26:11.480Z] error: <httpProxy> [
  500,
  AggregateError: 
      at ignore-listed frames {
    code: 'ECONNREFUSED',
    [errors]: [ [Error], [Error] ]
  }
]
[2026-08-21T19:26:11.480Z] error: <httpProxy> Error calling http://localhost:9000/...
[2026-08-21T19:26:11.481Z] error: <httpProxy> [
  500,
  AggregateError: 
      at ignore-listed frames {
    code: 'ECONNREFUSED',
    [errors]: [ [Error], [Error] ]
  }
]
[2026-08-21T19:26:11.489Z] error: <httpProxy> Error calling http://localhost:8020/...
[2026-08-21T19:26:11.489Z] error: <httpProxy> [
  500,
  AggregateError: 
      at ignore-listed frames {
    code: 'ECONNREFUSED',
    [errors]: [ [Error], [Error] ]
  }
]
[2026-08-21T19:26:11.490Z] error: <httpProxy> Error calling http://localhost:8015/...
[2026-08-21T19:26:11.491Z] error: <httpProxy> [
  500,
  AggregateError: 
      at ignore-listed frames {
    code: 'ECONNREFUSED',
    [errors]: [ [Error], [Error] ]
  }
]
[2026-08-21T19:26:11.498Z] error: <httpProxy> Error calling http://localhost:3929/...
[2026-08-21T19:26:11.499Z] error: <httpProxy> [
  500,
  AggregateError: 
      at ignore-listed frames {
    code: 'ECONNREFUSED',
    [errors]: [ [Error], [Error] ]
  }
]
[2026-08-21T19:26:11.499Z] error: <httpProxy> Error calling http://localhost:3001/...
[2026-08-21T19:26:11.500Z] error: <httpProxy> [
  500,
  AggregateError: 
      at ignore-listed frames {
    code: 'ECONNREFUSED',
    [errors]: [ [Error], [Error] ]
  }
]
[2026-08-21T19:26:11.500Z] error: <httpProxy> Error calling http://localhost:8082/...
[2026-08-21T19:26:11.500Z] error: <httpProxy> [
  500,
  AggregateError: 
      at ignore-listed frames {
    code: 'ECONNREFUSED',
    [errors]: [ [Error], [Error] ]
  }
]
[2026-08-21T19:26:11.501Z] error: <httpProxy> Error calling http://localhost:8787/...
[2026-08-21T19:26:11.502Z] error: <httpProxy> [
  500,
  AggregateError: 
      at ignore-listed frames {
    code: 'ECONNREFUSED',
    [errors]: [ [Error], [Error] ]
  }
]
[2026-08-21T19:26:11.502Z] error: <httpProxy> Error calling http://localhost:8090/...
[2026-08-21T19:26:11.503Z] error: <httpProxy> [
  500,
  AggregateError: 
      at ignore-listed frames {
    code: 'ECONNREFUSED',
    [errors]: [ [Error], [Error] ]
  }
]
[2026-08-21T19:26:11.503Z] error: <httpProxy> Error calling http://localhost:8081/...
[2026-08-21T19:26:11.504Z] error: <httpProxy> [
  500,
  AggregateError: 
      at ignore-listed frames {
    code: 'ECONNREFUSED',
    [errors]: [ [Error], [Error] ]
  }
]
[2026-08-21T19:26:11.505Z] error: <httpProxy> Error calling http://localhost:3929/...
[2026-08-21T19:26:11.506Z] error: <httpProxy> [
  500,
  AggregateError: 
      at ignore-listed frames {
    code: 'ECONNREFUSED',
    [errors]: [ [Error], [Error] ]
  }
]
[2026-08-21T19:26:11.506Z] error: <httpProxy> Error calling http://localhost:3001/...
[2026-08-21T19:26:11.507Z] error: <httpProxy> [
  500,
  AggregateError: 
      at ignore-listed frames {
    code: 'ECONNREFUSED',
    [errors]: [ [Error], [Error] ]
  }
]
[2026-08-21T19:26:11.507Z] error: <httpProxy> Error calling http://localhost:8082/...
[2026-08-21T19:26:11.508Z] error: <httpProxy> [
  500,
  AggregateError: 
      at ignore-listed frames {
    code: 'ECONNREFUSED',
    [errors]: [ [Error], [Error] ]
  }
]
[2026-08-21T19:26:11.515Z] error: <httpProxy> Error calling http://localhost:8787/...
[2026-08-21T19:26:11.516Z] error: <httpProxy> [
  500,
  AggregateError: 
      at ignore-listed frames {
    code: 'ECONNREFUSED',
    [errors]: [ [Error], [Error] ]
  }
]
[2026-08-21T19:26:11.519Z] error: <httpProxy> Error calling http://localhost:8090/...
[2026-08-21T19:26:11.519Z] error: <httpProxy> [
  500,
  AggregateError: 
      at ignore-listed frames {
    code: 'ECONNREFUSED',
    [errors]: [ [Error], [Error] ]
  }
]
[2026-08-21T19:26:11.520Z] error: <httpProxy> Error calling http://localhost:8081/...
[2026-08-21T19:26:11.520Z] error: <httpProxy> [
  500,
  AggregateError: 
      at ignore-listed frames {
    code: 'ECONNREFUSED',
    [errors]: [ [Error], [Error] ]
  }
]
[2026-08-21T19:26:11.530Z] error: <httpProxy> Error calling http://localhost:8787/...
[2026-08-21T19:26:11.531Z] error: <httpProxy> [
  500,
  AggregateError: 
      at ignore-listed frames {
    code: 'ECONNREFUSED',
    [errors]: [ [Error], [Error] ]
  }
]
[2026-08-21T19:26:11.531Z] error: <httpProxy> Error calling http://localhost:8083/...
[2026-08-21T19:26:11.532Z] error: <httpProxy> [
  500,
  AggregateError: 
      at ignore-listed frames {
    code: 'ECONNREFUSED',
    [errors]: [ [Error], [Error] ]
  }
]
[2026-08-21T19:26:11.532Z] error: <httpProxy> Error calling http://localhost:8083/...
[2026-08-21T19:26:11.532Z] error: <httpProxy> [
  500,
  AggregateError: 
      at ignore-listed frames {
    code: 'ECONNREFUSED',
    [errors]: [ [Error], [Error] ]
  }
]
[2026-08-21T19:26:11.533Z] error: <httpProxy> Error calling http://localhost:8083/...
[2026-08-21T19:26:11.534Z] error: <httpProxy> [
  500,
  AggregateError: 
      at ignore-listed frames {
    code: 'ECONNREFUSED',
    [errors]: [ [Error], [Error] ]
  }
]
[2026-08-21T19:26:11.537Z] error: <httpProxy> Error calling http://localhost:8787/...
[2026-08-21T19:26:11.537Z] error: <httpProxy> [
  500,
  AggregateError: 
      at ignore-listed frames {
    code: 'ECONNREFUSED',
    [errors]: [ [Error], [Error] ]
  }
]
[2026-08-21T19:26:11.538Z] error: <httpProxy> Error calling http://localhost:8083/...
[2026-08-21T19:26:11.538Z] error: <httpProxy> [
  500,
  AggregateError: 
      at ignore-listed frames {
    code: 'ECONNREFUSED',
    [errors]: [ [Error], [Error] ]
  }
]
[2026-08-21T19:26:11.538Z] error: <httpProxy> Error calling http://localhost:8083/...
[2026-08-21T19:26:11.539Z] error: <httpProxy> [
  500,
  AggregateError: 
      at ignore-listed frames {
    code: 'ECONNREFUSED',
    [errors]: [ [Error], [Error] ]
  }
]
[2026-08-21T19:26:11.546Z] error: <httpProxy> Error calling http://localhost:8083/...
[2026-08-21T19:26:11.547Z] error: <httpProxy> [
  500,
  AggregateError: 
      at ignore-listed frames {
    code: 'ECONNREFUSED',
    [errors]: [ [Error], [Error] ]
  }
]
[2026-08-21T19:26:29.573Z] error: <httpProxy> Error calling http://localhost:8010/...
[2026-08-21T19:26:29.573Z] error: <httpProxy> [
  500,
  AggregateError: 
      at ignore-listed frames {
    code: 'ECONNREFUSED',
    [errors]: [ [Error], [Error] ]
  }
]
[2026-08-21T19:26:29.576Z] error: <httpProxy> Error calling http://localhost:8010/...
[2026-08-21T19:26:29.577Z] error: <httpProxy> [
  500,
  AggregateError: 
      at ignore-listed frames {
    code: 'ECONNREFUSED',
    [errors]: [ [Error], [Error] ]
  }
]
[2026-08-21T19:26:29.581Z] error: <httpProxy> Error calling http://localhost:2283/...
[2026-08-21T19:26:29.581Z] error: <httpProxy> [
  500,
  AggregateError: 
      at ignore-listed frames {
    code: 'ECONNREFUSED',
    [errors]: [ [Error], [Error] ]
  }
]
[2026-08-21T19:26:29.582Z] error: <httpProxy> Error calling http://localhost:9000/...
[2026-08-21T19:26:29.582Z] error: <httpProxy> [
  500,
  AggregateError: 
      at ignore-listed frames {
    code: 'ECONNREFUSED',
    [errors]: [ [Error], [Error] ]
  }
]
[2026-08-21T19:26:29.583Z] error: <httpProxy> Error calling http://localhost:5006/...
[2026-08-21T19:26:29.583Z] error: <httpProxy> [
  500,
  AggregateError: 
      at ignore-listed frames {
    code: 'ECONNREFUSED',
    [errors]: [ [Error], [Error] ]
  }
]
[2026-08-21T19:26:29.584Z] error: <httpProxy> Error calling http://localhost:8020/...
[2026-08-21T19:26:29.584Z] error: <httpProxy> [
  500,
  AggregateError: 
      at ignore-listed frames {
    code: 'ECONNREFUSED',
    [errors]: [ [Error], [Error] ]
  }
]
[2026-08-21T19:26:29.585Z] error: <httpProxy> Error calling http://localhost:2283/...
[2026-08-21T19:26:29.585Z] error: <httpProxy> [
  500,
  AggregateError: 
      at ignore-listed frames {
    code: 'ECONNREFUSED',
    [errors]: [ [Error], [Error] ]
  }
]
[2026-08-21T19:26:29.586Z] error: <httpProxy> Error calling http://localhost:9000/...
[2026-08-21T19:26:29.586Z] error: <httpProxy> [
  500,
  AggregateError: 
      at ignore-listed frames {
    code: 'ECONNREFUSED',
    [errors]: [ [Error], [Error] ]
  }
]
[2026-08-21T19:26:29.588Z] error: <httpProxy> Error calling http://localhost:5006/...
[2026-08-21T19:26:29.589Z] error: <httpProxy> [
  500,
  AggregateError: 
      at ignore-listed frames {
    code: 'ECONNREFUSED',
    [errors]: [ [Error], [Error] ]
  }
]
[2026-08-21T19:26:29.591Z] error: <httpProxy> Error calling http://localhost:8020/...
[2026-08-21T19:26:29.592Z] error: <httpProxy> [
  500,
  AggregateError: 
      at ignore-listed frames {
    code: 'ECONNREFUSED',
    [errors]: [ [Error], [Error] ]
  }
]
[2026-08-21T19:26:29.594Z] error: <httpProxy> Error calling http://localhost:8015/...
[2026-08-21T19:26:29.594Z] error: <httpProxy> [
  500,
  AggregateError: 
      at ignore-listed frames {
    code: 'ECONNREFUSED',
    [errors]: [ [Error], [Error] ]
  }
]
[2026-08-21T19:26:29.594Z] error: <httpProxy> Error calling http://localhost:3929/...
[2026-08-21T19:26:29.595Z] error: <httpProxy> [
  500,
  AggregateError: 
      at ignore-listed frames {
    code: 'ECONNREFUSED',
    [errors]: [ [Error], [Error] ]
  }
]
[2026-08-21T19:26:29.597Z] error: <httpProxy> Error calling http://localhost:8015/...
[2026-08-21T19:26:29.597Z] error: <httpProxy> [
  500,
  AggregateError: 
      at ignore-listed frames {
    code: 'ECONNREFUSED',
    [errors]: [ [Error], [Error] ]
  }
]
[2026-08-21T19:26:29.597Z] error: <httpProxy> Error calling http://localhost:3929/...
[2026-08-21T19:26:29.598Z] error: <httpProxy> [
  500,
  AggregateError: 
      at ignore-listed frames {
    code: 'ECONNREFUSED',
    [errors]: [ [Error], [Error] ]
  }
]
[2026-08-21T19:26:29.602Z] error: <httpProxy> Error calling http://localhost:3001/...
[2026-08-21T19:26:29.602Z] error: <httpProxy> [
  500,
  AggregateError: 
      at ignore-listed frames {
    code: 'ECONNREFUSED',
    [errors]: [ [Error], [Error] ]
  }
]
[2026-08-21T19:26:29.603Z] error: <httpProxy> Error calling http://localhost:8082/...
[2026-08-21T19:26:29.603Z] error: <httpProxy> [
  500,
  AggregateError: 
      at ignore-listed frames {
    code: 'ECONNREFUSED',
    [errors]: [ [Error], [Error] ]
  }
]
[2026-08-21T19:26:29.603Z] error: <httpProxy> Error calling http://localhost:8787/...
[2026-08-21T19:26:29.604Z] error: <httpProxy> [
  500,
  AggregateError: 
      at ignore-listed frames {
    code: 'ECONNREFUSED',
    [errors]: [ [Error], [Error] ]
  }
]
[2026-08-21T19:26:29.605Z] error: <httpProxy> Error calling http://localhost:8090/...
[2026-08-21T19:26:29.605Z] error: <httpProxy> [
  500,
  AggregateError: 
      at ignore-listed frames {
    code: 'ECONNREFUSED',
    [errors]: [ [Error], [Error] ]
  }
]
[2026-08-21T19:26:29.606Z] error: <httpProxy> Error calling http://localhost:3001/...
[2026-08-21T19:26:29.606Z] error: <httpProxy> [
  500,
  AggregateError: 
      at ignore-listed frames {
    code: 'ECONNREFUSED',
    [errors]: [ [Error], [Error] ]
  }
]
[2026-08-21T19:26:29.608Z] error: <httpProxy> Error calling http://localhost:8082/...
[2026-08-21T19:26:29.608Z] error: <httpProxy> [
  500,
  AggregateError: 
      at ignore-listed frames {
    code: 'ECONNREFUSED',
    [errors]: [ [Error], [Error] ]
  }
]
[2026-08-21T19:26:29.608Z] error: <httpProxy> Error calling http://localhost:8787/...
[2026-08-21T19:26:29.609Z] error: <httpProxy> [
  500,
  AggregateError: 
      at ignore-listed frames {
    code: 'ECONNREFUSED',
    [errors]: [ [Error], [Error] ]
  }
]
[2026-08-21T19:26:29.614Z] error: <httpProxy> Error calling http://localhost:8090/...
[2026-08-21T19:26:29.614Z] error: <httpProxy> [
  500,
  AggregateError: 
      at ignore-listed frames {
    code: 'ECONNREFUSED',
    [errors]: [ [Error], [Error] ]
  }
]
[2026-08-21T19:26:29.615Z] error: <httpProxy> Error calling http://localhost:8081/...
[2026-08-21T19:26:29.616Z] error: <httpProxy> [
  500,
  AggregateError: 
      at ignore-listed frames {
    code: 'ECONNREFUSED',
    [errors]: [ [Error], [Error] ]
  }
]
[2026-08-21T19:26:29.616Z] error: <httpProxy> Error calling http://localhost:8787/...
[2026-08-21T19:26:29.617Z] error: <httpProxy> [
  500,
  AggregateError: 
      at ignore-listed frames {
    code: 'ECONNREFUSED',
    [errors]: [ [Error], [Error] ]
  }
]
[2026-08-21T19:26:29.618Z] error: <httpProxy> Error calling http://localhost:8081/...
[2026-08-21T19:26:29.619Z] error: <httpProxy> [
  500,
  AggregateError: 
      at ignore-listed frames {
    code: 'ECONNREFUSED',
    [errors]: [ [Error], [Error] ]
  }
]
[2026-08-21T19:26:29.619Z] error: <httpProxy> Error calling http://localhost:8787/...
[2026-08-21T19:26:29.620Z] error: <httpProxy> [
  500,
  AggregateError: 
      at ignore-listed frames {
    code: 'ECONNREFUSED',
    [errors]: [ [Error], [Error] ]
  }
]
[2026-08-21T19:26:29.620Z] error: <httpProxy> Error calling http://localhost:8083/...
[2026-08-21T19:26:29.621Z] error: <httpProxy> [
  500,
  AggregateError: 
      at ignore-listed frames {
    code: 'ECONNREFUSED',
    [errors]: [ [Error], [Error] ]
  }
]
[2026-08-21T19:26:29.621Z] error: <httpProxy> Error calling http://localhost:8083/...
[2026-08-21T19:26:29.621Z] error: <httpProxy> [
  500,
  AggregateError: 
      at ignore-listed frames {
    code: 'ECONNREFUSED',
    [errors]: [ [Error], [Error] ]
  }
]
[2026-08-21T19:26:29.622Z] error: <httpProxy> Error calling http://localhost:8083/...
[2026-08-21T19:26:29.622Z] error: <httpProxy> [
  500,
  AggregateError: 
      at ignore-listed frames {
    code: 'ECONNREFUSED',
    [errors]: [ [Error], [Error] ]
  }
]
[2026-08-21T19:26:29.623Z] error: <httpProxy> Error calling http://localhost:8083/...
[2026-08-21T19:26:29.623Z] error: <httpProxy> [
  500,
  AggregateError: 
      at ignore-listed frames {
    code: 'ECONNREFUSED',
    [errors]: [ [Error], [Error] ]
  }
]
[2026-08-21T19:26:29.623Z] error: <httpProxy> Error calling http://localhost:8083/...
[2026-08-21T19:26:29.624Z] error: <httpProxy> [
  500,
  AggregateError: 
      at ignore-listed frames {
    code: 'ECONNREFUSED',
    [errors]: [ [Error], [Error] ]
  }
]
[2026-08-21T19:26:29.624Z] error: <httpProxy> Error calling http://localhost:8083/...
[2026-08-21T19:26:29.624Z] error: <httpProxy> [
  500,
  AggregateError: 
      at ignore-listed frames {
    code: 'ECONNREFUSED',
    [errors]: [ [Error], [Error] ]
  }
]
[2026-08-21T19:26:41.829Z] error: <httpProxy> Error calling http://localhost:2283/...
[2026-08-21T19:26:41.830Z] error: <httpProxy> [
  500,
  AggregateError: 
      at ignore-listed frames {
    code: 'ECONNREFUSED',
    [errors]: [ [Error], [Error] ]
  }
]
[2026-08-21T19:26:41.831Z] error: <httpProxy> Error calling http://localhost:9000/...
[2026-08-21T19:26:41.831Z] error: <httpProxy> [
  500,
  AggregateError: 
      at ignore-listed frames {
    code: 'ECONNREFUSED',
    [errors]: [ [Error], [Error] ]
  }
]
[2026-08-21T19:26:41.832Z] error: <httpProxy> Error calling http://localhost:5006/...
[2026-08-21T19:26:41.832Z] error: <httpProxy> [
  500,
  AggregateError: 
      at ignore-listed frames {
    code: 'ECONNREFUSED',
    [errors]: [ [Error], [Error] ]
  }
]
[2026-08-21T19:26:41.833Z] error: <httpProxy> Error calling http://localhost:8010/...
[2026-08-21T19:26:41.833Z] error: <httpProxy> [
  500,
  AggregateError: 
      at ignore-listed frames {
    code: 'ECONNREFUSED',
    [errors]: [ [Error], [Error] ]
  }
]
[2026-08-21T19:26:41.833Z] error: <httpProxy> Error calling http://localhost:2283/...
[2026-08-21T19:26:41.834Z] error: <httpProxy> [
  500,
  AggregateError: 
      at ignore-listed frames {
    code: 'ECONNREFUSED',
    [errors]: [ [Error], [Error] ]
  }
]
[2026-08-21T19:26:41.836Z] error: <httpProxy> Error calling http://localhost:8020/...
[2026-08-21T19:26:41.836Z] error: <httpProxy> [
  500,
  AggregateError: 
      at ignore-listed frames {
    code: 'ECONNREFUSED',
    [errors]: [ [Error], [Error] ]
  }
]
[2026-08-21T19:26:41.837Z] error: <httpProxy> Error calling http://localhost:9000/...
[2026-08-21T19:26:41.837Z] error: <httpProxy> [
  500,
  AggregateError: 
      at ignore-listed frames {
    code: 'ECONNREFUSED',
    [errors]: [ [Error], [Error] ]
  }
]
[2026-08-21T19:26:41.839Z] error: <httpProxy> Error calling http://localhost:8015/...
[2026-08-21T19:26:41.839Z] error: <httpProxy> [
  500,
  AggregateError: 
      at ignore-listed frames {
    code: 'ECONNREFUSED',
    [errors]: [ [Error], [Error] ]
  }
]
[2026-08-21T19:26:41.840Z] error: <httpProxy> Error calling http://localhost:5006/...
[2026-08-21T19:26:41.840Z] error: <httpProxy> [
  500,
  AggregateError: 
      at ignore-listed frames {
    code: 'ECONNREFUSED',
    [errors]: [ [Error], [Error] ]
  }
]
[2026-08-21T19:26:41.842Z] error: <httpProxy> Error calling http://localhost:8010/...
[2026-08-21T19:26:41.842Z] error: <httpProxy> [
  500,
  AggregateError: 
      at ignore-listed frames {
    code: 'ECONNREFUSED',
    [errors]: [ [Error], [Error] ]
  }
]
[2026-08-21T19:26:41.844Z] error: <httpProxy> Error calling http://localhost:8020/...
[2026-08-21T19:26:41.845Z] error: <httpProxy> [
  500,
  AggregateError: 
      at ignore-listed frames {
    code: 'ECONNREFUSED',
    [errors]: [ [Error], [Error] ]
  }
]
[2026-08-21T19:26:41.846Z] error: <httpProxy> Error calling http://localhost:8015/...
[2026-08-21T19:26:41.847Z] error: <httpProxy> [
  500,
  AggregateError: 
      at ignore-listed frames {
    code: 'ECONNREFUSED',
    [errors]: [ [Error], [Error] ]
  }
]
[2026-08-21T19:26:41.851Z] error: <httpProxy> Error calling http://localhost:3929/...
[2026-08-21T19:26:41.851Z] error: <httpProxy> [
  500,
  AggregateError: 
      at ignore-listed frames {
    code: 'ECONNREFUSED',
    [errors]: [ [Error], [Error] ]
  }
]
[2026-08-21T19:26:41.852Z] error: <httpProxy> Error calling http://localhost:3001/...
[2026-08-21T19:26:41.853Z] error: <httpProxy> [
  500,
  AggregateError: 
      at ignore-listed frames {
    code: 'ECONNREFUSED',
    [errors]: [ [Error], [Error] ]
  }
]
[2026-08-21T19:26:41.853Z] error: <httpProxy> Error calling http://localhost:8082/...
[2026-08-21T19:26:41.854Z] error: <httpProxy> [
  500,
  AggregateError: 
      at ignore-listed frames {
    code: 'ECONNREFUSED',
    [errors]: [ [Error], [Error] ]
  }
]
[2026-08-21T19:26:41.855Z] error: <httpProxy> Error calling http://localhost:8787/...
[2026-08-21T19:26:41.855Z] error: <httpProxy> [
  500,
  AggregateError: 
      at ignore-listed frames {
    code: 'ECONNREFUSED',
    [errors]: [ [Error], [Error] ]
  }
]
[2026-08-21T19:26:41.856Z] error: <httpProxy> Error calling http://localhost:3929/...
[2026-08-21T19:26:41.856Z] error: <httpProxy> [
  500,
  AggregateError: 
      at ignore-listed frames {
    code: 'ECONNREFUSED',
    [errors]: [ [Error], [Error] ]
  }
]
[2026-08-21T19:26:41.856Z] error: <httpProxy> Error calling http://localhost:8090/...
[2026-08-21T19:26:41.857Z] error: <httpProxy> [
  500,
  AggregateError: 
      at ignore-listed frames {
    code: 'ECONNREFUSED',
    [errors]: [ [Error], [Error] ]
  }
]
[2026-08-21T19:26:41.857Z] error: <httpProxy> Error calling http://localhost:3001/...
[2026-08-21T19:26:41.858Z] error: <httpProxy> [
  500,
  AggregateError: 
      at ignore-listed frames {
    code: 'ECONNREFUSED',
    [errors]: [ [Error], [Error] ]
  }
]
[2026-08-21T19:26:41.861Z] error: <httpProxy> Error calling http://localhost:8082/...
[2026-08-21T19:26:41.861Z] error: <httpProxy> [
  500,
  AggregateError: 
      at ignore-listed frames {
    code: 'ECONNREFUSED',
    [errors]: [ [Error], [Error] ]
  }
]
[2026-08-21T19:26:41.863Z] error: <httpProxy> Error calling http://localhost:8081/...
[2026-08-21T19:26:41.863Z] error: <httpProxy> [
  500,
  AggregateError: 
      at ignore-listed frames {
    code: 'ECONNREFUSED',
    [errors]: [ [Error], [Error] ]
  }
]
[2026-08-21T19:26:41.863Z] error: <httpProxy> Error calling http://localhost:8787/...
[2026-08-21T19:26:41.864Z] error: <httpProxy> [
  500,
  AggregateError: 
      at ignore-listed frames {
    code: 'ECONNREFUSED',
    [errors]: [ [Error], [Error] ]
  }
]
[2026-08-21T19:26:41.866Z] error: <httpProxy> Error calling http://localhost:8090/...
[2026-08-21T19:26:41.866Z] error: <httpProxy> [
  500,
  AggregateError: 
      at ignore-listed frames {
    code: 'ECONNREFUSED',
    [errors]: [ [Error], [Error] ]
  }
]
[2026-08-21T19:26:41.867Z] error: <httpProxy> Error calling http://localhost:8081/...
[2026-08-21T19:26:41.868Z] error: <httpProxy> [
  500,
  AggregateError: 
      at ignore-listed frames {
    code: 'ECONNREFUSED',
    [errors]: [ [Error], [Error] ]
  }
]
[2026-08-21T19:26:41.869Z] error: <httpProxy> Error calling http://localhost:8787/...
[2026-08-21T19:26:41.869Z] error: <httpProxy> [
  500,
  AggregateError: 
      at ignore-listed frames {
    code: 'ECONNREFUSED',
    [errors]: [ [Error], [Error] ]
  }
]
[2026-08-21T19:26:41.870Z] error: <httpProxy> Error calling http://localhost:8083/...
[2026-08-21T19:26:41.870Z] error: <httpProxy> [
  500,
  AggregateError: 
      at ignore-listed frames {
    code: 'ECONNREFUSED',
    [errors]: [ [Error], [Error] ]
  }
]
[2026-08-21T19:26:41.871Z] error: <httpProxy> Error calling http://localhost:8083/...
[2026-08-21T19:26:41.872Z] error: <httpProxy> [
  500,
  AggregateError: 
      at ignore-listed frames {
    code: 'ECONNREFUSED',
    [errors]: [ [Error], [Error] ]
  }
]
[2026-08-21T19:26:41.872Z] error: <httpProxy> Error calling http://localhost:8083/...
[2026-08-21T19:26:41.873Z] error: <httpProxy> [
  500,
  AggregateError: 
      at ignore-listed frames {
    code: 'ECONNREFUSED',
    [errors]: [ [Error], [Error] ]
  }
]
[2026-08-21T19:26:41.873Z] error: <httpProxy> Error calling http://localhost:8787/...
[2026-08-21T19:26:41.874Z] error: <httpProxy> [
  500,
  AggregateError: 
      at ignore-listed frames {
    code: 'ECONNREFUSED',
    [errors]: [ [Error], [Error] ]
  }
]
[2026-08-21T19:26:41.874Z] error: <httpProxy> Error calling http://localhost:8083/...
[2026-08-21T19:26:41.875Z] error: <httpProxy> [
  500,
  AggregateError: 
      at ignore-listed frames {
    code: 'ECONNREFUSED',
    [errors]: [ [Error], [Error] ]
  }
]
[2026-08-21T19:26:41.875Z] error: <httpProxy> Error calling http://localhost:8083/...
[2026-08-21T19:26:41.876Z] error: <httpProxy> [
  500,
  AggregateError: 
      at ignore-listed frames {
    code: 'ECONNREFUSED',
    [errors]: [ [Error], [Error] ]
  }
]
[2026-08-21T19:26:41.876Z] error: <httpProxy> Error calling http://localhost:8083/...
[2026-08-21T19:26:41.876Z] error: <httpProxy> [
  500,
  AggregateError: 
      at ignore-listed frames {
    code: 'ECONNREFUSED',
    [errors]: [ [Error], [Error] ]
  }
]
[2026-08-21T19:27:11.941Z] error: <httpProxy> Error calling http://localhost:2283/...
[2026-08-21T19:27:11.941Z] error: <httpProxy> [
  500,
  AggregateError: 
      at ignore-listed frames {
    code: 'ECONNREFUSED',
    [errors]: [ [Error], [Error] ]
  }
]
[2026-08-21T19:27:11.942Z] error: <httpProxy> Error calling http://localhost:9000/...
[2026-08-21T19:27:11.943Z] error: <httpProxy> [
  500,
  AggregateError: 
      at ignore-listed frames {
    code: 'ECONNREFUSED',
    [errors]: [ [Error], [Error] ]
  }
]
[2026-08-21T19:27:11.944Z] error: <httpProxy> Error calling http://localhost:5006/...
[2026-08-21T19:27:11.945Z] error: <httpProxy> [
  500,
  AggregateError: 
      at ignore-listed frames {
    code: 'ECONNREFUSED',
    [errors]: [ [Error], [Error] ]
  }
]
[2026-08-21T19:27:11.945Z] error: <httpProxy> Error calling http://localhost:8010/...
[2026-08-21T19:27:11.946Z] error: <httpProxy> [
  500,
  AggregateError: 
      at ignore-listed frames {
    code: 'ECONNREFUSED',
    [errors]: [ [Error], [Error] ]
  }
]
[2026-08-21T19:27:11.946Z] error: <httpProxy> Error calling http://localhost:2283/...
[2026-08-21T19:27:11.947Z] error: <httpProxy> [
  500,
  AggregateError: 
      at ignore-listed frames {
    code: 'ECONNREFUSED',
    [errors]: [ [Error], [Error] ]
  }
]
[2026-08-21T19:27:11.947Z] error: <httpProxy> Error calling http://localhost:8020/...
[2026-08-21T19:27:11.947Z] error: <httpProxy> [
  500,
  AggregateError: 
      at ignore-listed frames {
    code: 'ECONNREFUSED',
    [errors]: [ [Error], [Error] ]
  }
]
[2026-08-21T19:27:11.948Z] error: <httpProxy> Error calling http://localhost:9000/...
[2026-08-21T19:27:11.948Z] error: <httpProxy> [
  500,
  AggregateError: 
      at ignore-listed frames {
    code: 'ECONNREFUSED',
    [errors]: [ [Error], [Error] ]
  }
]
[2026-08-21T19:27:11.952Z] error: <httpProxy> Error calling http://localhost:8015/...
[2026-08-21T19:27:11.952Z] error: <httpProxy> [
  500,
  AggregateError: 
      at ignore-listed frames {
    code: 'ECONNREFUSED',
    [errors]: [ [Error], [Error] ]
  }
]
[2026-08-21T19:27:11.952Z] error: <httpProxy> Error calling http://localhost:5006/...
[2026-08-21T19:27:11.953Z] error: <httpProxy> [
  500,
  AggregateError: 
      at ignore-listed frames {
    code: 'ECONNREFUSED',
    [errors]: [ [Error], [Error] ]
  }
]
[2026-08-21T19:27:11.955Z] error: <httpProxy> Error calling http://localhost:8010/...
[2026-08-21T19:27:11.955Z] error: <httpProxy> [
  500,
  AggregateError: 
      at ignore-listed frames {
    code: 'ECONNREFUSED',
    [errors]: [ [Error], [Error] ]
  }
]
[2026-08-21T19:27:11.957Z] error: <httpProxy> Error calling http://localhost:8020/...
[2026-08-21T19:27:11.957Z] error: <httpProxy> [
  500,
  AggregateError: 
      at ignore-listed frames {
    code: 'ECONNREFUSED',
    [errors]: [ [Error], [Error] ]
  }
]
[2026-08-21T19:27:11.960Z] error: <httpProxy> Error calling http://localhost:8015/...
[2026-08-21T19:27:11.960Z] error: <httpProxy> [
  500,
  AggregateError: 
      at ignore-listed frames {
    code: 'ECONNREFUSED',
    [errors]: [ [Error], [Error] ]
  }
]
[2026-08-21T19:27:11.964Z] error: <httpProxy> Error calling http://localhost:3929/...
[2026-08-21T19:27:11.964Z] error: <httpProxy> [
  500,
  AggregateError: 
      at ignore-listed frames {
    code: 'ECONNREFUSED',
    [errors]: [ [Error], [Error] ]
  }
]
[2026-08-21T19:27:11.965Z] error: <httpProxy> Error calling http://localhost:3001/...
[2026-08-21T19:27:11.965Z] error: <httpProxy> [
  500,
  AggregateError: 
      at ignore-listed frames {
    code: 'ECONNREFUSED',
    [errors]: [ [Error], [Error] ]
  }
]
[2026-08-21T19:27:11.966Z] error: <httpProxy> Error calling http://localhost:8082/...
[2026-08-21T19:27:11.966Z] error: <httpProxy> [
  500,
  AggregateError: 
      at ignore-listed frames {
    code: 'ECONNREFUSED',
    [errors]: [ [Error], [Error] ]
  }
]
[2026-08-21T19:27:11.967Z] error: <httpProxy> Error calling http://localhost:8787/...
[2026-08-21T19:27:11.967Z] error: <httpProxy> [
  500,
  AggregateError: 
      at ignore-listed frames {
    code: 'ECONNREFUSED',
    [errors]: [ [Error], [Error] ]
  }
]
[2026-08-21T19:27:11.968Z] error: <httpProxy> Error calling http://localhost:8090/...
[2026-08-21T19:27:11.968Z] error: <httpProxy> [
  500,
  AggregateError: 
      at ignore-listed frames {
    code: 'ECONNREFUSED',
    [errors]: [ [Error], [Error] ]
  }
]
[2026-08-21T19:27:11.968Z] error: <httpProxy> Error calling http://localhost:3929/...
[2026-08-21T19:27:11.969Z] error: <httpProxy> [
  500,
  AggregateError: 
      at ignore-listed frames {
    code: 'ECONNREFUSED',
    [errors]: [ [Error], [Error] ]
  }
]
[2026-08-21T19:27:11.969Z] error: <httpProxy> Error calling http://localhost:3001/...
[2026-08-21T19:27:11.969Z] error: <httpProxy> [
  500,
  AggregateError: 
      at ignore-listed frames {
    code: 'ECONNREFUSED',
    [errors]: [ [Error], [Error] ]
  }
]
[2026-08-21T19:27:11.972Z] error: <httpProxy> Error calling http://localhost:8081/...
[2026-08-21T19:27:11.973Z] error: <httpProxy> [
  500,
  AggregateError: 
      at ignore-listed frames {
    code: 'ECONNREFUSED',
    [errors]: [ [Error], [Error] ]
  }
]
[2026-08-21T19:27:11.974Z] error: <httpProxy> Error calling http://localhost:8082/...
[2026-08-21T19:27:11.974Z] error: <httpProxy> [
  500,
  AggregateError: 
      at ignore-listed frames {
    code: 'ECONNREFUSED',
    [errors]: [ [Error], [Error] ]
  }
]
[2026-08-21T19:27:11.977Z] error: <httpProxy> Error calling http://localhost:8787/...
[2026-08-21T19:27:11.977Z] error: <httpProxy> [
  500,
  AggregateError: 
      at ignore-listed frames {
    code: 'ECONNREFUSED',
    [errors]: [ [Error], [Error] ]
  }
]
[2026-08-21T19:27:11.979Z] error: <httpProxy> Error calling http://localhost:8090/...
[2026-08-21T19:27:11.979Z] error: <httpProxy> [
  500,
  AggregateError: 
      at ignore-listed frames {
    code: 'ECONNREFUSED',
    [errors]: [ [Error], [Error] ]
  }
]
[2026-08-21T19:27:11.980Z] error: <httpProxy> Error calling http://localhost:8081/...
[2026-08-21T19:27:11.980Z] error: <httpProxy> [
  500,
  AggregateError: 
      at ignore-listed frames {
    code: 'ECONNREFUSED',
    [errors]: [ [Error], [Error] ]
  }
]
[2026-08-21T19:27:11.983Z] error: <httpProxy> Error calling http://localhost:8787/...
[2026-08-21T19:27:11.983Z] error: <httpProxy> [
  500,
  AggregateError: 
      at ignore-listed frames {
    code: 'ECONNREFUSED',
    [errors]: [ [Error], [Error] ]
  }
]
[2026-08-21T19:27:11.983Z] error: <httpProxy> Error calling http://localhost:8083/...
[2026-08-21T19:27:11.984Z] error: <httpProxy> [
  500,
  AggregateError: 
      at ignore-listed frames {
    code: 'ECONNREFUSED',
    [errors]: [ [Error], [Error] ]
  }
]
[2026-08-21T19:27:11.984Z] error: <httpProxy> Error calling http://localhost:8083/...
[2026-08-21T19:27:11.984Z] error: <httpProxy> [
  500,
  AggregateError: 
      at ignore-listed frames {
    code: 'ECONNREFUSED',
    [errors]: [ [Error], [Error] ]
  }
]
[2026-08-21T19:27:11.985Z] error: <httpProxy> Error calling http://localhost:8083/...
[2026-08-21T19:27:11.985Z] error: <httpProxy> [
  500,
  AggregateError: 
      at ignore-listed frames {
    code: 'ECONNREFUSED',
    [errors]: [ [Error], [Error] ]
  }
]
[2026-08-21T19:27:11.986Z] error: <httpProxy> Error calling http://localhost:8787/...
[2026-08-21T19:27:11.986Z] error: <httpProxy> [
  500,
  AggregateError: 
      at ignore-listed frames {
    code: 'ECONNREFUSED',
    [errors]: [ [Error], [Error] ]
  }
]
[2026-08-21T19:27:11.986Z] error: <httpProxy> Error calling http://localhost:8083/...
[2026-08-21T19:27:11.987Z] error: <httpProxy> [
  500,
  AggregateError: 
      at ignore-listed frames {
    code: 'ECONNREFUSED',
    [errors]: [ [Error], [Error] ]
  }
]
[2026-08-21T19:27:11.987Z] error: <httpProxy> Error calling http://localhost:8083/...
[2026-08-21T19:27:11.987Z] error: <httpProxy> [
  500,
  AggregateError: 
      at ignore-listed frames {
    code: 'ECONNREFUSED',
    [errors]: [ [Error], [Error] ]
  }
]
[2026-08-21T19:27:11.988Z] error: <httpProxy> Error calling http://localhost:8083/...
[2026-08-21T19:27:11.988Z] error: <httpProxy> [
  500,
  AggregateError: 
      at ignore-listed frames {
    code: 'ECONNREFUSED',
    [errors]: [ [Error], [Error] ]
  }
]
[2026-08-21T19:27:27.501Z] error: <httpProxy> Error calling http://localhost:8010/...
[2026-08-21T19:27:27.502Z] error: <httpProxy> [
  500,
  AggregateError: 
      at ignore-listed frames {
    code: 'ECONNREFUSED',
    [errors]: [ [Error], [Error] ]
  }
]
[2026-08-21T19:27:27.505Z] error: <httpProxy> Error calling http://localhost:8010/...
[2026-08-21T19:27:27.506Z] error: <httpProxy> [
  500,
  AggregateError: 
      at ignore-listed frames {
    code: 'ECONNREFUSED',
    [errors]: [ [Error], [Error] ]
  }
]
[2026-08-21T19:27:27.508Z] error: <httpProxy> Error calling http://localhost:2283/...
[2026-08-21T19:27:27.508Z] error: <httpProxy> [
  500,
  AggregateError: 
      at ignore-listed frames {
    code: 'ECONNREFUSED',
    [errors]: [ [Error], [Error] ]
  }
]
[2026-08-21T19:27:27.508Z] error: <httpProxy> Error calling http://localhost:9000/...
[2026-08-21T19:27:27.509Z] error: <httpProxy> [
  500,
  AggregateError: 
      at ignore-listed frames {
    code: 'ECONNREFUSED',
    [errors]: [ [Error], [Error] ]
  }
]
[2026-08-21T19:27:27.510Z] error: <httpProxy> Error calling http://localhost:5006/...
[2026-08-21T19:27:27.510Z] error: <httpProxy> [
  500,
  AggregateError: 
      at ignore-listed frames {
    code: 'ECONNREFUSED',
    [errors]: [ [Error], [Error] ]
  }
]
[2026-08-21T19:27:27.511Z] error: <httpProxy> Error calling http://localhost:8020/...
[2026-08-21T19:27:27.511Z] error: <httpProxy> [
  500,
  AggregateError: 
      at ignore-listed frames {
    code: 'ECONNREFUSED',
    [errors]: [ [Error], [Error] ]
  }
]
[2026-08-21T19:27:27.512Z] error: <httpProxy> Error calling http://localhost:2283/...
[2026-08-21T19:27:27.512Z] error: <httpProxy> [
  500,
  AggregateError: 
      at ignore-listed frames {
    code: 'ECONNREFUSED',
    [errors]: [ [Error], [Error] ]
  }
]
[2026-08-21T19:27:27.513Z] error: <httpProxy> Error calling http://localhost:9000/...
[2026-08-21T19:27:27.513Z] error: <httpProxy> [
  500,
  AggregateError: 
      at ignore-listed frames {
    code: 'ECONNREFUSED',
    [errors]: [ [Error], [Error] ]
  }
]
[2026-08-21T19:27:27.517Z] error: <httpProxy> Error calling http://localhost:5006/...
[2026-08-21T19:27:27.517Z] error: <httpProxy> [
  500,
  AggregateError: 
      at ignore-listed frames {
    code: 'ECONNREFUSED',
    [errors]: [ [Error], [Error] ]
  }
]
[2026-08-21T19:27:27.518Z] error: <httpProxy> Error calling http://localhost:8020/...
[2026-08-21T19:27:27.518Z] error: <httpProxy> [
  500,
  AggregateError: 
      at ignore-listed frames {
    code: 'ECONNREFUSED',
    [errors]: [ [Error], [Error] ]
  }
]
[2026-08-21T19:27:27.520Z] error: <httpProxy> Error calling http://localhost:8015/...
[2026-08-21T19:27:27.520Z] error: <httpProxy> [
  500,
  AggregateError: 
      at ignore-listed frames {
    code: 'ECONNREFUSED',
    [errors]: [ [Error], [Error] ]
  }
]
[2026-08-21T19:27:27.523Z] error: <httpProxy> Error calling http://localhost:3929/...
[2026-08-21T19:27:27.524Z] error: <httpProxy> [
  500,
  AggregateError: 
      at ignore-listed frames {
    code: 'ECONNREFUSED',
    [errors]: [ [Error], [Error] ]
  }
]
[2026-08-21T19:27:27.526Z] error: <httpProxy> Error calling http://localhost:8015/...
[2026-08-21T19:27:27.526Z] error: <httpProxy> [
  500,
  AggregateError: 
      at ignore-listed frames {
    code: 'ECONNREFUSED',
    [errors]: [ [Error], [Error] ]
  }
]
[2026-08-21T19:27:27.527Z] error: <httpProxy> Error calling http://localhost:3929/...
[2026-08-21T19:27:27.528Z] error: <httpProxy> [
  500,
  AggregateError: 
      at ignore-listed frames {
    code: 'ECONNREFUSED',
    [errors]: [ [Error], [Error] ]
  }
]
[2026-08-21T19:27:27.531Z] error: <httpProxy> Error calling http://localhost:3001/...
[2026-08-21T19:27:27.531Z] error: <httpProxy> [
  500,
  AggregateError: 
      at ignore-listed frames {
    code: 'ECONNREFUSED',
    [errors]: [ [Error], [Error] ]
  }
]
[2026-08-21T19:27:27.532Z] error: <httpProxy> Error calling http://localhost:8082/...
[2026-08-21T19:27:27.532Z] error: <httpProxy> [
  500,
  AggregateError: 
      at ignore-listed frames {
    code: 'ECONNREFUSED',
    [errors]: [ [Error], [Error] ]
  }
]
[2026-08-21T19:27:27.535Z] error: <httpProxy> Error calling http://localhost:8787/...
[2026-08-21T19:27:27.535Z] error: <httpProxy> [
  500,
  AggregateError: 
      at ignore-listed frames {
    code: 'ECONNREFUSED',
    [errors]: [ [Error], [Error] ]
  }
]
[2026-08-21T19:27:27.536Z] error: <httpProxy> Error calling http://localhost:8090/...
[2026-08-21T19:27:27.536Z] error: <httpProxy> [
  500,
  AggregateError: 
      at ignore-listed frames {
    code: 'ECONNREFUSED',
    [errors]: [ [Error], [Error] ]
  }
]
[2026-08-21T19:27:27.537Z] error: <httpProxy> Error calling http://localhost:3001/...
[2026-08-21T19:27:27.537Z] error: <httpProxy> [
  500,
  AggregateError: 
      at ignore-listed frames {
    code: 'ECONNREFUSED',
    [errors]: [ [Error], [Error] ]
  }
]
[2026-08-21T19:27:27.537Z] error: <httpProxy> Error calling http://localhost:8082/...
[2026-08-21T19:27:27.538Z] error: <httpProxy> [
  500,
  AggregateError: 
      at ignore-listed frames {
    code: 'ECONNREFUSED',
    [errors]: [ [Error], [Error] ]
  }
]
[2026-08-21T19:27:27.542Z] error: <httpProxy> Error calling http://localhost:8787/...
[2026-08-21T19:27:27.543Z] error: <httpProxy> [
  500,
  AggregateError: 
      at ignore-listed frames {
    code: 'ECONNREFUSED',
    [errors]: [ [Error], [Error] ]
  }
]
[2026-08-21T19:27:27.543Z] error: <httpProxy> Error calling http://localhost:8090/...
[2026-08-21T19:27:27.544Z] error: <httpProxy> [
  500,
  AggregateError: 
      at ignore-listed frames {
    code: 'ECONNREFUSED',
    [errors]: [ [Error], [Error] ]
  }
]
[2026-08-21T19:27:27.545Z] error: <httpProxy> Error calling http://localhost:8081/...
[2026-08-21T19:27:27.546Z] error: <httpProxy> [
  500,
  AggregateError: 
      at ignore-listed frames {
    code: 'ECONNREFUSED',
    [errors]: [ [Error], [Error] ]
  }
]
[2026-08-21T19:27:27.547Z] error: <httpProxy> Error calling http://localhost:8787/...
[2026-08-21T19:27:27.547Z] error: <httpProxy> [
  500,
  AggregateError: 
      at ignore-listed frames {
    code: 'ECONNREFUSED',
    [errors]: [ [Error], [Error] ]
  }
]
[2026-08-21T19:27:27.548Z] error: <httpProxy> Error calling http://localhost:8081/...
[2026-08-21T19:27:27.548Z] error: <httpProxy> [
  500,
  AggregateError: 
      at ignore-listed frames {
    code: 'ECONNREFUSED',
    [errors]: [ [Error], [Error] ]
  }
]
[2026-08-21T19:27:27.549Z] error: <httpProxy> Error calling http://localhost:8083/...
[2026-08-21T19:27:27.550Z] error: <httpProxy> [
  500,
  AggregateError: 
      at ignore-listed frames {
    code: 'ECONNREFUSED',
    [errors]: [ [Error], [Error] ]
  }
]
[2026-08-21T19:27:27.550Z] error: <httpProxy> Error calling http://localhost:8083/...
[2026-08-21T19:27:27.551Z] error: <httpProxy> [
  500,
  AggregateError: 
      at ignore-listed frames {
    code: 'ECONNREFUSED',
    [errors]: [ [Error], [Error] ]
  }
]
[2026-08-21T19:27:27.551Z] error: <httpProxy> Error calling http://localhost:8787/...
[2026-08-21T19:27:27.551Z] error: <httpProxy> [
  500,
  AggregateError: 
      at ignore-listed frames {
    code: 'ECONNREFUSED',
    [errors]: [ [Error], [Error] ]
  }
]
[2026-08-21T19:27:27.552Z] error: <httpProxy> Error calling http://localhost:8083/...
[2026-08-21T19:27:27.552Z] error: <httpProxy> [
  500,
  AggregateError: 
      at ignore-listed frames {
    code: 'ECONNREFUSED',
    [errors]: [ [Error], [Error] ]
  }
]
[2026-08-21T19:27:27.553Z] error: <httpProxy> Error calling http://localhost:8083/...
[2026-08-21T19:27:27.553Z] error: <httpProxy> [
  500,
  AggregateError: 
      at ignore-listed frames {
    code: 'ECONNREFUSED',
    [errors]: [ [Error], [Error] ]
  }
]
[2026-08-21T19:27:27.553Z] error: <httpProxy> Error calling http://localhost:8083/...
[2026-08-21T19:27:27.554Z] error: <httpProxy> [
  500,
  AggregateError: 
      at ignore-listed frames {
    code: 'ECONNREFUSED',
    [errors]: [ [Error], [Error] ]
  }
]
[2026-08-21T19:27:27.554Z] error: <httpProxy> Error calling http://localhost:8083/...
[2026-08-21T19:27:27.555Z] error: <httpProxy> [
  500,
  AggregateError: 
      at ignore-listed frames {
    code: 'ECONNREFUSED',
    [errors]: [ [Error], [Error] ]
  }
]
[2026-08-21T19:27:42.195Z] error: <httpProxy> Error calling http://localhost:2283/...
[2026-08-21T19:27:42.196Z] error: <httpProxy> [
  500,
  AggregateError: 
      at ignore-listed frames {
    code: 'ECONNREFUSED',
    [errors]: [ [Error], [Error] ]
  }
]
[2026-08-21T19:27:42.197Z] error: <httpProxy> Error calling http://localhost:5006/...
[2026-08-21T19:27:42.197Z] error: <httpProxy> [
  500,
  AggregateError: 
      at ignore-listed frames {
    code: 'ECONNREFUSED',
    [errors]: [ [Error], [Error] ]
  }
]
[2026-08-21T19:27:42.198Z] error: <httpProxy> Error calling http://localhost:9000/...
[2026-08-21T19:27:42.198Z] error: <httpProxy> [
  500,
  AggregateError: 
      at ignore-listed frames {
    code: 'ECONNREFUSED',
    [errors]: [ [Error], [Error] ]
  }
]
[2026-08-21T19:27:42.199Z] error: <httpProxy> Error calling http://localhost:8010/...
[2026-08-21T19:27:42.199Z] error: <httpProxy> [
  500,
  AggregateError: 
      at ignore-listed frames {
    code: 'ECONNREFUSED',
    [errors]: [ [Error], [Error] ]
  }
]
[2026-08-21T19:27:42.200Z] error: <httpProxy> Error calling http://localhost:2283/...
[2026-08-21T19:27:42.200Z] error: <httpProxy> [
  500,
  AggregateError: 
      at ignore-listed frames {
    code: 'ECONNREFUSED',
    [errors]: [ [Error], [Error] ]
  }
]
[2026-08-21T19:27:42.202Z] error: <httpProxy> Error calling http://localhost:8020/...
[2026-08-21T19:27:42.202Z] error: <httpProxy> [
  500,
  AggregateError: 
      at ignore-listed frames {
    code: 'ECONNREFUSED',
    [errors]: [ [Error], [Error] ]
  }
]
[2026-08-21T19:27:42.203Z] error: <httpProxy> Error calling http://localhost:5006/...
[2026-08-21T19:27:42.203Z] error: <httpProxy> [
  500,
  AggregateError: 
      at ignore-listed frames {
    code: 'ECONNREFUSED',
    [errors]: [ [Error], [Error] ]
  }
]
[2026-08-21T19:27:42.205Z] error: <httpProxy> Error calling http://localhost:8015/...
[2026-08-21T19:27:42.205Z] error: <httpProxy> [
  500,
  AggregateError: 
      at ignore-listed frames {
    code: 'ECONNREFUSED',
    [errors]: [ [Error], [Error] ]
  }
]
[2026-08-21T19:27:42.205Z] error: <httpProxy> Error calling http://localhost:9000/...
[2026-08-21T19:27:42.206Z] error: <httpProxy> [
  500,
  AggregateError: 
      at ignore-listed frames {
    code: 'ECONNREFUSED',
    [errors]: [ [Error], [Error] ]
  }
]
[2026-08-21T19:27:42.208Z] error: <httpProxy> Error calling http://localhost:8010/...
[2026-08-21T19:27:42.208Z] error: <httpProxy> [
  500,
  AggregateError: 
      at ignore-listed frames {
    code: 'ECONNREFUSED',
    [errors]: [ [Error], [Error] ]
  }
]
[2026-08-21T19:27:42.210Z] error: <httpProxy> Error calling http://localhost:8020/...
[2026-08-21T19:27:42.211Z] error: <httpProxy> [
  500,
  AggregateError: 
      at ignore-listed frames {
    code: 'ECONNREFUSED',
    [errors]: [ [Error], [Error] ]
  }
]
[2026-08-21T19:27:42.213Z] error: <httpProxy> Error calling http://localhost:8015/...
[2026-08-21T19:27:42.213Z] error: <httpProxy> [
  500,
  AggregateError: 
      at ignore-listed frames {
    code: 'ECONNREFUSED',
    [errors]: [ [Error], [Error] ]
  }
]
[2026-08-21T19:27:42.217Z] error: <httpProxy> Error calling http://localhost:3929/...
[2026-08-21T19:27:42.217Z] error: <httpProxy> [
  500,
  AggregateError: 
      at ignore-listed frames {
    code: 'ECONNREFUSED',
    [errors]: [ [Error], [Error] ]
  }
]
[2026-08-21T19:27:42.218Z] error: <httpProxy> Error calling http://localhost:3001/...
[2026-08-21T19:27:42.219Z] error: <httpProxy> [
  500,
  AggregateError: 
      at ignore-listed frames {
    code: 'ECONNREFUSED',
    [errors]: [ [Error], [Error] ]
  }
]
[2026-08-21T19:27:42.220Z] error: <httpProxy> Error calling http://localhost:8082/...
[2026-08-21T19:27:42.220Z] error: <httpProxy> [
  500,
  AggregateError: 
      at ignore-listed frames {
    code: 'ECONNREFUSED',
    [errors]: [ [Error], [Error] ]
  }
]
[2026-08-21T19:27:42.221Z] error: <httpProxy> Error calling http://localhost:8787/...
[2026-08-21T19:27:42.221Z] error: <httpProxy> [
  500,
  AggregateError: 
      at ignore-listed frames {
    code: 'ECONNREFUSED',
    [errors]: [ [Error], [Error] ]
  }
]
[2026-08-21T19:27:42.221Z] error: <httpProxy> Error calling http://localhost:3929/...
[2026-08-21T19:27:42.222Z] error: <httpProxy> [
  500,
  AggregateError: 
      at ignore-listed frames {
    code: 'ECONNREFUSED',
    [errors]: [ [Error], [Error] ]
  }
]
[2026-08-21T19:27:42.223Z] error: <httpProxy> Error calling http://localhost:8090/...
[2026-08-21T19:27:42.223Z] error: <httpProxy> [
  500,
  AggregateError: 
      at ignore-listed frames {
    code: 'ECONNREFUSED',
    [errors]: [ [Error], [Error] ]
  }
]
[2026-08-21T19:27:42.224Z] error: <httpProxy> Error calling http://localhost:3001/...
[2026-08-21T19:27:42.224Z] error: <httpProxy> [
  500,
  AggregateError: 
      at ignore-listed frames {
    code: 'ECONNREFUSED',
    [errors]: [ [Error], [Error] ]
  }
]
[2026-08-21T19:27:42.227Z] error: <httpProxy> Error calling http://localhost:8081/...
[2026-08-21T19:27:42.228Z] error: <httpProxy> [
  500,
  AggregateError: 
      at ignore-listed frames {
    code: 'ECONNREFUSED',
    [errors]: [ [Error], [Error] ]
  }
]
[2026-08-21T19:27:42.228Z] error: <httpProxy> Error calling http://localhost:8082/...
[2026-08-21T19:27:42.229Z] error: <httpProxy> [
  500,
  AggregateError: 
      at ignore-listed frames {
    code: 'ECONNREFUSED',
    [errors]: [ [Error], [Error] ]
  }
]
[2026-08-21T19:27:42.233Z] error: <httpProxy> Error calling http://localhost:8787/...
[2026-08-21T19:27:42.234Z] error: <httpProxy> [
  500,
  AggregateError: 
      at ignore-listed frames {
    code: 'ECONNREFUSED',
    [errors]: [ [Error], [Error] ]
  }
]
[2026-08-21T19:27:42.237Z] error: <httpProxy> Error calling http://localhost:8090/...
[2026-08-21T19:27:42.238Z] error: <httpProxy> [
  500,
  AggregateError: 
      at ignore-listed frames {
    code: 'ECONNREFUSED',
    [errors]: [ [Error], [Error] ]
  }
]
[2026-08-21T19:27:42.238Z] error: <httpProxy> Error calling http://localhost:8081/...
[2026-08-21T19:27:42.239Z] error: <httpProxy> [
  500,
  AggregateError: 
      at ignore-listed frames {
    code: 'ECONNREFUSED',
    [errors]: [ [Error], [Error] ]
  }
]
[2026-08-21T19:27:42.241Z] error: <httpProxy> Error calling http://localhost:8787/...
[2026-08-21T19:27:42.242Z] error: <httpProxy> [
  500,
  AggregateError: 
      at ignore-listed frames {
    code: 'ECONNREFUSED',
    [errors]: [ [Error], [Error] ]
  }
]
[2026-08-21T19:27:42.243Z] error: <httpProxy> Error calling http://localhost:8083/...
[2026-08-21T19:27:42.243Z] error: <httpProxy> [
  500,
  AggregateError: 
      at ignore-listed frames {
    code: 'ECONNREFUSED',
    [errors]: [ [Error], [Error] ]
  }
]
[2026-08-21T19:27:42.243Z] error: <httpProxy> Error calling http://localhost:8083/...
[2026-08-21T19:27:42.244Z] error: <httpProxy> [
  500,
  AggregateError: 
      at ignore-listed frames {
    code: 'ECONNREFUSED',
    [errors]: [ [Error], [Error] ]
  }
]
[2026-08-21T19:27:42.245Z] error: <httpProxy> Error calling http://localhost:8083/...
[2026-08-21T19:27:42.246Z] error: <httpProxy> [
  500,
  AggregateError: 
      at ignore-listed frames {
    code: 'ECONNREFUSED',
    [errors]: [ [Error], [Error] ]
  }
]
[2026-08-21T19:27:42.247Z] error: <httpProxy> Error calling http://localhost:8787/...
[2026-08-21T19:27:42.247Z] error: <httpProxy> [
  500,
  AggregateError: 
      at ignore-listed frames {
    code: 'ECONNREFUSED',
    [errors]: [ [Error], [Error] ]
  }
]
[2026-08-21T19:27:42.248Z] error: <httpProxy> Error calling http://localhost:8083/...
[2026-08-21T19:27:42.248Z] error: <httpProxy> [
  500,
  AggregateError: 
      at ignore-listed frames {
    code: 'ECONNREFUSED',
    [errors]: [ [Error], [Error] ]
  }
]
[2026-08-21T19:27:42.248Z] error: <httpProxy> Error calling http://localhost:8083/...
[2026-08-21T19:27:42.249Z] error: <httpProxy> [
  500,
  AggregateError: 
      at ignore-listed frames {
    code: 'ECONNREFUSED',
    [errors]: [ [Error], [Error] ]
  }
]
[2026-08-21T19:27:42.253Z] error: <httpProxy> Error calling http://localhost:8083/...
[2026-08-21T19:27:42.253Z] error: <httpProxy> [
  500,
  AggregateError: 
      at ignore-listed frames {
    code: 'ECONNREFUSED',
    [errors]: [ [Error], [Error] ]
  }
]
[2026-08-21T19:27:46.874Z] error: <httpProxy> Error calling http://localhost:2283/...
[2026-08-21T19:27:46.875Z] error: <httpProxy> [
  500,
  AggregateError: 
      at ignore-listed frames {
    code: 'ECONNREFUSED',
    [errors]: [ [Error], [Error] ]
  }
]
[2026-08-21T19:27:46.875Z] error: <httpProxy> Error calling http://localhost:8010/...
[2026-08-21T19:27:46.876Z] error: <httpProxy> [
  500,
  AggregateError: 
      at ignore-listed frames {
    code: 'ECONNREFUSED',
    [errors]: [ [Error], [Error] ]
  }
]
[2026-08-21T19:27:46.876Z] error: <httpProxy> Error calling http://localhost:9000/...
[2026-08-21T19:27:46.877Z] error: <httpProxy> [
  500,
  AggregateError: 
      at ignore-listed frames {
    code: 'ECONNREFUSED',
    [errors]: [ [Error], [Error] ]
  }
]
[2026-08-21T19:27:46.877Z] error: <httpProxy> Error calling http://localhost:5006/...
[2026-08-21T19:27:46.878Z] error: <httpProxy> [
  500,
  AggregateError: 
      at ignore-listed frames {
    code: 'ECONNREFUSED',
    [errors]: [ [Error], [Error] ]
  }
]
[2026-08-21T19:27:46.878Z] error: <httpProxy> Error calling http://localhost:8020/...
[2026-08-21T19:27:46.879Z] error: <httpProxy> [
  500,
  AggregateError: 
      at ignore-listed frames {
    code: 'ECONNREFUSED',
    [errors]: [ [Error], [Error] ]
  }
]
[2026-08-21T19:27:46.879Z] error: <httpProxy> Error calling http://localhost:8015/...
[2026-08-21T19:27:46.880Z] error: <httpProxy> [
  500,
  AggregateError: 
      at ignore-listed frames {
    code: 'ECONNREFUSED',
    [errors]: [ [Error], [Error] ]
  }
]
[2026-08-21T19:27:46.881Z] error: <httpProxy> Error calling http://localhost:2283/...
[2026-08-21T19:27:46.882Z] error: <httpProxy> [
  500,
  AggregateError: 
      at ignore-listed frames {
    code: 'ECONNREFUSED',
    [errors]: [ [Error], [Error] ]
  }
]
[2026-08-21T19:27:46.882Z] error: <httpProxy> Error calling http://localhost:8010/...
[2026-08-21T19:27:46.882Z] error: <httpProxy> [
  500,
  AggregateError: 
      at ignore-listed frames {
    code: 'ECONNREFUSED',
    [errors]: [ [Error], [Error] ]
  }
]
[2026-08-21T19:27:46.883Z] error: <httpProxy> Error calling http://localhost:9000/...
[2026-08-21T19:27:46.883Z] error: <httpProxy> [
  500,
  AggregateError: 
      at ignore-listed frames {
    code: 'ECONNREFUSED',
    [errors]: [ [Error], [Error] ]
  }
]
[2026-08-21T19:27:46.884Z] error: <httpProxy> Error calling http://localhost:5006/...
[2026-08-21T19:27:46.884Z] error: <httpProxy> [
  500,
  AggregateError: 
      at ignore-listed frames {
    code: 'ECONNREFUSED',
    [errors]: [ [Error], [Error] ]
  }
]
[2026-08-21T19:27:46.885Z] error: <httpProxy> Error calling http://localhost:8020/...
[2026-08-21T19:27:46.885Z] error: <httpProxy> [
  500,
  AggregateError: 
      at ignore-listed frames {
    code: 'ECONNREFUSED',
    [errors]: [ [Error], [Error] ]
  }
]
[2026-08-21T19:27:46.894Z] error: <httpProxy> Error calling http://localhost:8015/...
[2026-08-21T19:27:46.894Z] error: <httpProxy> [
  500,
  AggregateError: 
      at ignore-listed frames {
    code: 'ECONNREFUSED',
    [errors]: [ [Error], [Error] ]
  }
]
[2026-08-21T19:27:46.900Z] error: <httpProxy> Error calling http://localhost:3929/...
[2026-08-21T19:27:46.900Z] error: <httpProxy> [
  500,
  AggregateError: 
      at ignore-listed frames {
    code: 'ECONNREFUSED',
    [errors]: [ [Error], [Error] ]
  }
]
[2026-08-21T19:27:46.900Z] error: <httpProxy> Error calling http://localhost:3001/...
[2026-08-21T19:27:46.901Z] error: <httpProxy> [
  500,
  AggregateError: 
      at ignore-listed frames {
    code: 'ECONNREFUSED',
    [errors]: [ [Error], [Error] ]
  }
]
[2026-08-21T19:27:46.901Z] error: <httpProxy> Error calling http://localhost:8082/...
[2026-08-21T19:27:46.902Z] error: <httpProxy> [
  500,
  AggregateError: 
      at ignore-listed frames {
    code: 'ECONNREFUSED',
    [errors]: [ [Error], [Error] ]
  }
]
[2026-08-21T19:27:46.902Z] error: <httpProxy> Error calling http://localhost:8787/...
[2026-08-21T19:27:46.903Z] error: <httpProxy> [
  500,
  AggregateError: 
      at ignore-listed frames {
    code: 'ECONNREFUSED',
    [errors]: [ [Error], [Error] ]
  }
]
[2026-08-21T19:27:46.903Z] error: <httpProxy> Error calling http://localhost:8090/...
[2026-08-21T19:27:46.903Z] error: <httpProxy> [
  500,
  AggregateError: 
      at ignore-listed frames {
    code: 'ECONNREFUSED',
    [errors]: [ [Error], [Error] ]
  }
]
[2026-08-21T19:27:46.904Z] error: <httpProxy> Error calling http://localhost:8081/...
[2026-08-21T19:27:46.904Z] error: <httpProxy> [
  500,
  AggregateError: 
      at ignore-listed frames {
    code: 'ECONNREFUSED',
    [errors]: [ [Error], [Error] ]
  }
]
[2026-08-21T19:27:46.905Z] error: <httpProxy> Error calling http://localhost:3929/...
[2026-08-21T19:27:46.905Z] error: <httpProxy> [
  500,
  AggregateError: 
      at ignore-listed frames {
    code: 'ECONNREFUSED',
    [errors]: [ [Error], [Error] ]
  }
]
[2026-08-21T19:27:46.906Z] error: <httpProxy> Error calling http://localhost:3001/...
[2026-08-21T19:27:46.906Z] error: <httpProxy> [
  500,
  AggregateError: 
      at ignore-listed frames {
    code: 'ECONNREFUSED',
    [errors]: [ [Error], [Error] ]
  }
]
[2026-08-21T19:27:46.906Z] error: <httpProxy> Error calling http://localhost:8082/...
[2026-08-21T19:27:46.907Z] error: <httpProxy> [
  500,
  AggregateError: 
      at ignore-listed frames {
    code: 'ECONNREFUSED',
    [errors]: [ [Error], [Error] ]
  }
]
[2026-08-21T19:27:46.912Z] error: <httpProxy> Error calling http://localhost:8787/...
[2026-08-21T19:27:46.912Z] error: <httpProxy> [
  500,
  AggregateError: 
      at ignore-listed frames {
    code: 'ECONNREFUSED',
    [errors]: [ [Error], [Error] ]
  }
]
[2026-08-21T19:27:46.913Z] error: <httpProxy> Error calling http://localhost:8090/...
[2026-08-21T19:27:46.915Z] error: <httpProxy> [
  500,
  AggregateError: 
      at ignore-listed frames {
    code: 'ECONNREFUSED',
    [errors]: [ [Error], [Error] ]
  }
]
[2026-08-21T19:27:46.920Z] error: <httpProxy> Error calling http://localhost:8081/...
[2026-08-21T19:27:46.921Z] error: <httpProxy> [
  500,
  AggregateError: 
      at ignore-listed frames {
    code: 'ECONNREFUSED',
    [errors]: [ [Error], [Error] ]
  }
]
[2026-08-21T19:27:46.926Z] error: <httpProxy> Error calling http://localhost:8787/...
[2026-08-21T19:27:46.926Z] error: <httpProxy> [
  500,
  AggregateError: 
      at ignore-listed frames {
    code: 'ECONNREFUSED',
    [errors]: [ [Error], [Error] ]
  }
]
[2026-08-21T19:27:46.927Z] error: <httpProxy> Error calling http://localhost:8083/...
[2026-08-21T19:27:46.927Z] error: <httpProxy> [
  500,
  AggregateError: 
      at ignore-listed frames {
    code: 'ECONNREFUSED',
    [errors]: [ [Error], [Error] ]
  }
]
[2026-08-21T19:27:46.927Z] error: <httpProxy> Error calling http://localhost:8083/...
[2026-08-21T19:27:46.928Z] error: <httpProxy> [
  500,
  AggregateError: 
      at ignore-listed frames {
    code: 'ECONNREFUSED',
    [errors]: [ [Error], [Error] ]
  }
]
[2026-08-21T19:27:46.928Z] error: <httpProxy> Error calling http://localhost:8083/...
[2026-08-21T19:27:46.929Z] error: <httpProxy> [
  500,
  AggregateError: 
      at ignore-listed frames {
    code: 'ECONNREFUSED',
    [errors]: [ [Error], [Error] ]
  }
]
[2026-08-21T19:27:46.931Z] error: <httpProxy> Error calling http://localhost:8787/...
[2026-08-21T19:27:46.931Z] error: <httpProxy> [
  500,
  AggregateError: 
      at ignore-listed frames {
    code: 'ECONNREFUSED',
    [errors]: [ [Error], [Error] ]
  }
]
[2026-08-21T19:27:46.932Z] error: <httpProxy> Error calling http://localhost:8083/...
[2026-08-21T19:27:46.932Z] error: <httpProxy> [
  500,
  AggregateError: 
      at ignore-listed frames {
    code: 'ECONNREFUSED',
    [errors]: [ [Error], [Error] ]
  }
]
[2026-08-21T19:27:46.932Z] error: <httpProxy> Error calling http://localhost:8083/...
[2026-08-21T19:27:46.933Z] error: <httpProxy> [
  500,
  AggregateError: 
      at ignore-listed frames {
    code: 'ECONNREFUSED',
    [errors]: [ [Error], [Error] ]
  }
]
[2026-08-21T19:27:46.937Z] error: <httpProxy> Error calling http://localhost:8083/...
[2026-08-21T19:27:46.938Z] error: <httpProxy> [
  500,
  AggregateError: 
      at ignore-listed frames {
    code: 'ECONNREFUSED',
    [errors]: [ [Error], [Error] ]
  }
]
[2026-08-21T19:27:54.734Z] error: <httpProxy> Error calling http://localhost:8010/...
[2026-08-21T19:27:54.734Z] error: <httpProxy> [
  500,
  AggregateError: 
      at ignore-listed frames {
    code: 'ECONNREFUSED',
    [errors]: [ [Error], [Error] ]
  }
]
[2026-08-21T19:27:54.740Z] error: <httpProxy> Error calling http://localhost:8010/...
[2026-08-21T19:27:54.740Z] error: <httpProxy> [
  500,
  AggregateError: 
      at ignore-listed frames {
    code: 'ECONNREFUSED',
    [errors]: [ [Error], [Error] ]
  }
]
[2026-08-21T19:27:54.743Z] error: <httpProxy> Error calling http://localhost:2283/...
[2026-08-21T19:27:54.744Z] error: <httpProxy> [
  500,
  AggregateError: 
      at ignore-listed frames {
    code: 'ECONNREFUSED',
    [errors]: [ [Error], [Error] ]
  }
]
[2026-08-21T19:27:54.745Z] error: <httpProxy> Error calling http://localhost:9000/...
[2026-08-21T19:27:54.745Z] error: <httpProxy> [
  500,
  AggregateError: 
      at ignore-listed frames {
    code: 'ECONNREFUSED',
    [errors]: [ [Error], [Error] ]
  }
]
[2026-08-21T19:27:54.746Z] error: <httpProxy> Error calling http://localhost:5006/...
[2026-08-21T19:27:54.746Z] error: <httpProxy> [
  500,
  AggregateError: 
      at ignore-listed frames {
    code: 'ECONNREFUSED',
    [errors]: [ [Error], [Error] ]
  }
]
[2026-08-21T19:27:54.748Z] error: <httpProxy> Error calling http://localhost:8020/...
[2026-08-21T19:27:54.748Z] error: <httpProxy> [
  500,
  AggregateError: 
      at ignore-listed frames {
    code: 'ECONNREFUSED',
    [errors]: [ [Error], [Error] ]
  }
]
[2026-08-21T19:27:54.749Z] error: <httpProxy> Error calling http://localhost:2283/...
[2026-08-21T19:27:54.749Z] error: <httpProxy> [
  500,
  AggregateError: 
      at ignore-listed frames {
    code: 'ECONNREFUSED',
    [errors]: [ [Error], [Error] ]
  }
]
[2026-08-21T19:27:54.753Z] error: <httpProxy> Error calling http://localhost:9000/...
[2026-08-21T19:27:54.753Z] error: <httpProxy> [
  500,
  AggregateError: 
      at ignore-listed frames {
    code: 'ECONNREFUSED',
    [errors]: [ [Error], [Error] ]
  }
]
[2026-08-21T19:27:54.754Z] error: <httpProxy> Error calling http://localhost:5006/...
[2026-08-21T19:27:54.754Z] error: <httpProxy> [
  500,
  AggregateError: 
      at ignore-listed frames {
    code: 'ECONNREFUSED',
    [errors]: [ [Error], [Error] ]
  }
]
[2026-08-21T19:27:54.758Z] error: <httpProxy> Error calling http://localhost:8015/...
[2026-08-21T19:27:54.759Z] error: <httpProxy> [
  500,
  AggregateError: 
      at ignore-listed frames {
    code: 'ECONNREFUSED',
    [errors]: [ [Error], [Error] ]
  }
]
[2026-08-21T19:27:54.759Z] error: <httpProxy> Error calling http://localhost:8020/...
[2026-08-21T19:27:54.760Z] error: <httpProxy> [
  500,
  AggregateError: 
      at ignore-listed frames {
    code: 'ECONNREFUSED',
    [errors]: [ [Error], [Error] ]
  }
]
[2026-08-21T19:27:54.762Z] error: <httpProxy> Error calling http://localhost:3929/...
[2026-08-21T19:27:54.763Z] error: <httpProxy> [
  500,
  AggregateError: 
      at ignore-listed frames {
    code: 'ECONNREFUSED',
    [errors]: [ [Error], [Error] ]
  }
]
[2026-08-21T19:27:54.766Z] error: <httpProxy> Error calling http://localhost:8015/...
[2026-08-21T19:27:54.766Z] error: <httpProxy> [
  500,
  AggregateError: 
      at ignore-listed frames {
    code: 'ECONNREFUSED',
    [errors]: [ [Error], [Error] ]
  }
]
[2026-08-21T19:27:54.769Z] error: <httpProxy> Error calling http://localhost:3929/...
[2026-08-21T19:27:54.770Z] error: <httpProxy> [
  500,
  AggregateError: 
      at ignore-listed frames {
    code: 'ECONNREFUSED',
    [errors]: [ [Error], [Error] ]
  }
]
[2026-08-21T19:27:54.773Z] error: <httpProxy> Error calling http://localhost:3001/...
[2026-08-21T19:27:54.774Z] error: <httpProxy> [
  500,
  AggregateError: 
      at ignore-listed frames {
    code: 'ECONNREFUSED',
    [errors]: [ [Error], [Error] ]
  }
]
[2026-08-21T19:27:54.775Z] error: <httpProxy> Error calling http://localhost:8082/...
[2026-08-21T19:27:54.776Z] error: <httpProxy> [
  500,
  AggregateError: 
      at ignore-listed frames {
    code: 'ECONNREFUSED',
    [errors]: [ [Error], [Error] ]
  }
]
[2026-08-21T19:27:54.776Z] error: <httpProxy> Error calling http://localhost:8787/...
[2026-08-21T19:27:54.776Z] error: <httpProxy> [
  500,
  AggregateError: 
      at ignore-listed frames {
    code: 'ECONNREFUSED',
    [errors]: [ [Error], [Error] ]
  }
]
[2026-08-21T19:27:54.778Z] error: <httpProxy> Error calling http://localhost:8090/...
[2026-08-21T19:27:54.778Z] error: <httpProxy> [
  500,
  AggregateError: 
      at ignore-listed frames {
    code: 'ECONNREFUSED',
    [errors]: [ [Error], [Error] ]
  }
]
[2026-08-21T19:27:54.778Z] error: <httpProxy> Error calling http://localhost:3001/...
[2026-08-21T19:27:54.779Z] error: <httpProxy> [
  500,
  AggregateError: 
      at ignore-listed frames {
    code: 'ECONNREFUSED',
    [errors]: [ [Error], [Error] ]
  }
]
[2026-08-21T19:27:54.780Z] error: <httpProxy> Error calling http://localhost:8082/...
[2026-08-21T19:27:54.780Z] error: <httpProxy> [
  500,
  AggregateError: 
      at ignore-listed frames {
    code: 'ECONNREFUSED',
    [errors]: [ [Error], [Error] ]
  }
]
[2026-08-21T19:27:54.780Z] error: <httpProxy> Error calling http://localhost:8787/...
[2026-08-21T19:27:54.781Z] error: <httpProxy> [
  500,
  AggregateError: 
      at ignore-listed frames {
    code: 'ECONNREFUSED',
    [errors]: [ [Error], [Error] ]
  }
]
[2026-08-21T19:27:54.787Z] error: <httpProxy> Error calling http://localhost:8081/...
[2026-08-21T19:27:54.788Z] error: <httpProxy> [
  500,
  AggregateError: 
      at ignore-listed frames {
    code: 'ECONNREFUSED',
    [errors]: [ [Error], [Error] ]
  }
]
[2026-08-21T19:27:54.788Z] error: <httpProxy> Error calling http://localhost:8090/...
[2026-08-21T19:27:54.788Z] error: <httpProxy> [
  500,
  AggregateError: 
      at ignore-listed frames {
    code: 'ECONNREFUSED',
    [errors]: [ [Error], [Error] ]
  }
]
[2026-08-21T19:27:54.789Z] error: <httpProxy> Error calling http://localhost:8787/...
[2026-08-21T19:27:54.789Z] error: <httpProxy> [
  500,
  AggregateError: 
      at ignore-listed frames {
    code: 'ECONNREFUSED',
    [errors]: [ [Error], [Error] ]
  }
]
[2026-08-21T19:27:54.791Z] error: <httpProxy> Error calling http://localhost:8081/...
[2026-08-21T19:27:54.792Z] error: <httpProxy> [
  500,
  AggregateError: 
      at ignore-listed frames {
    code: 'ECONNREFUSED',
    [errors]: [ [Error], [Error] ]
  }
]
[2026-08-21T19:27:54.792Z] error: <httpProxy> Error calling http://localhost:8787/...
[2026-08-21T19:27:54.792Z] error: <httpProxy> [
  500,
  AggregateError: 
      at ignore-listed frames {
    code: 'ECONNREFUSED',
    [errors]: [ [Error], [Error] ]
  }
]
[2026-08-21T19:27:54.793Z] error: <httpProxy> Error calling http://localhost:8083/...
[2026-08-21T19:27:54.793Z] error: <httpProxy> [
  500,
  AggregateError: 
      at ignore-listed frames {
    code: 'ECONNREFUSED',
    [errors]: [ [Error], [Error] ]
  }
]
[2026-08-21T19:27:54.794Z] error: <httpProxy> Error calling http://localhost:8083/...
[2026-08-21T19:27:54.794Z] error: <httpProxy> [
  500,
  AggregateError: 
      at ignore-listed frames {
    code: 'ECONNREFUSED',
    [errors]: [ [Error], [Error] ]
  }
]
[2026-08-21T19:27:54.794Z] error: <httpProxy> Error calling http://localhost:8083/...
[2026-08-21T19:27:54.795Z] error: <httpProxy> [
  500,
  AggregateError: 
      at ignore-listed frames {
    code: 'ECONNREFUSED',
    [errors]: [ [Error], [Error] ]
  }
]
[2026-08-21T19:27:54.796Z] error: <httpProxy> Error calling http://localhost:8083/...
[2026-08-21T19:27:54.797Z] error: <httpProxy> [
  500,
  AggregateError: 
      at ignore-listed frames {
    code: 'ECONNREFUSED',
    [errors]: [ [Error], [Error] ]
  }
]
[2026-08-21T19:27:54.797Z] error: <httpProxy> Error calling http://localhost:8083/...
[2026-08-21T19:27:54.798Z] error: <httpProxy> [
  500,
  AggregateError: 
      at ignore-listed frames {
    code: 'ECONNREFUSED',
    [errors]: [ [Error], [Error] ]
  }
]
[2026-08-21T19:27:54.798Z] error: <httpProxy> Error calling http://localhost:8083/...
[2026-08-21T19:27:54.799Z] error: <httpProxy> [
  500,
  AggregateError: 
      at ignore-listed frames {
    code: 'ECONNREFUSED',
    [errors]: [ [Error], [Error] ]
  }
]
[2026-08-21T19:28:16.892Z] error: <httpProxy> Error calling http://localhost:2283/...
[2026-08-21T19:28:16.893Z] error: <httpProxy> [
  500,
  AggregateError: 
      at ignore-listed frames {
    code: 'ECONNREFUSED',
    [errors]: [ [Error], [Error] ]
  }
]
[2026-08-21T19:28:16.894Z] error: <httpProxy> Error calling http://localhost:9000/...
[2026-08-21T19:28:16.894Z] error: <httpProxy> [
  500,
  AggregateError: 
      at ignore-listed frames {
    code: 'ECONNREFUSED',
    [errors]: [ [Error], [Error] ]
  }
]
[2026-08-21T19:28:16.896Z] error: <httpProxy> Error calling http://localhost:8010/...
[2026-08-21T19:28:16.896Z] error: <httpProxy> [
  500,
  AggregateError: 
      at ignore-listed frames {
    code: 'ECONNREFUSED',
    [errors]: [ [Error], [Error] ]
  }
]
[2026-08-21T19:28:16.897Z] error: <httpProxy> Error calling http://localhost:5006/...
[2026-08-21T19:28:16.898Z] error: <httpProxy> [
  500,
  AggregateError: 
      at ignore-listed frames {
    code: 'ECONNREFUSED',
    [errors]: [ [Error], [Error] ]
  }
]
[2026-08-21T19:28:16.898Z] error: <httpProxy> Error calling http://localhost:2283/...
[2026-08-21T19:28:16.898Z] error: <httpProxy> [
  500,
  AggregateError: 
      at ignore-listed frames {
    code: 'ECONNREFUSED',
    [errors]: [ [Error], [Error] ]
  }
]
[2026-08-21T19:28:16.901Z] error: <httpProxy> Error calling http://localhost:8020/...
[2026-08-21T19:28:16.901Z] error: <httpProxy> [
  500,
  AggregateError: 
      at ignore-listed frames {
    code: 'ECONNREFUSED',
    [errors]: [ [Error], [Error] ]
  }
]
[2026-08-21T19:28:16.902Z] error: <httpProxy> Error calling http://localhost:9000/...
[2026-08-21T19:28:16.903Z] error: <httpProxy> [
  500,
  AggregateError: 
      at ignore-listed frames {
    code: 'ECONNREFUSED',
    [errors]: [ [Error], [Error] ]
  }
]
[2026-08-21T19:28:16.905Z] error: <httpProxy> Error calling http://localhost:8015/...
[2026-08-21T19:28:16.905Z] error: <httpProxy> [
  500,
  AggregateError: 
      at ignore-listed frames {
    code: 'ECONNREFUSED',
    [errors]: [ [Error], [Error] ]
  }
]
[2026-08-21T19:28:16.906Z] error: <httpProxy> Error calling http://localhost:8010/...
[2026-08-21T19:28:16.906Z] error: <httpProxy> [
  500,
  AggregateError: 
      at ignore-listed frames {
    code: 'ECONNREFUSED',
    [errors]: [ [Error], [Error] ]
  }
]
[2026-08-21T19:28:16.908Z] error: <httpProxy> Error calling http://localhost:5006/...
[2026-08-21T19:28:16.909Z] error: <httpProxy> [
  500,
  AggregateError: 
      at ignore-listed frames {
    code: 'ECONNREFUSED',
    [errors]: [ [Error], [Error] ]
  }
]
[2026-08-21T19:28:16.912Z] error: <httpProxy> Error calling http://localhost:8020/...
[2026-08-21T19:28:16.912Z] error: <httpProxy> [
  500,
  AggregateError: 
      at ignore-listed frames {
    code: 'ECONNREFUSED',
    [errors]: [ [Error], [Error] ]
  }
]
[2026-08-21T19:28:16.915Z] error: <httpProxy> Error calling http://localhost:8015/...
[2026-08-21T19:28:16.915Z] error: <httpProxy> [
  500,
  AggregateError: 
      at ignore-listed frames {
    code: 'ECONNREFUSED',
    [errors]: [ [Error], [Error] ]
  }
]
[2026-08-21T19:28:16.920Z] error: <httpProxy> Error calling http://localhost:3929/...
[2026-08-21T19:28:16.920Z] error: <httpProxy> [
  500,
  AggregateError: 
      at ignore-listed frames {
    code: 'ECONNREFUSED',
    [errors]: [ [Error], [Error] ]
  }
]
[2026-08-21T19:28:16.921Z] error: <httpProxy> Error calling http://localhost:3001/...
[2026-08-21T19:28:16.922Z] error: <httpProxy> [
  500,
  AggregateError: 
      at ignore-listed frames {
    code: 'ECONNREFUSED',
    [errors]: [ [Error], [Error] ]
  }
]
[2026-08-21T19:28:16.923Z] error: <httpProxy> Error calling http://localhost:8082/...
[2026-08-21T19:28:16.923Z] error: <httpProxy> [
  500,
  AggregateError: 
      at ignore-listed frames {
    code: 'ECONNREFUSED',
    [errors]: [ [Error], [Error] ]
  }
]
[2026-08-21T19:28:16.924Z] error: <httpProxy> Error calling http://localhost:8787/...
[2026-08-21T19:28:16.924Z] error: <httpProxy> [
  500,
  AggregateError: 
      at ignore-listed frames {
    code: 'ECONNREFUSED',
    [errors]: [ [Error], [Error] ]
  }
]
[2026-08-21T19:28:16.925Z] error: <httpProxy> Error calling http://localhost:3929/...
[2026-08-21T19:28:16.925Z] error: <httpProxy> [
  500,
  AggregateError: 
      at ignore-listed frames {
    code: 'ECONNREFUSED',
    [errors]: [ [Error], [Error] ]
  }
]
[2026-08-21T19:28:16.926Z] error: <httpProxy> Error calling http://localhost:8090/...
[2026-08-21T19:28:16.926Z] error: <httpProxy> [
  500,
  AggregateError: 
      at ignore-listed frames {
    code: 'ECONNREFUSED',
    [errors]: [ [Error], [Error] ]
  }
]
[2026-08-21T19:28:16.926Z] error: <httpProxy> Error calling http://localhost:3001/...
[2026-08-21T19:28:16.927Z] error: <httpProxy> [
  500,
  AggregateError: 
      at ignore-listed frames {
    code: 'ECONNREFUSED',
    [errors]: [ [Error], [Error] ]
  }
]
[2026-08-21T19:28:16.932Z] error: <httpProxy> Error calling http://localhost:8081/...
[2026-08-21T19:28:16.932Z] error: <httpProxy> [
  500,
  AggregateError: 
      at ignore-listed frames {
    code: 'ECONNREFUSED',
    [errors]: [ [Error], [Error] ]
  }
]
[2026-08-21T19:28:16.932Z] error: <httpProxy> Error calling http://localhost:8082/...
[2026-08-21T19:28:16.933Z] error: <httpProxy> [
  500,
  AggregateError: 
      at ignore-listed frames {
    code: 'ECONNREFUSED',
    [errors]: [ [Error], [Error] ]
  }
]
[2026-08-21T19:28:16.935Z] error: <httpProxy> Error calling http://localhost:8787/...
[2026-08-21T19:28:16.935Z] error: <httpProxy> [
  500,
  AggregateError: 
      at ignore-listed frames {
    code: 'ECONNREFUSED',
    [errors]: [ [Error], [Error] ]
  }
]
[2026-08-21T19:28:16.936Z] error: <httpProxy> Error calling http://localhost:8090/...
[2026-08-21T19:28:16.936Z] error: <httpProxy> [
  500,
  AggregateError: 
      at ignore-listed frames {
    code: 'ECONNREFUSED',
    [errors]: [ [Error], [Error] ]
  }
]
[2026-08-21T19:28:16.938Z] error: <httpProxy> Error calling http://localhost:8081/...
[2026-08-21T19:28:16.939Z] error: <httpProxy> [
  500,
  AggregateError: 
      at ignore-listed frames {
    code: 'ECONNREFUSED',
    [errors]: [ [Error], [Error] ]
  }
]
[2026-08-21T19:28:16.942Z] error: <httpProxy> Error calling http://localhost:8787/...
[2026-08-21T19:28:16.943Z] error: <httpProxy> [
  500,
  AggregateError: 
      at ignore-listed frames {
    code: 'ECONNREFUSED',
    [errors]: [ [Error], [Error] ]
  }
]
[2026-08-21T19:28:16.943Z] error: <httpProxy> Error calling http://localhost:8083/...
[2026-08-21T19:28:16.944Z] error: <httpProxy> [
  500,
  AggregateError: 
      at ignore-listed frames {
    code: 'ECONNREFUSED',
    [errors]: [ [Error], [Error] ]
  }
]
[2026-08-21T19:28:16.944Z] error: <httpProxy> Error calling http://localhost:8083/...
[2026-08-21T19:28:16.944Z] error: <httpProxy> [
  500,
  AggregateError: 
      at ignore-listed frames {
    code: 'ECONNREFUSED',
    [errors]: [ [Error], [Error] ]
  }
]
[2026-08-21T19:28:16.945Z] error: <httpProxy> Error calling http://localhost:8083/...
[2026-08-21T19:28:16.946Z] error: <httpProxy> [
  500,
  AggregateError: 
      at ignore-listed frames {
    code: 'ECONNREFUSED',
    [errors]: [ [Error], [Error] ]
  }
]
[2026-08-21T19:28:16.946Z] error: <httpProxy> Error calling http://localhost:8787/...
[2026-08-21T19:28:16.946Z] error: <httpProxy> [
  500,
  AggregateError: 
      at ignore-listed frames {
    code: 'ECONNREFUSED',
    [errors]: [ [Error], [Error] ]
  }
]
[2026-08-21T19:28:16.947Z] error: <httpProxy> Error calling http://localhost:8083/...
[2026-08-21T19:28:16.947Z] error: <httpProxy> [
  500,
  AggregateError: 
      at ignore-listed frames {
    code: 'ECONNREFUSED',
    [errors]: [ [Error], [Error] ]
  }
]
[2026-08-21T19:28:16.947Z] error: <httpProxy> Error calling http://localhost:8083/...
[2026-08-21T19:28:16.948Z] error: <httpProxy> [
  500,
  AggregateError: 
      at ignore-listed frames {
    code: 'ECONNREFUSED',
    [errors]: [ [Error], [Error] ]
  }
]
[2026-08-21T19:28:16.948Z] error: <httpProxy> Error calling http://localhost:8083/...
[2026-08-21T19:28:16.949Z] error: <httpProxy> [
  500,
  AggregateError: 
      at ignore-listed frames {
    code: 'ECONNREFUSED',
    [errors]: [ [Error], [Error] ]
  }
]
[2026-08-21T19:28:46.919Z] error: <httpProxy> Error calling http://localhost:2283/...
[2026-08-21T19:28:46.920Z] error: <httpProxy> [
  500,
  AggregateError: 
      at ignore-listed frames {
    code: 'ECONNREFUSED',
    [errors]: [ [Error], [Error] ]
  }
]
[2026-08-21T19:28:46.926Z] error: <httpProxy> Error calling http://localhost:9000/...
[2026-08-21T19:28:46.927Z] error: <httpProxy> [
  500,
  AggregateError: 
      at ignore-listed frames {
    code: 'ECONNREFUSED',
    [errors]: [ [Error], [Error] ]
  }
]
[2026-08-21T19:28:46.927Z] error: <httpProxy> Error calling http://localhost:2283/...
[2026-08-21T19:28:46.928Z] error: <httpProxy> [
  500,
  AggregateError: 
      at ignore-listed frames {
    code: 'ECONNREFUSED',
    [errors]: [ [Error], [Error] ]
  }
]
[2026-08-21T19:28:46.929Z] error: <httpProxy> Error calling http://localhost:8010/...
[2026-08-21T19:28:46.929Z] error: <httpProxy> [
  500,
  AggregateError: 
      at ignore-listed frames {
    code: 'ECONNREFUSED',
    [errors]: [ [Error], [Error] ]
  }
]
[2026-08-21T19:28:46.933Z] error: <httpProxy> Error calling http://localhost:5006/...
[2026-08-21T19:28:46.934Z] error: <httpProxy> [
  500,
  AggregateError: 
      at ignore-listed frames {
    code: 'ECONNREFUSED',
    [errors]: [ [Error], [Error] ]
  }
]
[2026-08-21T19:28:46.934Z] error: <httpProxy> Error calling http://localhost:9000/...
[2026-08-21T19:28:46.934Z] error: <httpProxy> [
  500,
  AggregateError: 
      at ignore-listed frames {
    code: 'ECONNREFUSED',
    [errors]: [ [Error], [Error] ]
  }
]
[2026-08-21T19:28:46.935Z] error: <httpProxy> Error calling http://localhost:8010/...
[2026-08-21T19:28:46.935Z] error: <httpProxy> [
  500,
  AggregateError: 
      at ignore-listed frames {
    code: 'ECONNREFUSED',
    [errors]: [ [Error], [Error] ]
  }
]
[2026-08-21T19:28:46.938Z] error: <httpProxy> Error calling http://localhost:8020/...
[2026-08-21T19:28:46.939Z] error: <httpProxy> [
  500,
  AggregateError: 
      at ignore-listed frames {
    code: 'ECONNREFUSED',
    [errors]: [ [Error], [Error] ]
  }
]
[2026-08-21T19:28:46.944Z] error: <httpProxy> Error calling http://localhost:8015/...
[2026-08-21T19:28:46.944Z] error: <httpProxy> [
  500,
  AggregateError: 
      at ignore-listed frames {
    code: 'ECONNREFUSED',
    [errors]: [ [Error], [Error] ]
  }
]
[2026-08-21T19:28:46.945Z] error: <httpProxy> Error calling http://localhost:5006/...
[2026-08-21T19:28:46.945Z] error: <httpProxy> [
  500,
  AggregateError: 
      at ignore-listed frames {
    code: 'ECONNREFUSED',
    [errors]: [ [Error], [Error] ]
  }
]
[2026-08-21T19:28:46.949Z] error: <httpProxy> Error calling http://localhost:8020/...
[2026-08-21T19:28:46.950Z] error: <httpProxy> [
  500,
  AggregateError: 
      at ignore-listed frames {
    code: 'ECONNREFUSED',
    [errors]: [ [Error], [Error] ]
  }
]
[2026-08-21T19:28:46.953Z] error: <httpProxy> Error calling http://localhost:3929/...
[2026-08-21T19:28:46.954Z] error: <httpProxy> [
  500,
  AggregateError: 
      at ignore-listed frames {
    code: 'ECONNREFUSED',
    [errors]: [ [Error], [Error] ]
  }
]
[2026-08-21T19:28:46.954Z] error: <httpProxy> Error calling http://localhost:8015/...
[2026-08-21T19:28:46.955Z] error: <httpProxy> [
  500,
  AggregateError: 
      at ignore-listed frames {
    code: 'ECONNREFUSED',
    [errors]: [ [Error], [Error] ]
  }
]
[2026-08-21T19:28:46.962Z] error: <httpProxy> Error calling http://localhost:3001/...
[2026-08-21T19:28:46.963Z] error: <httpProxy> [
  500,
  AggregateError: 
      at ignore-listed frames {
    code: 'ECONNREFUSED',
    [errors]: [ [Error], [Error] ]
  }
]
[2026-08-21T19:28:46.963Z] error: <httpProxy> Error calling http://localhost:3929/...
[2026-08-21T19:28:46.964Z] error: <httpProxy> [
  500,
  AggregateError: 
      at ignore-listed frames {
    code: 'ECONNREFUSED',
    [errors]: [ [Error], [Error] ]
  }
]
[2026-08-21T19:28:46.965Z] error: <httpProxy> Error calling http://localhost:8082/...
[2026-08-21T19:28:46.965Z] error: <httpProxy> [
  500,
  AggregateError: 
      at ignore-listed frames {
    code: 'ECONNREFUSED',
    [errors]: [ [Error], [Error] ]
  }
]
[2026-08-21T19:28:46.969Z] error: <httpProxy> Error calling http://localhost:8787/...
[2026-08-21T19:28:46.969Z] error: <httpProxy> [
  500,
  AggregateError: 
      at ignore-listed frames {
    code: 'ECONNREFUSED',
    [errors]: [ [Error], [Error] ]
  }
]
[2026-08-21T19:28:46.970Z] error: <httpProxy> Error calling http://localhost:3001/...
[2026-08-21T19:28:46.970Z] error: <httpProxy> [
  500,
  AggregateError: 
      at ignore-listed frames {
    code: 'ECONNREFUSED',
    [errors]: [ [Error], [Error] ]
  }
]
[2026-08-21T19:28:46.971Z] error: <httpProxy> Error calling http://localhost:8090/...
[2026-08-21T19:28:46.971Z] error: <httpProxy> [
  500,
  AggregateError: 
      at ignore-listed frames {
    code: 'ECONNREFUSED',
    [errors]: [ [Error], [Error] ]
  }
]
[2026-08-21T19:28:46.972Z] error: <httpProxy> Error calling http://localhost:8082/...
[2026-08-21T19:28:46.972Z] error: <httpProxy> [
  500,
  AggregateError: 
      at ignore-listed frames {
    code: 'ECONNREFUSED',
    [errors]: [ [Error], [Error] ]
  }
]
[2026-08-21T19:28:46.975Z] error: <httpProxy> Error calling http://localhost:8081/...
[2026-08-21T19:28:46.976Z] error: <httpProxy> [
  500,
  AggregateError: 
      at ignore-listed frames {
    code: 'ECONNREFUSED',
    [errors]: [ [Error], [Error] ]
  }
]
[2026-08-21T19:28:46.976Z] error: <httpProxy> Error calling http://localhost:8787/...
[2026-08-21T19:28:46.976Z] error: <httpProxy> [
  500,
  AggregateError: 
      at ignore-listed frames {
    code: 'ECONNREFUSED',
    [errors]: [ [Error], [Error] ]
  }
]
[2026-08-21T19:28:46.982Z] error: <httpProxy> Error calling http://localhost:8090/...
[2026-08-21T19:28:46.983Z] error: <httpProxy> [
  500,
  AggregateError: 
      at ignore-listed frames {
    code: 'ECONNREFUSED',
    [errors]: [ [Error], [Error] ]
  }
]
[2026-08-21T19:28:46.983Z] error: <httpProxy> Error calling http://localhost:8081/...
[2026-08-21T19:28:46.984Z] error: <httpProxy> [
  500,
  AggregateError: 
      at ignore-listed frames {
    code: 'ECONNREFUSED',
    [errors]: [ [Error], [Error] ]
  }
]
[2026-08-21T19:28:46.985Z] error: <httpProxy> Error calling http://localhost:8787/...
[2026-08-21T19:28:46.985Z] error: <httpProxy> [
  500,
  AggregateError: 
      at ignore-listed frames {
    code: 'ECONNREFUSED',
    [errors]: [ [Error], [Error] ]
  }
]
[2026-08-21T19:28:46.989Z] error: <httpProxy> Error calling http://localhost:8083/...
[2026-08-21T19:28:46.990Z] error: <httpProxy> [
  500,
  AggregateError: 
      at ignore-listed frames {
    code: 'ECONNREFUSED',
    [errors]: [ [Error], [Error] ]
  }
]
[2026-08-21T19:28:46.990Z] error: <httpProxy> Error calling http://localhost:8787/...
[2026-08-21T19:28:46.990Z] error: <httpProxy> [
  500,
  AggregateError: 
      at ignore-listed frames {
    code: 'ECONNREFUSED',
    [errors]: [ [Error], [Error] ]
  }
]
[2026-08-21T19:28:46.991Z] error: <httpProxy> Error calling http://localhost:8083/...
[2026-08-21T19:28:46.991Z] error: <httpProxy> [
  500,
  AggregateError: 
      at ignore-listed frames {
    code: 'ECONNREFUSED',
    [errors]: [ [Error], [Error] ]
  }
]
[2026-08-21T19:28:46.992Z] error: <httpProxy> Error calling http://localhost:8083/...
[2026-08-21T19:28:46.993Z] error: <httpProxy> [
  500,
  AggregateError: 
      at ignore-listed frames {
    code: 'ECONNREFUSED',
    [errors]: [ [Error], [Error] ]
  }
]
[2026-08-21T19:28:46.994Z] error: <httpProxy> Error calling http://localhost:8083/...
[2026-08-21T19:28:46.995Z] error: <httpProxy> [
  500,
  AggregateError: 
      at ignore-listed frames {
    code: 'ECONNREFUSED',
    [errors]: [ [Error], [Error] ]
  }
]
[2026-08-21T19:28:46.995Z] error: <httpProxy> Error calling http://localhost:8083/...
[2026-08-21T19:28:46.995Z] error: <httpProxy> [
  500,
  AggregateError: 
      at ignore-listed frames {
    code: 'ECONNREFUSED',
    [errors]: [ [Error], [Error] ]
  }
]
[2026-08-21T19:28:46.996Z] error: <httpProxy> Error calling http://localhost:8083/...
[2026-08-21T19:28:46.997Z] error: <httpProxy> [
  500,
  AggregateError: 
      at ignore-listed frames {
    code: 'ECONNREFUSED',
    [errors]: [ [Error], [Error] ]
  }
]
[2026-08-21T19:29:17.204Z] error: <httpProxy> Error calling http://localhost:2283/...
[2026-08-21T19:29:17.204Z] error: <httpProxy> [
  500,
  AggregateError: 
      at ignore-listed frames {
    code: 'ECONNREFUSED',
    [errors]: [ [Error], [Error] ]
  }
]
[2026-08-21T19:29:17.205Z] error: <httpProxy> Error calling http://localhost:8010/...
[2026-08-21T19:29:17.205Z] error: <httpProxy> [
  500,
  AggregateError: 
      at ignore-listed frames {
    code: 'ECONNREFUSED',
    [errors]: [ [Error], [Error] ]
  }
]
[2026-08-21T19:29:17.207Z] error: <httpProxy> Error calling http://localhost:9000/...
[2026-08-21T19:29:17.207Z] error: <httpProxy> [
  500,
  AggregateError: 
      at ignore-listed frames {
    code: 'ECONNREFUSED',
    [errors]: [ [Error], [Error] ]
  }
]
[2026-08-21T19:29:17.207Z] error: <httpProxy> Error calling http://localhost:5006/...
[2026-08-21T19:29:17.208Z] error: <httpProxy> [
  500,
  AggregateError: 
      at ignore-listed frames {
    code: 'ECONNREFUSED',
    [errors]: [ [Error], [Error] ]
  }
]
[2026-08-21T19:29:17.208Z] error: <httpProxy> Error calling http://localhost:2283/...
[2026-08-21T19:29:17.208Z] error: <httpProxy> [
  500,
  AggregateError: 
      at ignore-listed frames {
    code: 'ECONNREFUSED',
    [errors]: [ [Error], [Error] ]
  }
]
[2026-08-21T19:29:17.209Z] error: <httpProxy> Error calling http://localhost:8020/...
[2026-08-21T19:29:17.209Z] error: <httpProxy> [
  500,
  AggregateError: 
      at ignore-listed frames {
    code: 'ECONNREFUSED',
    [errors]: [ [Error], [Error] ]
  }
]
[2026-08-21T19:29:17.210Z] error: <httpProxy> Error calling http://localhost:8010/...
[2026-08-21T19:29:17.210Z] error: <httpProxy> [
  500,
  AggregateError: 
      at ignore-listed frames {
    code: 'ECONNREFUSED',
    [errors]: [ [Error], [Error] ]
  }
]
[2026-08-21T19:29:17.214Z] error: <httpProxy> Error calling http://localhost:8015/...
[2026-08-21T19:29:17.214Z] error: <httpProxy> [
  500,
  AggregateError: 
      at ignore-listed frames {
    code: 'ECONNREFUSED',
    [errors]: [ [Error], [Error] ]
  }
]
[2026-08-21T19:29:17.215Z] error: <httpProxy> Error calling http://localhost:9000/...
[2026-08-21T19:29:17.215Z] error: <httpProxy> [
  500,
  AggregateError: 
      at ignore-listed frames {
    code: 'ECONNREFUSED',
    [errors]: [ [Error], [Error] ]
  }
]
[2026-08-21T19:29:17.218Z] error: <httpProxy> Error calling http://localhost:5006/...
[2026-08-21T19:29:17.218Z] error: <httpProxy> [
  500,
  AggregateError: 
      at ignore-listed frames {
    code: 'ECONNREFUSED',
    [errors]: [ [Error], [Error] ]
  }
]
[2026-08-21T19:29:17.221Z] error: <httpProxy> Error calling http://localhost:8020/...
[2026-08-21T19:29:17.221Z] error: <httpProxy> [
  500,
  AggregateError: 
      at ignore-listed frames {
    code: 'ECONNREFUSED',
    [errors]: [ [Error], [Error] ]
  }
]
[2026-08-21T19:29:17.223Z] error: <httpProxy> Error calling http://localhost:8015/...
[2026-08-21T19:29:17.224Z] error: <httpProxy> [
  500,
  AggregateError: 
      at ignore-listed frames {
    code: 'ECONNREFUSED',
    [errors]: [ [Error], [Error] ]
  }
]
[2026-08-21T19:29:17.228Z] error: <httpProxy> Error calling http://localhost:3929/...
[2026-08-21T19:29:17.229Z] error: <httpProxy> [
  500,
  AggregateError: 
      at ignore-listed frames {
    code: 'ECONNREFUSED',
    [errors]: [ [Error], [Error] ]
  }
]
[2026-08-21T19:29:17.229Z] error: <httpProxy> Error calling http://localhost:3001/...
[2026-08-21T19:29:17.229Z] error: <httpProxy> [
  500,
  AggregateError: 
      at ignore-listed frames {
    code: 'ECONNREFUSED',
    [errors]: [ [Error], [Error] ]
  }
]
[2026-08-21T19:29:17.230Z] error: <httpProxy> Error calling http://localhost:8082/...
[2026-08-21T19:29:17.231Z] error: <httpProxy> [
  500,
  AggregateError: 
      at ignore-listed frames {
    code: 'ECONNREFUSED',
    [errors]: [ [Error], [Error] ]
  }
]
[2026-08-21T19:29:17.231Z] error: <httpProxy> Error calling http://localhost:8787/...
[2026-08-21T19:29:17.232Z] error: <httpProxy> [
  500,
  AggregateError: 
      at ignore-listed frames {
    code: 'ECONNREFUSED',
    [errors]: [ [Error], [Error] ]
  }
]
[2026-08-21T19:29:17.232Z] error: <httpProxy> Error calling http://localhost:8090/...
[2026-08-21T19:29:17.233Z] error: <httpProxy> [
  500,
  AggregateError: 
      at ignore-listed frames {
    code: 'ECONNREFUSED',
    [errors]: [ [Error], [Error] ]
  }
]
[2026-08-21T19:29:17.233Z] error: <httpProxy> Error calling http://localhost:3929/...
[2026-08-21T19:29:17.233Z] error: <httpProxy> [
  500,
  AggregateError: 
      at ignore-listed frames {
    code: 'ECONNREFUSED',
    [errors]: [ [Error], [Error] ]
  }
]
[2026-08-21T19:29:17.234Z] error: <httpProxy> Error calling http://localhost:3001/...
[2026-08-21T19:29:17.234Z] error: <httpProxy> [
  500,
  AggregateError: 
      at ignore-listed frames {
    code: 'ECONNREFUSED',
    [errors]: [ [Error], [Error] ]
  }
]
[2026-08-21T19:29:17.238Z] error: <httpProxy> Error calling http://localhost:8081/...
[2026-08-21T19:29:17.238Z] error: <httpProxy> [
  500,
  AggregateError: 
      at ignore-listed frames {
    code: 'ECONNREFUSED',
    [errors]: [ [Error], [Error] ]
  }
]
[2026-08-21T19:29:17.239Z] error: <httpProxy> Error calling http://localhost:8082/...
[2026-08-21T19:29:17.239Z] error: <httpProxy> [
  500,
  AggregateError: 
      at ignore-listed frames {
    code: 'ECONNREFUSED',
    [errors]: [ [Error], [Error] ]
  }
]
[2026-08-21T19:29:17.241Z] error: <httpProxy> Error calling http://localhost:8787/...
[2026-08-21T19:29:17.242Z] error: <httpProxy> [
  500,
  AggregateError: 
      at ignore-listed frames {
    code: 'ECONNREFUSED',
    [errors]: [ [Error], [Error] ]
  }
]
[2026-08-21T19:29:17.245Z] error: <httpProxy> Error calling http://localhost:8090/...
[2026-08-21T19:29:17.245Z] error: <httpProxy> [
  500,
  AggregateError: 
      at ignore-listed frames {
    code: 'ECONNREFUSED',
    [errors]: [ [Error], [Error] ]
  }
]
[2026-08-21T19:29:17.246Z] error: <httpProxy> Error calling http://localhost:8081/...
[2026-08-21T19:29:17.247Z] error: <httpProxy> [
  500,
  AggregateError: 
      at ignore-listed frames {
    code: 'ECONNREFUSED',
    [errors]: [ [Error], [Error] ]
  }
]
[2026-08-21T19:29:17.249Z] error: <httpProxy> Error calling http://localhost:8787/...
[2026-08-21T19:29:17.250Z] error: <httpProxy> [
  500,
  AggregateError: 
      at ignore-listed frames {
    code: 'ECONNREFUSED',
    [errors]: [ [Error], [Error] ]
  }
]
[2026-08-21T19:29:17.250Z] error: <httpProxy> Error calling http://localhost:8083/...
[2026-08-21T19:29:17.250Z] error: <httpProxy> [
  500,
  AggregateError: 
      at ignore-listed frames {
    code: 'ECONNREFUSED',
    [errors]: [ [Error], [Error] ]
  }
]
[2026-08-21T19:29:17.251Z] error: <httpProxy> Error calling http://localhost:8083/...
[2026-08-21T19:29:17.251Z] error: <httpProxy> [
  500,
  AggregateError: 
      at ignore-listed frames {
    code: 'ECONNREFUSED',
    [errors]: [ [Error], [Error] ]
  }
]
[2026-08-21T19:29:17.252Z] error: <httpProxy> Error calling http://localhost:8083/...
[2026-08-21T19:29:17.253Z] error: <httpProxy> [
  500,
  AggregateError: 
      at ignore-listed frames {
    code: 'ECONNREFUSED',
    [errors]: [ [Error], [Error] ]
  }
]
[2026-08-21T19:29:17.253Z] error: <httpProxy> Error calling http://localhost:8787/...
[2026-08-21T19:29:17.253Z] error: <httpProxy> [
  500,
  AggregateError: 
      at ignore-listed frames {
    code: 'ECONNREFUSED',
    [errors]: [ [Error], [Error] ]
  }
]
[2026-08-21T19:29:17.254Z] error: <httpProxy> Error calling http://localhost:8083/...
[2026-08-21T19:29:17.254Z] error: <httpProxy> [
  500,
  AggregateError: 
      at ignore-listed frames {
    code: 'ECONNREFUSED',
    [errors]: [ [Error], [Error] ]
  }
]
[2026-08-21T19:29:17.255Z] error: <httpProxy> Error calling http://localhost:8083/...
[2026-08-21T19:29:17.255Z] error: <httpProxy> [
  500,
  AggregateError: 
      at ignore-listed frames {
    code: 'ECONNREFUSED',
    [errors]: [ [Error], [Error] ]
  }
]
[2026-08-21T19:29:17.255Z] error: <httpProxy> Error calling http://localhost:8083/...
[2026-08-21T19:29:17.256Z] error: <httpProxy> [
  500,
  AggregateError: 
      at ignore-listed frames {
    code: 'ECONNREFUSED',
    [errors]: [ [Error], [Error] ]
  }
]
[2026-08-21T19:29:47.594Z] error: <httpProxy> Error calling http://localhost:2283/...
[2026-08-21T19:29:47.594Z] error: <httpProxy> [
  500,
  AggregateError: 
      at ignore-listed frames {
    code: 'ECONNREFUSED',
    [errors]: [ [Error], [Error] ]
  }
]
[2026-08-21T19:29:47.595Z] error: <httpProxy> Error calling http://localhost:5006/...
[2026-08-21T19:29:47.596Z] error: <httpProxy> [
  500,
  AggregateError: 
      at ignore-listed frames {
    code: 'ECONNREFUSED',
    [errors]: [ [Error], [Error] ]
  }
]
[2026-08-21T19:29:47.597Z] error: <httpProxy> Error calling http://localhost:9000/...
[2026-08-21T19:29:47.597Z] error: <httpProxy> [
  500,
  AggregateError: 
      at ignore-listed frames {
    code: 'ECONNREFUSED',
    [errors]: [ [Error], [Error] ]
  }
]
[2026-08-21T19:29:47.597Z] error: <httpProxy> Error calling http://localhost:8010/...
[2026-08-21T19:29:47.598Z] error: <httpProxy> [
  500,
  AggregateError: 
      at ignore-listed frames {
    code: 'ECONNREFUSED',
    [errors]: [ [Error], [Error] ]
  }
]
[2026-08-21T19:29:47.598Z] error: <httpProxy> Error calling http://localhost:2283/...
[2026-08-21T19:29:47.598Z] error: <httpProxy> [
  500,
  AggregateError: 
      at ignore-listed frames {
    code: 'ECONNREFUSED',
    [errors]: [ [Error], [Error] ]
  }
]
[2026-08-21T19:29:47.600Z] error: <httpProxy> Error calling http://localhost:8020/...
[2026-08-21T19:29:47.600Z] error: <httpProxy> [
  500,
  AggregateError: 
      at ignore-listed frames {
    code: 'ECONNREFUSED',
    [errors]: [ [Error], [Error] ]
  }
]
[2026-08-21T19:29:47.601Z] error: <httpProxy> Error calling http://localhost:5006/...
[2026-08-21T19:29:47.601Z] error: <httpProxy> [
  500,
  AggregateError: 
      at ignore-listed frames {
    code: 'ECONNREFUSED',
    [errors]: [ [Error], [Error] ]
  }
]
[2026-08-21T19:29:47.603Z] error: <httpProxy> Error calling http://localhost:8015/...
[2026-08-21T19:29:47.603Z] error: <httpProxy> [
  500,
  AggregateError: 
      at ignore-listed frames {
    code: 'ECONNREFUSED',
    [errors]: [ [Error], [Error] ]
  }
]
[2026-08-21T19:29:47.604Z] error: <httpProxy> Error calling http://localhost:9000/...
[2026-08-21T19:29:47.604Z] error: <httpProxy> [
  500,
  AggregateError: 
      at ignore-listed frames {
    code: 'ECONNREFUSED',
    [errors]: [ [Error], [Error] ]
  }
]
[2026-08-21T19:29:47.606Z] error: <httpProxy> Error calling http://localhost:8010/...
[2026-08-21T19:29:47.606Z] error: <httpProxy> [
  500,
  AggregateError: 
      at ignore-listed frames {
    code: 'ECONNREFUSED',
    [errors]: [ [Error], [Error] ]
  }
]
[2026-08-21T19:29:47.608Z] error: <httpProxy> Error calling http://localhost:8020/...
[2026-08-21T19:29:47.609Z] error: <httpProxy> [
  500,
  AggregateError: 
      at ignore-listed frames {
    code: 'ECONNREFUSED',
    [errors]: [ [Error], [Error] ]
  }
]
[2026-08-21T19:29:47.612Z] error: <httpProxy> Error calling http://localhost:8015/...
[2026-08-21T19:29:47.613Z] error: <httpProxy> [
  500,
  AggregateError: 
      at ignore-listed frames {
    code: 'ECONNREFUSED',
    [errors]: [ [Error], [Error] ]
  }
]
[2026-08-21T19:29:47.617Z] error: <httpProxy> Error calling http://localhost:3929/...
[2026-08-21T19:29:47.617Z] error: <httpProxy> [
  500,
  AggregateError: 
      at ignore-listed frames {
    code: 'ECONNREFUSED',
    [errors]: [ [Error], [Error] ]
  }
]
[2026-08-21T19:29:47.618Z] error: <httpProxy> Error calling http://localhost:3001/...
[2026-08-21T19:29:47.618Z] error: <httpProxy> [
  500,
  AggregateError: 
      at ignore-listed frames {
    code: 'ECONNREFUSED',
    [errors]: [ [Error], [Error] ]
  }
]
[2026-08-21T19:29:47.619Z] error: <httpProxy> Error calling http://localhost:8082/...
[2026-08-21T19:29:47.620Z] error: <httpProxy> [
  500,
  AggregateError: 
      at ignore-listed frames {
    code: 'ECONNREFUSED',
    [errors]: [ [Error], [Error] ]
  }
]
[2026-08-21T19:29:47.620Z] error: <httpProxy> Error calling http://localhost:8787/...
[2026-08-21T19:29:47.621Z] error: <httpProxy> [
  500,
  AggregateError: 
      at ignore-listed frames {
    code: 'ECONNREFUSED',
    [errors]: [ [Error], [Error] ]
  }
]
[2026-08-21T19:29:47.621Z] error: <httpProxy> Error calling http://localhost:3929/...
[2026-08-21T19:29:47.622Z] error: <httpProxy> [
  500,
  AggregateError: 
      at ignore-listed frames {
    code: 'ECONNREFUSED',
    [errors]: [ [Error], [Error] ]
  }
]
[2026-08-21T19:29:47.623Z] error: <httpProxy> Error calling http://localhost:8090/...
[2026-08-21T19:29:47.623Z] error: <httpProxy> [
  500,
  AggregateError: 
      at ignore-listed frames {
    code: 'ECONNREFUSED',
    [errors]: [ [Error], [Error] ]
  }
]
[2026-08-21T19:29:47.624Z] error: <httpProxy> Error calling http://localhost:3001/...
[2026-08-21T19:29:47.624Z] error: <httpProxy> [
  500,
  AggregateError: 
      at ignore-listed frames {
    code: 'ECONNREFUSED',
    [errors]: [ [Error], [Error] ]
  }
]
[2026-08-21T19:29:47.627Z] error: <httpProxy> Error calling http://localhost:8081/...
[2026-08-21T19:29:47.628Z] error: <httpProxy> [
  500,
  AggregateError: 
      at ignore-listed frames {
    code: 'ECONNREFUSED',
    [errors]: [ [Error], [Error] ]
  }
]
[2026-08-21T19:29:47.628Z] error: <httpProxy> Error calling http://localhost:8082/...
[2026-08-21T19:29:47.629Z] error: <httpProxy> [
  500,
  AggregateError: 
      at ignore-listed frames {
    code: 'ECONNREFUSED',
    [errors]: [ [Error], [Error] ]
  }
]
[2026-08-21T19:29:47.631Z] error: <httpProxy> Error calling http://localhost:8787/...
[2026-08-21T19:29:47.632Z] error: <httpProxy> [
  500,
  AggregateError: 
      at ignore-listed frames {
    code: 'ECONNREFUSED',
    [errors]: [ [Error], [Error] ]
  }
]
[2026-08-21T19:29:47.636Z] error: <httpProxy> Error calling http://localhost:8090/...
[2026-08-21T19:29:47.636Z] error: <httpProxy> [
  500,
  AggregateError: 
      at ignore-listed frames {
    code: 'ECONNREFUSED',
    [errors]: [ [Error], [Error] ]
  }
]
[2026-08-21T19:29:47.639Z] error: <httpProxy> Error calling http://localhost:8081/...
[2026-08-21T19:29:47.640Z] error: <httpProxy> [
  500,
  AggregateError: 
      at ignore-listed frames {
    code: 'ECONNREFUSED',
    [errors]: [ [Error], [Error] ]
  }
]
[2026-08-21T19:29:47.642Z] error: <httpProxy> Error calling http://localhost:8787/...
[2026-08-21T19:29:47.643Z] error: <httpProxy> [
  500,
  AggregateError: 
      at ignore-listed frames {
    code: 'ECONNREFUSED',
    [errors]: [ [Error], [Error] ]
  }
]
[2026-08-21T19:29:47.643Z] error: <httpProxy> Error calling http://localhost:8083/...
[2026-08-21T19:29:47.644Z] error: <httpProxy> [
  500,
  AggregateError: 
      at ignore-listed frames {
    code: 'ECONNREFUSED',
    [errors]: [ [Error], [Error] ]
  }
]
[2026-08-21T19:29:47.644Z] error: <httpProxy> Error calling http://localhost:8083/...
[2026-08-21T19:29:47.645Z] error: <httpProxy> [
  500,
  AggregateError: 
      at ignore-listed frames {
    code: 'ECONNREFUSED',
    [errors]: [ [Error], [Error] ]
  }
]
[2026-08-21T19:29:47.645Z] error: <httpProxy> Error calling http://localhost:8083/...
[2026-08-21T19:29:47.645Z] error: <httpProxy> [
  500,
  AggregateError: 
      at ignore-listed frames {
    code: 'ECONNREFUSED',
    [errors]: [ [Error], [Error] ]
  }
]
[2026-08-21T19:29:47.646Z] error: <httpProxy> Error calling http://localhost:8787/...
[2026-08-21T19:29:47.646Z] error: <httpProxy> [
  500,
  AggregateError: 
      at ignore-listed frames {
    code: 'ECONNREFUSED',
    [errors]: [ [Error], [Error] ]
  }
]
[2026-08-21T19:29:47.647Z] error: <httpProxy> Error calling http://localhost:8083/...
[2026-08-21T19:29:47.647Z] error: <httpProxy> [
  500,
  AggregateError: 
      at ignore-listed frames {
    code: 'ECONNREFUSED',
    [errors]: [ [Error], [Error] ]
  }
]
[2026-08-21T19:29:47.648Z] error: <httpProxy> Error calling http://localhost:8083/...
[2026-08-21T19:29:47.649Z] error: <httpProxy> [
  500,
  AggregateError: 
      at ignore-listed frames {
    code: 'ECONNREFUSED',
    [errors]: [ [Error], [Error] ]
  }
]
[2026-08-21T19:29:47.649Z] error: <httpProxy> Error calling http://localhost:8083/...
[2026-08-21T19:29:47.649Z] error: <httpProxy> [
  500,
  AggregateError: 
      at ignore-listed frames {
    code: 'ECONNREFUSED',
    [errors]: [ [Error], [Error] ]
  }
]
[2026-08-21T19:30:17.817Z] error: <httpProxy> Error calling http://localhost:2283/...
[2026-08-21T19:30:17.818Z] error: <httpProxy> [
  500,
  AggregateError: 
      at ignore-listed frames {
    code: 'ECONNREFUSED',
    [errors]: [ [Error], [Error] ]
  }
]
[2026-08-21T19:30:17.819Z] error: <httpProxy> Error calling http://localhost:9000/...
[2026-08-21T19:30:17.819Z] error: <httpProxy> [
  500,
  AggregateError: 
      at ignore-listed frames {
    code: 'ECONNREFUSED',
    [errors]: [ [Error], [Error] ]
  }
]
[2026-08-21T19:30:17.820Z] error: <httpProxy> Error calling http://localhost:8010/...
[2026-08-21T19:30:17.821Z] error: <httpProxy> [
  500,
  AggregateError: 
      at ignore-listed frames {
    code: 'ECONNREFUSED',
    [errors]: [ [Error], [Error] ]
  }
]
[2026-08-21T19:30:17.822Z] error: <httpProxy> Error calling http://localhost:5006/...
[2026-08-21T19:30:17.822Z] error: <httpProxy> [
  500,
  AggregateError: 
      at ignore-listed frames {
    code: 'ECONNREFUSED',
    [errors]: [ [Error], [Error] ]
  }
]
[2026-08-21T19:30:17.823Z] error: <httpProxy> Error calling http://localhost:2283/...
[2026-08-21T19:30:17.823Z] error: <httpProxy> [
  500,
  AggregateError: 
      at ignore-listed frames {
    code: 'ECONNREFUSED',
    [errors]: [ [Error], [Error] ]
  }
]
[2026-08-21T19:30:17.824Z] error: <httpProxy> Error calling http://localhost:8020/...
[2026-08-21T19:30:17.824Z] error: <httpProxy> [
  500,
  AggregateError: 
      at ignore-listed frames {
    code: 'ECONNREFUSED',
    [errors]: [ [Error], [Error] ]
  }
]
[2026-08-21T19:30:17.825Z] error: <httpProxy> Error calling http://localhost:9000/...
[2026-08-21T19:30:17.825Z] error: <httpProxy> [
  500,
  AggregateError: 
      at ignore-listed frames {
    code: 'ECONNREFUSED',
    [errors]: [ [Error], [Error] ]
  }
]
[2026-08-21T19:30:17.829Z] error: <httpProxy> Error calling http://localhost:8015/...
[2026-08-21T19:30:17.829Z] error: <httpProxy> [
  500,
  AggregateError: 
      at ignore-listed frames {
    code: 'ECONNREFUSED',
    [errors]: [ [Error], [Error] ]
  }
]
[2026-08-21T19:30:17.830Z] error: <httpProxy> Error calling http://localhost:8010/...
[2026-08-21T19:30:17.830Z] error: <httpProxy> [
  500,
  AggregateError: 
      at ignore-listed frames {
    code: 'ECONNREFUSED',
    [errors]: [ [Error], [Error] ]
  }
]
[2026-08-21T19:30:17.831Z] error: <httpProxy> Error calling http://localhost:5006/...
[2026-08-21T19:30:17.831Z] error: <httpProxy> [
  500,
  AggregateError: 
      at ignore-listed frames {
    code: 'ECONNREFUSED',
    [errors]: [ [Error], [Error] ]
  }
]
[2026-08-21T19:30:17.836Z] error: <httpProxy> Error calling http://localhost:8020/...
[2026-08-21T19:30:17.837Z] error: <httpProxy> [
  500,
  AggregateError: 
      at ignore-listed frames {
    code: 'ECONNREFUSED',
    [errors]: [ [Error], [Error] ]
  }
]
[2026-08-21T19:30:17.840Z] error: <httpProxy> Error calling http://localhost:8015/...
[2026-08-21T19:30:17.840Z] error: <httpProxy> [
  500,
  AggregateError: 
      at ignore-listed frames {
    code: 'ECONNREFUSED',
    [errors]: [ [Error], [Error] ]
  }
]
[2026-08-21T19:30:17.844Z] error: <httpProxy> Error calling http://localhost:3929/...
[2026-08-21T19:30:17.845Z] error: <httpProxy> [
  500,
  AggregateError: 
      at ignore-listed frames {
    code: 'ECONNREFUSED',
    [errors]: [ [Error], [Error] ]
  }
]
[2026-08-21T19:30:17.845Z] error: <httpProxy> Error calling http://localhost:3001/...
[2026-08-21T19:30:17.845Z] error: <httpProxy> [
  500,
  AggregateError: 
      at ignore-listed frames {
    code: 'ECONNREFUSED',
    [errors]: [ [Error], [Error] ]
  }
]
[2026-08-21T19:30:17.847Z] error: <httpProxy> Error calling http://localhost:8082/...
[2026-08-21T19:30:17.847Z] error: <httpProxy> [
  500,
  AggregateError: 
      at ignore-listed frames {
    code: 'ECONNREFUSED',
    [errors]: [ [Error], [Error] ]
  }
]
[2026-08-21T19:30:17.848Z] error: <httpProxy> Error calling http://localhost:8787/...
[2026-08-21T19:30:17.848Z] error: <httpProxy> [
  500,
  AggregateError: 
      at ignore-listed frames {
    code: 'ECONNREFUSED',
    [errors]: [ [Error], [Error] ]
  }
]
[2026-08-21T19:30:17.849Z] error: <httpProxy> Error calling http://localhost:8090/...
[2026-08-21T19:30:17.849Z] error: <httpProxy> [
  500,
  AggregateError: 
      at ignore-listed frames {
    code: 'ECONNREFUSED',
    [errors]: [ [Error], [Error] ]
  }
]
[2026-08-21T19:30:17.849Z] error: <httpProxy> Error calling http://localhost:3929/...
[2026-08-21T19:30:17.850Z] error: <httpProxy> [
  500,
  AggregateError: 
      at ignore-listed frames {
    code: 'ECONNREFUSED',
    [errors]: [ [Error], [Error] ]
  }
]
[2026-08-21T19:30:17.850Z] error: <httpProxy> Error calling http://localhost:3001/...
[2026-08-21T19:30:17.850Z] error: <httpProxy> [
  500,
  AggregateError: 
      at ignore-listed frames {
    code: 'ECONNREFUSED',
    [errors]: [ [Error], [Error] ]
  }
]
[2026-08-21T19:30:17.854Z] error: <httpProxy> Error calling http://localhost:8081/...
[2026-08-21T19:30:17.854Z] error: <httpProxy> [
  500,
  AggregateError: 
      at ignore-listed frames {
    code: 'ECONNREFUSED',
    [errors]: [ [Error], [Error] ]
  }
]
[2026-08-21T19:30:17.856Z] error: <httpProxy> Error calling http://localhost:8082/...
[2026-08-21T19:30:17.856Z] error: <httpProxy> [
  500,
  AggregateError: 
      at ignore-listed frames {
    code: 'ECONNREFUSED',
    [errors]: [ [Error], [Error] ]
  }
]
[2026-08-21T19:30:17.856Z] error: <httpProxy> Error calling http://localhost:8787/...
[2026-08-21T19:30:17.857Z] error: <httpProxy> [
  500,
  AggregateError: 
      at ignore-listed frames {
    code: 'ECONNREFUSED',
    [errors]: [ [Error], [Error] ]
  }
]
[2026-08-21T19:30:17.860Z] error: <httpProxy> Error calling http://localhost:8090/...
[2026-08-21T19:30:17.860Z] error: <httpProxy> [
  500,
  AggregateError: 
      at ignore-listed frames {
    code: 'ECONNREFUSED',
    [errors]: [ [Error], [Error] ]
  }
]
[2026-08-21T19:30:17.861Z] error: <httpProxy> Error calling http://localhost:8081/...
[2026-08-21T19:30:17.861Z] error: <httpProxy> [
  500,
  AggregateError: 
      at ignore-listed frames {
    code: 'ECONNREFUSED',
    [errors]: [ [Error], [Error] ]
  }
]
[2026-08-21T19:30:17.864Z] error: <httpProxy> Error calling http://localhost:8787/...
[2026-08-21T19:30:17.864Z] error: <httpProxy> [
  500,
  AggregateError: 
      at ignore-listed frames {
    code: 'ECONNREFUSED',
    [errors]: [ [Error], [Error] ]
  }
]
[2026-08-21T19:30:17.865Z] error: <httpProxy> Error calling http://localhost:8083/...
[2026-08-21T19:30:17.865Z] error: <httpProxy> [
  500,
  AggregateError: 
      at ignore-listed frames {
    code: 'ECONNREFUSED',
    [errors]: [ [Error], [Error] ]
  }
]
[2026-08-21T19:30:17.865Z] error: <httpProxy> Error calling http://localhost:8083/...
[2026-08-21T19:30:17.866Z] error: <httpProxy> [
  500,
  AggregateError: 
      at ignore-listed frames {
    code: 'ECONNREFUSED',
    [errors]: [ [Error], [Error] ]
  }
]
[2026-08-21T19:30:17.866Z] error: <httpProxy> Error calling http://localhost:8083/...
[2026-08-21T19:30:17.867Z] error: <httpProxy> [
  500,
  AggregateError: 
      at ignore-listed frames {
    code: 'ECONNREFUSED',
    [errors]: [ [Error], [Error] ]
  }
]
[2026-08-21T19:30:17.867Z] error: <httpProxy> Error calling http://localhost:8787/...
[2026-08-21T19:30:17.867Z] error: <httpProxy> [
  500,
  AggregateError: 
      at ignore-listed frames {
    code: 'ECONNREFUSED',
    [errors]: [ [Error], [Error] ]
  }
]
[2026-08-21T19:30:17.868Z] error: <httpProxy> Error calling http://localhost:8083/...
[2026-08-21T19:30:17.868Z] error: <httpProxy> [
  500,
  AggregateError: 
      at ignore-listed frames {
    code: 'ECONNREFUSED',
    [errors]: [ [Error], [Error] ]
  }
]
[2026-08-21T19:30:17.868Z] error: <httpProxy> Error calling http://localhost:8083/...
[2026-08-21T19:30:17.869Z] error: <httpProxy> [
  500,
  AggregateError: 
      at ignore-listed frames {
    code: 'ECONNREFUSED',
    [errors]: [ [Error], [Error] ]
  }
]
[2026-08-21T19:30:17.869Z] error: <httpProxy> Error calling http://localhost:8083/...
[2026-08-21T19:30:17.870Z] error: <httpProxy> [
  500,
  AggregateError: 
      at ignore-listed frames {
    code: 'ECONNREFUSED',
    [errors]: [ [Error], [Error] ]
  }
]
[2026-08-21T19:30:47.872Z] error: <httpProxy> Error calling http://localhost:2283/...
[2026-08-21T19:30:47.873Z] error: <httpProxy> [
  500,
  AggregateError: 
      at ignore-listed frames {
    code: 'ECONNREFUSED',
    [errors]: [ [Error], [Error] ]
  }
]
[2026-08-21T19:30:47.874Z] error: <httpProxy> Error calling http://localhost:9000/...
[2026-08-21T19:30:47.874Z] error: <httpProxy> [
  500,
  AggregateError: 
      at ignore-listed frames {
    code: 'ECONNREFUSED',
    [errors]: [ [Error], [Error] ]
  }
]
[2026-08-21T19:30:47.875Z] error: <httpProxy> Error calling http://localhost:8010/...
[2026-08-21T19:30:47.876Z] error: <httpProxy> [
  500,
  AggregateError: 
      at ignore-listed frames {
    code: 'ECONNREFUSED',
    [errors]: [ [Error], [Error] ]
  }
]
[2026-08-21T19:30:47.876Z] error: <httpProxy> Error calling http://localhost:5006/...
[2026-08-21T19:30:47.876Z] error: <httpProxy> [
  500,
  AggregateError: 
      at ignore-listed frames {
    code: 'ECONNREFUSED',
    [errors]: [ [Error], [Error] ]
  }
]
[2026-08-21T19:30:47.877Z] error: <httpProxy> Error calling http://localhost:2283/...
[2026-08-21T19:30:47.877Z] error: <httpProxy> [
  500,
  AggregateError: 
      at ignore-listed frames {
    code: 'ECONNREFUSED',
    [errors]: [ [Error], [Error] ]
  }
]
[2026-08-21T19:30:47.877Z] error: <httpProxy> Error calling http://localhost:8020/...
[2026-08-21T19:30:47.878Z] error: <httpProxy> [
  500,
  AggregateError: 
      at ignore-listed frames {
    code: 'ECONNREFUSED',
    [errors]: [ [Error], [Error] ]
  }
]
[2026-08-21T19:30:47.878Z] error: <httpProxy> Error calling http://localhost:9000/...
[2026-08-21T19:30:47.878Z] error: <httpProxy> [
  500,
  AggregateError: 
      at ignore-listed frames {
    code: 'ECONNREFUSED',
    [errors]: [ [Error], [Error] ]
  }
]
[2026-08-21T19:30:47.881Z] error: <httpProxy> Error calling http://localhost:8015/...
[2026-08-21T19:30:47.882Z] error: <httpProxy> [
  500,
  AggregateError: 
      at ignore-listed frames {
    code: 'ECONNREFUSED',
    [errors]: [ [Error], [Error] ]
  }
]
[2026-08-21T19:30:47.882Z] error: <httpProxy> Error calling http://localhost:8010/...
[2026-08-21T19:30:47.882Z] error: <httpProxy> [
  500,
  AggregateError: 
      at ignore-listed frames {
    code: 'ECONNREFUSED',
    [errors]: [ [Error], [Error] ]
  }
]
[2026-08-21T19:30:47.884Z] error: <httpProxy> Error calling http://localhost:5006/...
[2026-08-21T19:30:47.884Z] error: <httpProxy> [
  500,
  AggregateError: 
      at ignore-listed frames {
    code: 'ECONNREFUSED',
    [errors]: [ [Error], [Error] ]
  }
]
[2026-08-21T19:30:47.886Z] error: <httpProxy> Error calling http://localhost:8020/...
[2026-08-21T19:30:47.886Z] error: <httpProxy> [
  500,
  AggregateError: 
      at ignore-listed frames {
    code: 'ECONNREFUSED',
    [errors]: [ [Error], [Error] ]
  }
]
[2026-08-21T19:30:47.887Z] error: <httpProxy> Error calling http://localhost:8015/...
[2026-08-21T19:30:47.887Z] error: <httpProxy> [
  500,
  AggregateError: 
      at ignore-listed frames {
    code: 'ECONNREFUSED',
    [errors]: [ [Error], [Error] ]
  }
]
[2026-08-21T19:30:47.892Z] error: <httpProxy> Error calling http://localhost:3929/...
[2026-08-21T19:30:47.893Z] error: <httpProxy> [
  500,
  AggregateError: 
      at ignore-listed frames {
    code: 'ECONNREFUSED',
    [errors]: [ [Error], [Error] ]
  }
]
[2026-08-21T19:30:47.893Z] error: <httpProxy> Error calling http://localhost:3001/...
[2026-08-21T19:30:47.893Z] error: <httpProxy> [
  500,
  AggregateError: 
      at ignore-listed frames {
    code: 'ECONNREFUSED',
    [errors]: [ [Error], [Error] ]
  }
]
[2026-08-21T19:30:47.894Z] error: <httpProxy> Error calling http://localhost:8082/...
[2026-08-21T19:30:47.895Z] error: <httpProxy> [
  500,
  AggregateError: 
      at ignore-listed frames {
    code: 'ECONNREFUSED',
    [errors]: [ [Error], [Error] ]
  }
]
[2026-08-21T19:30:47.895Z] error: <httpProxy> Error calling http://localhost:8787/...
[2026-08-21T19:30:47.896Z] error: <httpProxy> [
  500,
  AggregateError: 
      at ignore-listed frames {
    code: 'ECONNREFUSED',
    [errors]: [ [Error], [Error] ]
  }
]
[2026-08-21T19:30:47.896Z] error: <httpProxy> Error calling http://localhost:3929/...
[2026-08-21T19:30:47.896Z] error: <httpProxy> [
  500,
  AggregateError: 
      at ignore-listed frames {
    code: 'ECONNREFUSED',
    [errors]: [ [Error], [Error] ]
  }
]
[2026-08-21T19:30:47.897Z] error: <httpProxy> Error calling http://localhost:3001/...
[2026-08-21T19:30:47.897Z] error: <httpProxy> [
  500,
  AggregateError: 
      at ignore-listed frames {
    code: 'ECONNREFUSED',
    [errors]: [ [Error], [Error] ]
  }
]
[2026-08-21T19:30:47.900Z] error: <httpProxy> Error calling http://localhost:8090/...
[2026-08-21T19:30:47.901Z] error: <httpProxy> [
  500,
  AggregateError: 
      at ignore-listed frames {
    code: 'ECONNREFUSED',
    [errors]: [ [Error], [Error] ]
  }
]
[2026-08-21T19:30:47.901Z] error: <httpProxy> Error calling http://localhost:8081/...
[2026-08-21T19:30:47.901Z] error: <httpProxy> [
  500,
  AggregateError: 
      at ignore-listed frames {
    code: 'ECONNREFUSED',
    [errors]: [ [Error], [Error] ]
  }
]
[2026-08-21T19:30:47.902Z] error: <httpProxy> Error calling http://localhost:8082/...
[2026-08-21T19:30:47.902Z] error: <httpProxy> [
  500,
  AggregateError: 
      at ignore-listed frames {
    code: 'ECONNREFUSED',
    [errors]: [ [Error], [Error] ]
  }
]
[2026-08-21T19:30:47.904Z] error: <httpProxy> Error calling http://localhost:8787/...
[2026-08-21T19:30:47.904Z] error: <httpProxy> [
  500,
  AggregateError: 
      at ignore-listed frames {
    code: 'ECONNREFUSED',
    [errors]: [ [Error], [Error] ]
  }
]
[2026-08-21T19:30:47.906Z] error: <httpProxy> Error calling http://localhost:8090/...
[2026-08-21T19:30:47.906Z] error: <httpProxy> [
  500,
  AggregateError: 
      at ignore-listed frames {
    code: 'ECONNREFUSED',
    [errors]: [ [Error], [Error] ]
  }
]
[2026-08-21T19:30:47.906Z] error: <httpProxy> Error calling http://localhost:8081/...
[2026-08-21T19:30:47.907Z] error: <httpProxy> [
  500,
  AggregateError: 
      at ignore-listed frames {
    code: 'ECONNREFUSED',
    [errors]: [ [Error], [Error] ]
  }
]
[2026-08-21T19:30:47.909Z] error: <httpProxy> Error calling http://localhost:8787/...
[2026-08-21T19:30:47.909Z] error: <httpProxy> [
  500,
  AggregateError: 
      at ignore-listed frames {
    code: 'ECONNREFUSED',
    [errors]: [ [Error], [Error] ]
  }
]
[2026-08-21T19:30:47.909Z] error: <httpProxy> Error calling http://localhost:8083/...
[2026-08-21T19:30:47.910Z] error: <httpProxy> [
  500,
  AggregateError: 
      at ignore-listed frames {
    code: 'ECONNREFUSED',
    [errors]: [ [Error], [Error] ]
  }
]
[2026-08-21T19:30:47.911Z] error: <httpProxy> Error calling http://localhost:8083/...
[2026-08-21T19:30:47.911Z] error: <httpProxy> [
  500,
  AggregateError: 
      at ignore-listed frames {
    code: 'ECONNREFUSED',
    [errors]: [ [Error], [Error] ]
  }
]
[2026-08-21T19:30:47.912Z] error: <httpProxy> Error calling http://localhost:8083/...
[2026-08-21T19:30:47.912Z] error: <httpProxy> [
  500,
  AggregateError: 
      at ignore-listed frames {
    code: 'ECONNREFUSED',
    [errors]: [ [Error], [Error] ]
  }
]
[2026-08-21T19:30:47.913Z] error: <httpProxy> Error calling http://localhost:8787/...
[2026-08-21T19:30:47.913Z] error: <httpProxy> [
  500,
  AggregateError: 
      at ignore-listed frames {
    code: 'ECONNREFUSED',
    [errors]: [ [Error], [Error] ]
  }
]
[2026-08-21T19:30:47.914Z] error: <httpProxy> Error calling http://localhost:8083/...
[2026-08-21T19:30:47.914Z] error: <httpProxy> [
  500,
  AggregateError: 
      at ignore-listed frames {
    code: 'ECONNREFUSED',
    [errors]: [ [Error], [Error] ]
  }
]
[2026-08-21T19:30:47.915Z] error: <httpProxy> Error calling http://localhost:8083/...
[2026-08-21T19:30:47.915Z] error: <httpProxy> [
  500,
  AggregateError: 
      at ignore-listed frames {
    code: 'ECONNREFUSED',
    [errors]: [ [Error], [Error] ]
  }
]
[2026-08-21T19:30:47.915Z] error: <httpProxy> Error calling http://localhost:8083/...
[2026-08-21T19:30:47.916Z] error: <httpProxy> [
  500,
  AggregateError: 
      at ignore-listed frames {
    code: 'ECONNREFUSED',
    [errors]: [ [Error], [Error] ]
  }
]
[2026-08-21T19:31:18.260Z] error: <httpProxy> Error calling http://localhost:2283/...
[2026-08-21T19:31:18.261Z] error: <httpProxy> [
  500,
  AggregateError: 
      at ignore-listed frames {
    code: 'ECONNREFUSED',
    [errors]: [ [Error], [Error] ]
  }
]
[2026-08-21T19:31:18.262Z] error: <httpProxy> Error calling http://localhost:8010/...
[2026-08-21T19:31:18.262Z] error: <httpProxy> [
  500,
  AggregateError: 
      at ignore-listed frames {
    code: 'ECONNREFUSED',
    [errors]: [ [Error], [Error] ]
  }
]
[2026-08-21T19:31:18.263Z] error: <httpProxy> Error calling http://localhost:5006/...
[2026-08-21T19:31:18.264Z] error: <httpProxy> [
  500,
  AggregateError: 
      at ignore-listed frames {
    code: 'ECONNREFUSED',
    [errors]: [ [Error], [Error] ]
  }
]
[2026-08-21T19:31:18.264Z] error: <httpProxy> Error calling http://localhost:9000/...
[2026-08-21T19:31:18.265Z] error: <httpProxy> [
  500,
  AggregateError: 
      at ignore-listed frames {
    code: 'ECONNREFUSED',
    [errors]: [ [Error], [Error] ]
  }
]
[2026-08-21T19:31:18.265Z] error: <httpProxy> Error calling http://localhost:2283/...
[2026-08-21T19:31:18.265Z] error: <httpProxy> [
  500,
  AggregateError: 
      at ignore-listed frames {
    code: 'ECONNREFUSED',
    [errors]: [ [Error], [Error] ]
  }
]
[2026-08-21T19:31:18.266Z] error: <httpProxy> Error calling http://localhost:8020/...
[2026-08-21T19:31:18.266Z] error: <httpProxy> [
  500,
  AggregateError: 
      at ignore-listed frames {
    code: 'ECONNREFUSED',
    [errors]: [ [Error], [Error] ]
  }
]
[2026-08-21T19:31:18.267Z] error: <httpProxy> Error calling http://localhost:8010/...
[2026-08-21T19:31:18.267Z] error: <httpProxy> [
  500,
  AggregateError: 
      at ignore-listed frames {
    code: 'ECONNREFUSED',
    [errors]: [ [Error], [Error] ]
  }
]
[2026-08-21T19:31:18.271Z] error: <httpProxy> Error calling http://localhost:8015/...
[2026-08-21T19:31:18.271Z] error: <httpProxy> [
  500,
  AggregateError: 
      at ignore-listed frames {
    code: 'ECONNREFUSED',
    [errors]: [ [Error], [Error] ]
  }
]
[2026-08-21T19:31:18.271Z] error: <httpProxy> Error calling http://localhost:5006/...
[2026-08-21T19:31:18.272Z] error: <httpProxy> [
  500,
  AggregateError: 
      at ignore-listed frames {
    code: 'ECONNREFUSED',
    [errors]: [ [Error], [Error] ]
  }
]
[2026-08-21T19:31:18.274Z] error: <httpProxy> Error calling http://localhost:9000/...
[2026-08-21T19:31:18.274Z] error: <httpProxy> [
  500,
  AggregateError: 
      at ignore-listed frames {
    code: 'ECONNREFUSED',
    [errors]: [ [Error], [Error] ]
  }
]
[2026-08-21T19:31:18.274Z] error: <httpProxy> Error calling http://localhost:8020/...
[2026-08-21T19:31:18.275Z] error: <httpProxy> [
  500,
  AggregateError: 
      at ignore-listed frames {
    code: 'ECONNREFUSED',
    [errors]: [ [Error], [Error] ]
  }
]
[2026-08-21T19:31:18.279Z] error: <httpProxy> Error calling http://localhost:8015/...
[2026-08-21T19:31:18.279Z] error: <httpProxy> [
  500,
  AggregateError: 
      at ignore-listed frames {
    code: 'ECONNREFUSED',
    [errors]: [ [Error], [Error] ]
  }
]
[2026-08-21T19:31:18.284Z] error: <httpProxy> Error calling http://localhost:3929/...
[2026-08-21T19:31:18.285Z] error: <httpProxy> [
  500,
  AggregateError: 
      at ignore-listed frames {
    code: 'ECONNREFUSED',
    [errors]: [ [Error], [Error] ]
  }
]
[2026-08-21T19:31:18.285Z] error: <httpProxy> Error calling http://localhost:3001/...
[2026-08-21T19:31:18.286Z] error: <httpProxy> [
  500,
  AggregateError: 
      at ignore-listed frames {
    code: 'ECONNREFUSED',
    [errors]: [ [Error], [Error] ]
  }
]
[2026-08-21T19:31:18.286Z] error: <httpProxy> Error calling http://localhost:8082/...
[2026-08-21T19:31:18.287Z] error: <httpProxy> [
  500,
  AggregateError: 
      at ignore-listed frames {
    code: 'ECONNREFUSED',
    [errors]: [ [Error], [Error] ]
  }
]
[2026-08-21T19:31:18.287Z] error: <httpProxy> Error calling http://localhost:8787/...
[2026-08-21T19:31:18.288Z] error: <httpProxy> [
  500,
  AggregateError: 
      at ignore-listed frames {
    code: 'ECONNREFUSED',
    [errors]: [ [Error], [Error] ]
  }
]
[2026-08-21T19:31:18.288Z] error: <httpProxy> Error calling http://localhost:8090/...
[2026-08-21T19:31:18.289Z] error: <httpProxy> [
  500,
  AggregateError: 
      at ignore-listed frames {
    code: 'ECONNREFUSED',
    [errors]: [ [Error], [Error] ]
  }
]
[2026-08-21T19:31:18.289Z] error: <httpProxy> Error calling http://localhost:3929/...
[2026-08-21T19:31:18.289Z] error: <httpProxy> [
  500,
  AggregateError: 
      at ignore-listed frames {
    code: 'ECONNREFUSED',
    [errors]: [ [Error], [Error] ]
  }
]
[2026-08-21T19:31:18.290Z] error: <httpProxy> Error calling http://localhost:3001/...
[2026-08-21T19:31:18.290Z] error: <httpProxy> [
  500,
  AggregateError: 
      at ignore-listed frames {
    code: 'ECONNREFUSED',
    [errors]: [ [Error], [Error] ]
  }
]
[2026-08-21T19:31:18.295Z] error: <httpProxy> Error calling http://localhost:8082/...
[2026-08-21T19:31:18.295Z] error: <httpProxy> [
  500,
  AggregateError: 
      at ignore-listed frames {
    code: 'ECONNREFUSED',
    [errors]: [ [Error], [Error] ]
  }
]
[2026-08-21T19:31:18.298Z] error: <httpProxy> Error calling http://localhost:8081/...
[2026-08-21T19:31:18.298Z] error: <httpProxy> [
  500,
  AggregateError: 
      at ignore-listed frames {
    code: 'ECONNREFUSED',
    [errors]: [ [Error], [Error] ]
  }
]
[2026-08-21T19:31:18.299Z] error: <httpProxy> Error calling http://localhost:8787/...
[2026-08-21T19:31:18.299Z] error: <httpProxy> [
  500,
  AggregateError: 
      at ignore-listed frames {
    code: 'ECONNREFUSED',
    [errors]: [ [Error], [Error] ]
  }
]
[2026-08-21T19:31:18.302Z] error: <httpProxy> Error calling http://localhost:8090/...
[2026-08-21T19:31:18.302Z] error: <httpProxy> [
  500,
  AggregateError: 
      at ignore-listed frames {
    code: 'ECONNREFUSED',
    [errors]: [ [Error], [Error] ]
  }
]
[2026-08-21T19:31:18.304Z] error: <httpProxy> Error calling http://localhost:8081/...
[2026-08-21T19:31:18.304Z] error: <httpProxy> [
  500,
  AggregateError: 
      at ignore-listed frames {
    code: 'ECONNREFUSED',
    [errors]: [ [Error], [Error] ]
  }
]
[2026-08-21T19:31:18.305Z] error: <httpProxy> Error calling http://localhost:8787/...
[2026-08-21T19:31:18.306Z] error: <httpProxy> [
  500,
  AggregateError: 
      at ignore-listed frames {
    code: 'ECONNREFUSED',
    [errors]: [ [Error], [Error] ]
  }
]
[2026-08-21T19:31:18.306Z] error: <httpProxy> Error calling http://localhost:8083/...
[2026-08-21T19:31:18.306Z] error: <httpProxy> [
  500,
  AggregateError: 
      at ignore-listed frames {
    code: 'ECONNREFUSED',
    [errors]: [ [Error], [Error] ]
  }
]
[2026-08-21T19:31:18.307Z] error: <httpProxy> Error calling http://localhost:8083/...
[2026-08-21T19:31:18.307Z] error: <httpProxy> [
  500,
  AggregateError: 
      at ignore-listed frames {
    code: 'ECONNREFUSED',
    [errors]: [ [Error], [Error] ]
  }
]
[2026-08-21T19:31:18.308Z] error: <httpProxy> Error calling http://localhost:8083/...
[2026-08-21T19:31:18.309Z] error: <httpProxy> [
  500,
  AggregateError: 
      at ignore-listed frames {
    code: 'ECONNREFUSED',
    [errors]: [ [Error], [Error] ]
  }
]
[2026-08-21T19:31:18.309Z] error: <httpProxy> Error calling http://localhost:8787/...
[2026-08-21T19:31:18.310Z] error: <httpProxy> [
  500,
  AggregateError: 
      at ignore-listed frames {
    code: 'ECONNREFUSED',
    [errors]: [ [Error], [Error] ]
  }
]
[2026-08-21T19:31:18.310Z] error: <httpProxy> Error calling http://localhost:8083/...
[2026-08-21T19:31:18.310Z] error: <httpProxy> [
  500,
  AggregateError: 
      at ignore-listed frames {
    code: 'ECONNREFUSED',
    [errors]: [ [Error], [Error] ]
  }
]
[2026-08-21T19:31:18.311Z] error: <httpProxy> Error calling http://localhost:8083/...
[2026-08-21T19:31:18.311Z] error: <httpProxy> [
  500,
  AggregateError: 
      at ignore-listed frames {
    code: 'ECONNREFUSED',
    [errors]: [ [Error], [Error] ]
  }
]
[2026-08-21T19:31:18.312Z] error: <httpProxy> Error calling http://localhost:8083/...
[2026-08-21T19:31:18.312Z] error: <httpProxy> [
  500,
  AggregateError: 
      at ignore-listed frames {
    code: 'ECONNREFUSED',
    [errors]: [ [Error], [Error] ]
  }
]
[2026-08-21T19:31:48.710Z] error: <httpProxy> Error calling http://localhost:2283/...
[2026-08-21T19:31:48.710Z] error: <httpProxy> [
  500,
  AggregateError: 
      at ignore-listed frames {
    code: 'ECONNREFUSED',
    [errors]: [ [Error], [Error] ]
  }
]
[2026-08-21T19:31:48.711Z] error: <httpProxy> Error calling http://localhost:8010/...
[2026-08-21T19:31:48.711Z] error: <httpProxy> [
  500,
  AggregateError: 
      at ignore-listed frames {
    code: 'ECONNREFUSED',
    [errors]: [ [Error], [Error] ]
  }
]
[2026-08-21T19:31:48.712Z] error: <httpProxy> Error calling http://localhost:5006/...
[2026-08-21T19:31:48.713Z] error: <httpProxy> [
  500,
  AggregateError: 
      at ignore-listed frames {
    code: 'ECONNREFUSED',
    [errors]: [ [Error], [Error] ]
  }
]
[2026-08-21T19:31:48.713Z] error: <httpProxy> Error calling http://localhost:9000/...
[2026-08-21T19:31:48.713Z] error: <httpProxy> [
  500,
  AggregateError: 
      at ignore-listed frames {
    code: 'ECONNREFUSED',
    [errors]: [ [Error], [Error] ]
  }
]
[2026-08-21T19:31:48.714Z] error: <httpProxy> Error calling http://localhost:2283/...
[2026-08-21T19:31:48.714Z] error: <httpProxy> [
  500,
  AggregateError: 
      at ignore-listed frames {
    code: 'ECONNREFUSED',
    [errors]: [ [Error], [Error] ]
  }
]
[2026-08-21T19:31:48.716Z] error: <httpProxy> Error calling http://localhost:8020/...
[2026-08-21T19:31:48.716Z] error: <httpProxy> [
  500,
  AggregateError: 
      at ignore-listed frames {
    code: 'ECONNREFUSED',
    [errors]: [ [Error], [Error] ]
  }
]
[2026-08-21T19:31:48.716Z] error: <httpProxy> Error calling http://localhost:8010/...
[2026-08-21T19:31:48.717Z] error: <httpProxy> [
  500,
  AggregateError: 
      at ignore-listed frames {
    code: 'ECONNREFUSED',
    [errors]: [ [Error], [Error] ]
  }
]
[2026-08-21T19:31:48.719Z] error: <httpProxy> Error calling http://localhost:8015/...
[2026-08-21T19:31:48.719Z] error: <httpProxy> [
  500,
  AggregateError: 
      at ignore-listed frames {
    code: 'ECONNREFUSED',
    [errors]: [ [Error], [Error] ]
  }
]
[2026-08-21T19:31:48.719Z] error: <httpProxy> Error calling http://localhost:5006/...
[2026-08-21T19:31:48.720Z] error: <httpProxy> [
  500,
  AggregateError: 
      at ignore-listed frames {
    code: 'ECONNREFUSED',
    [errors]: [ [Error], [Error] ]
  }
]
[2026-08-21T19:31:48.722Z] error: <httpProxy> Error calling http://localhost:9000/...
[2026-08-21T19:31:48.722Z] error: <httpProxy> [
  500,
  AggregateError: 
      at ignore-listed frames {
    code: 'ECONNREFUSED',
    [errors]: [ [Error], [Error] ]
  }
]
[2026-08-21T19:31:48.724Z] error: <httpProxy> Error calling http://localhost:8020/...
[2026-08-21T19:31:48.724Z] error: <httpProxy> [
  500,
  AggregateError: 
      at ignore-listed frames {
    code: 'ECONNREFUSED',
    [errors]: [ [Error], [Error] ]
  }
]
[2026-08-21T19:31:48.727Z] error: <httpProxy> Error calling http://localhost:8015/...
[2026-08-21T19:31:48.727Z] error: <httpProxy> [
  500,
  AggregateError: 
      at ignore-listed frames {
    code: 'ECONNREFUSED',
    [errors]: [ [Error], [Error] ]
  }
]
[2026-08-21T19:31:48.730Z] error: <httpProxy> Error calling http://localhost:3929/...
[2026-08-21T19:31:48.730Z] error: <httpProxy> [
  500,
  AggregateError: 
      at ignore-listed frames {
    code: 'ECONNREFUSED',
    [errors]: [ [Error], [Error] ]
  }
]
[2026-08-21T19:31:48.731Z] error: <httpProxy> Error calling http://localhost:3001/...
[2026-08-21T19:31:48.732Z] error: <httpProxy> [
  500,
  AggregateError: 
      at ignore-listed frames {
    code: 'ECONNREFUSED',
    [errors]: [ [Error], [Error] ]
  }
]
[2026-08-21T19:31:48.732Z] error: <httpProxy> Error calling http://localhost:8082/...
[2026-08-21T19:31:48.733Z] error: <httpProxy> [
  500,
  AggregateError: 
      at ignore-listed frames {
    code: 'ECONNREFUSED',
    [errors]: [ [Error], [Error] ]
  }
]
[2026-08-21T19:31:48.733Z] error: <httpProxy> Error calling http://localhost:8787/...
[2026-08-21T19:31:48.734Z] error: <httpProxy> [
  500,
  AggregateError: 
      at ignore-listed frames {
    code: 'ECONNREFUSED',
    [errors]: [ [Error], [Error] ]
  }
]
[2026-08-21T19:31:48.734Z] error: <httpProxy> Error calling http://localhost:3929/...
[2026-08-21T19:31:48.734Z] error: <httpProxy> [
  500,
  AggregateError: 
      at ignore-listed frames {
    code: 'ECONNREFUSED',
    [errors]: [ [Error], [Error] ]
  }
]
[2026-08-21T19:31:48.736Z] error: <httpProxy> Error calling http://localhost:8090/...
[2026-08-21T19:31:48.736Z] error: <httpProxy> [
  500,
  AggregateError: 
      at ignore-listed frames {
    code: 'ECONNREFUSED',
    [errors]: [ [Error], [Error] ]
  }
]
[2026-08-21T19:31:48.737Z] error: <httpProxy> Error calling http://localhost:3001/...
[2026-08-21T19:31:48.737Z] error: <httpProxy> [
  500,
  AggregateError: 
      at ignore-listed frames {
    code: 'ECONNREFUSED',
    [errors]: [ [Error], [Error] ]
  }
]
[2026-08-21T19:31:48.739Z] error: <httpProxy> Error calling http://localhost:8082/...
[2026-08-21T19:31:48.739Z] error: <httpProxy> [
  500,
  AggregateError: 
      at ignore-listed frames {
    code: 'ECONNREFUSED',
    [errors]: [ [Error], [Error] ]
  }
]
[2026-08-21T19:31:48.741Z] error: <httpProxy> Error calling http://localhost:8081/...
[2026-08-21T19:31:48.741Z] error: <httpProxy> [
  500,
  AggregateError: 
      at ignore-listed frames {
    code: 'ECONNREFUSED',
    [errors]: [ [Error], [Error] ]
  }
]
[2026-08-21T19:31:48.742Z] error: <httpProxy> Error calling http://localhost:8787/...
[2026-08-21T19:31:48.742Z] error: <httpProxy> [
  500,
  AggregateError: 
      at ignore-listed frames {
    code: 'ECONNREFUSED',
    [errors]: [ [Error], [Error] ]
  }
]
[2026-08-21T19:31:48.744Z] error: <httpProxy> Error calling http://localhost:8090/...
[2026-08-21T19:31:48.744Z] error: <httpProxy> [
  500,
  AggregateError: 
      at ignore-listed frames {
    code: 'ECONNREFUSED',
    [errors]: [ [Error], [Error] ]
  }
]
[2026-08-21T19:31:48.745Z] error: <httpProxy> Error calling http://localhost:8081/...
[2026-08-21T19:31:48.745Z] error: <httpProxy> [
  500,
  AggregateError: 
      at ignore-listed frames {
    code: 'ECONNREFUSED',
    [errors]: [ [Error], [Error] ]
  }
]
[2026-08-21T19:31:48.747Z] error: <httpProxy> Error calling http://localhost:8787/...
[2026-08-21T19:31:48.748Z] error: <httpProxy> [
  500,
  AggregateError: 
      at ignore-listed frames {
    code: 'ECONNREFUSED',
    [errors]: [ [Error], [Error] ]
  }
]
[2026-08-21T19:31:48.748Z] error: <httpProxy> Error calling http://localhost:8083/...
[2026-08-21T19:31:48.748Z] error: <httpProxy> [
  500,
  AggregateError: 
      at ignore-listed frames {
    code: 'ECONNREFUSED',
    [errors]: [ [Error], [Error] ]
  }
]
[2026-08-21T19:31:48.749Z] error: <httpProxy> Error calling http://localhost:8083/...
[2026-08-21T19:31:48.749Z] error: <httpProxy> [
  500,
  AggregateError: 
      at ignore-listed frames {
    code: 'ECONNREFUSED',
    [errors]: [ [Error], [Error] ]
  }
]
[2026-08-21T19:31:48.750Z] error: <httpProxy> Error calling http://localhost:8083/...
[2026-08-21T19:31:48.751Z] error: <httpProxy> [
  500,
  AggregateError: 
      at ignore-listed frames {
    code: 'ECONNREFUSED',
    [errors]: [ [Error], [Error] ]
  }
]
[2026-08-21T19:31:48.751Z] error: <httpProxy> Error calling http://localhost:8787/...
[2026-08-21T19:31:48.752Z] error: <httpProxy> [
  500,
  AggregateError: 
      at ignore-listed frames {
    code: 'ECONNREFUSED',
    [errors]: [ [Error], [Error] ]
  }
]
[2026-08-21T19:31:48.752Z] error: <httpProxy> Error calling http://localhost:8083/...
[2026-08-21T19:31:48.753Z] error: <httpProxy> [
  500,
  AggregateError: 
      at ignore-listed frames {
    code: 'ECONNREFUSED',
    [errors]: [ [Error], [Error] ]
  }
]
[2026-08-21T19:31:48.753Z] error: <httpProxy> Error calling http://localhost:8083/...
[2026-08-21T19:31:48.754Z] error: <httpProxy> [
  500,
  AggregateError: 
      at ignore-listed frames {
    code: 'ECONNREFUSED',
    [errors]: [ [Error], [Error] ]
  }
]
[2026-08-21T19:31:48.754Z] error: <httpProxy> Error calling http://localhost:8083/...
[2026-08-21T19:31:48.754Z] error: <httpProxy> [
  500,
  AggregateError: 
      at ignore-listed frames {
    code: 'ECONNREFUSED',
    [errors]: [ [Error], [Error] ]
  }
]
[2026-08-21T19:32:18.725Z] error: <httpProxy> Error calling http://localhost:2283/...
[2026-08-21T19:32:18.726Z] error: <httpProxy> [
  500,
  AggregateError: 
      at ignore-listed frames {
    code: 'ECONNREFUSED',
    [errors]: [ [Error], [Error] ]
  }
]
[2026-08-21T19:32:18.729Z] error: <httpProxy> Error calling http://localhost:8010/...
[2026-08-21T19:32:18.729Z] error: <httpProxy> [
  500,
  AggregateError: 
      at ignore-listed frames {
    code: 'ECONNREFUSED',
    [errors]: [ [Error], [Error] ]
  }
]
[2026-08-21T19:32:18.731Z] error: <httpProxy> Error calling http://localhost:2283/...
[2026-08-21T19:32:18.732Z] error: <httpProxy> [
  500,
  AggregateError: 
      at ignore-listed frames {
    code: 'ECONNREFUSED',
    [errors]: [ [Error], [Error] ]
  }
]
[2026-08-21T19:32:18.735Z] error: <httpProxy> Error calling http://localhost:5006/...
[2026-08-21T19:32:18.736Z] error: <httpProxy> [
  500,
  AggregateError: 
      at ignore-listed frames {
    code: 'ECONNREFUSED',
    [errors]: [ [Error], [Error] ]
  }
]
[2026-08-21T19:32:18.736Z] error: <httpProxy> Error calling http://localhost:8010/...
[2026-08-21T19:32:18.736Z] error: <httpProxy> [
  500,
  AggregateError: 
      at ignore-listed frames {
    code: 'ECONNREFUSED',
    [errors]: [ [Error], [Error] ]
  }
]
[2026-08-21T19:32:18.741Z] error: <httpProxy> Error calling http://localhost:9000/...
[2026-08-21T19:32:18.742Z] error: <httpProxy> [
  500,
  AggregateError: 
      at ignore-listed frames {
    code: 'ECONNREFUSED',
    [errors]: [ [Error], [Error] ]
  }
]
[2026-08-21T19:32:18.742Z] error: <httpProxy> Error calling http://localhost:5006/...
[2026-08-21T19:32:18.743Z] error: <httpProxy> [
  500,
  AggregateError: 
      at ignore-listed frames {
    code: 'ECONNREFUSED',
    [errors]: [ [Error], [Error] ]
  }
]
[2026-08-21T19:32:18.745Z] error: <httpProxy> Error calling http://localhost:8020/...
[2026-08-21T19:32:18.745Z] error: <httpProxy> [
  500,
  AggregateError: 
      at ignore-listed frames {
    code: 'ECONNREFUSED',
    [errors]: [ [Error], [Error] ]
  }
]
[2026-08-21T19:32:18.746Z] error: <httpProxy> Error calling http://localhost:8015/...
[2026-08-21T19:32:18.746Z] error: <httpProxy> [
  500,
  AggregateError: 
      at ignore-listed frames {
    code: 'ECONNREFUSED',
    [errors]: [ [Error], [Error] ]
  }
]
[2026-08-21T19:32:18.747Z] error: <httpProxy> Error calling http://localhost:9000/...
[2026-08-21T19:32:18.747Z] error: <httpProxy> [
  500,
  AggregateError: 
      at ignore-listed frames {
    code: 'ECONNREFUSED',
    [errors]: [ [Error], [Error] ]
  }
]
[2026-08-21T19:32:18.750Z] error: <httpProxy> Error calling http://localhost:8020/...
[2026-08-21T19:32:18.750Z] error: <httpProxy> [
  500,
  AggregateError: 
      at ignore-listed frames {
    code: 'ECONNREFUSED',
    [errors]: [ [Error], [Error] ]
  }
]
[2026-08-21T19:32:18.751Z] error: <httpProxy> Error calling http://localhost:3929/...
[2026-08-21T19:32:18.751Z] error: <httpProxy> [
  500,
  AggregateError: 
      at ignore-listed frames {
    code: 'ECONNREFUSED',
    [errors]: [ [Error], [Error] ]
  }
]
[2026-08-21T19:32:18.752Z] error: <httpProxy> Error calling http://localhost:8015/...
[2026-08-21T19:32:18.752Z] error: <httpProxy> [
  500,
  AggregateError: 
      at ignore-listed frames {
    code: 'ECONNREFUSED',
    [errors]: [ [Error], [Error] ]
  }
]
[2026-08-21T19:32:18.755Z] error: <httpProxy> Error calling http://localhost:3001/...
[2026-08-21T19:32:18.755Z] error: <httpProxy> [
  500,
  AggregateError: 
      at ignore-listed frames {
    code: 'ECONNREFUSED',
    [errors]: [ [Error], [Error] ]
  }
]
[2026-08-21T19:32:18.756Z] error: <httpProxy> Error calling http://localhost:8082/...
[2026-08-21T19:32:18.756Z] error: <httpProxy> [
  500,
  AggregateError: 
      at ignore-listed frames {
    code: 'ECONNREFUSED',
    [errors]: [ [Error], [Error] ]
  }
]
[2026-08-21T19:32:18.757Z] error: <httpProxy> Error calling http://localhost:3929/...
[2026-08-21T19:32:18.757Z] error: <httpProxy> [
  500,
  AggregateError: 
      at ignore-listed frames {
    code: 'ECONNREFUSED',
    [errors]: [ [Error], [Error] ]
  }
]
[2026-08-21T19:32:18.758Z] error: <httpProxy> Error calling http://localhost:3001/...
[2026-08-21T19:32:18.758Z] error: <httpProxy> [
  500,
  AggregateError: 
      at ignore-listed frames {
    code: 'ECONNREFUSED',
    [errors]: [ [Error], [Error] ]
  }
]
[2026-08-21T19:32:18.760Z] error: <httpProxy> Error calling http://localhost:8787/...
[2026-08-21T19:32:18.760Z] error: <httpProxy> [
  500,
  AggregateError: 
      at ignore-listed frames {
    code: 'ECONNREFUSED',
    [errors]: [ [Error], [Error] ]
  }
]
[2026-08-21T19:32:18.761Z] error: <httpProxy> Error calling http://localhost:8082/...
[2026-08-21T19:32:18.761Z] error: <httpProxy> [
  500,
  AggregateError: 
      at ignore-listed frames {
    code: 'ECONNREFUSED',
    [errors]: [ [Error], [Error] ]
  }
]
[2026-08-21T19:32:18.765Z] error: <httpProxy> Error calling http://localhost:8090/...
[2026-08-21T19:32:18.765Z] error: <httpProxy> [
  500,
  AggregateError: 
      at ignore-listed frames {
    code: 'ECONNREFUSED',
    [errors]: [ [Error], [Error] ]
  }
]
[2026-08-21T19:32:18.765Z] error: <httpProxy> Error calling http://localhost:8081/...
[2026-08-21T19:32:18.766Z] error: <httpProxy> [
  500,
  AggregateError: 
      at ignore-listed frames {
    code: 'ECONNREFUSED',
    [errors]: [ [Error], [Error] ]
  }
]
[2026-08-21T19:32:18.766Z] error: <httpProxy> Error calling http://localhost:8787/...
[2026-08-21T19:32:18.766Z] error: <httpProxy> [
  500,
  AggregateError: 
      at ignore-listed frames {
    code: 'ECONNREFUSED',
    [errors]: [ [Error], [Error] ]
  }
]
[2026-08-21T19:32:18.769Z] error: <httpProxy> Error calling http://localhost:8090/...
[2026-08-21T19:32:18.770Z] error: <httpProxy> [
  500,
  AggregateError: 
      at ignore-listed frames {
    code: 'ECONNREFUSED',
    [errors]: [ [Error], [Error] ]
  }
]
[2026-08-21T19:32:18.770Z] error: <httpProxy> Error calling http://localhost:8081/...
[2026-08-21T19:32:18.770Z] error: <httpProxy> [
  500,
  AggregateError: 
      at ignore-listed frames {
    code: 'ECONNREFUSED',
    [errors]: [ [Error], [Error] ]
  }
]
[2026-08-21T19:32:18.771Z] error: <httpProxy> Error calling http://localhost:8787/...
[2026-08-21T19:32:18.771Z] error: <httpProxy> [
  500,
  AggregateError: 
      at ignore-listed frames {
    code: 'ECONNREFUSED',
    [errors]: [ [Error], [Error] ]
  }
]
[2026-08-21T19:32:18.772Z] error: <httpProxy> Error calling http://localhost:8083/...
[2026-08-21T19:32:18.772Z] error: <httpProxy> [
  500,
  AggregateError: 
      at ignore-listed frames {
    code: 'ECONNREFUSED',
    [errors]: [ [Error], [Error] ]
  }
]
[2026-08-21T19:32:18.772Z] error: <httpProxy> Error calling http://localhost:8083/...
[2026-08-21T19:32:18.773Z] error: <httpProxy> [
  500,
  AggregateError: 
      at ignore-listed frames {
    code: 'ECONNREFUSED',
    [errors]: [ [Error], [Error] ]
  }
]
[2026-08-21T19:32:18.773Z] error: <httpProxy> Error calling http://localhost:8787/...
[2026-08-21T19:32:18.774Z] error: <httpProxy> [
  500,
  AggregateError: 
      at ignore-listed frames {
    code: 'ECONNREFUSED',
    [errors]: [ [Error], [Error] ]
  }
]
[2026-08-21T19:32:18.774Z] error: <httpProxy> Error calling http://localhost:8083/...
[2026-08-21T19:32:18.774Z] error: <httpProxy> [
  500,
  AggregateError: 
      at ignore-listed frames {
    code: 'ECONNREFUSED',
    [errors]: [ [Error], [Error] ]
  }
]
[2026-08-21T19:32:18.775Z] error: <httpProxy> Error calling http://localhost:8083/...
[2026-08-21T19:32:18.775Z] error: <httpProxy> [
  500,
  AggregateError: 
      at ignore-listed frames {
    code: 'ECONNREFUSED',
    [errors]: [ [Error], [Error] ]
  }
]
[2026-08-21T19:32:18.775Z] error: <httpProxy> Error calling http://localhost:8083/...
[2026-08-21T19:32:18.775Z] error: <httpProxy> [
  500,
  AggregateError: 
      at ignore-listed frames {
    code: 'ECONNREFUSED',
    [errors]: [ [Error], [Error] ]
  }
]
[2026-08-21T19:32:18.776Z] error: <httpProxy> Error calling http://localhost:8083/...
[2026-08-21T19:32:18.776Z] error: <httpProxy> [
  500,
  AggregateError: 
      at ignore-listed frames {
    code: 'ECONNREFUSED',
    [errors]: [ [Error], [Error] ]
  }
]
[2026-08-21T19:32:48.739Z] error: <httpProxy> Error calling http://localhost:2283/...
[2026-08-21T19:32:48.739Z] error: <httpProxy> [
  500,
  AggregateError: 
      at ignore-listed frames {
    code: 'ECONNREFUSED',
    [errors]: [ [Error], [Error] ]
  }
]
[2026-08-21T19:32:48.741Z] error: <httpProxy> Error calling http://localhost:2283/...
[2026-08-21T19:32:48.741Z] error: <httpProxy> [
  500,
  AggregateError: 
      at ignore-listed frames {
    code: 'ECONNREFUSED',
    [errors]: [ [Error], [Error] ]
  }
]
[2026-08-21T19:32:48.742Z] error: <httpProxy> Error calling http://localhost:8010/...
[2026-08-21T19:32:48.742Z] error: <httpProxy> [
  500,
  AggregateError: 
      at ignore-listed frames {
    code: 'ECONNREFUSED',
    [errors]: [ [Error], [Error] ]
  }
]
[2026-08-21T19:32:48.743Z] error: <httpProxy> Error calling http://localhost:8010/...
[2026-08-21T19:32:48.743Z] error: <httpProxy> [
  500,
  AggregateError: 
      at ignore-listed frames {
    code: 'ECONNREFUSED',
    [errors]: [ [Error], [Error] ]
  }
]
[2026-08-21T19:32:48.747Z] error: <httpProxy> Error calling http://localhost:5006/...
[2026-08-21T19:32:48.747Z] error: <httpProxy> [
  500,
  AggregateError: 
      at ignore-listed frames {
    code: 'ECONNREFUSED',
    [errors]: [ [Error], [Error] ]
  }
]
[2026-08-21T19:32:48.748Z] error: <httpProxy> Error calling http://localhost:5006/...
[2026-08-21T19:32:48.748Z] error: <httpProxy> [
  500,
  AggregateError: 
      at ignore-listed frames {
    code: 'ECONNREFUSED',
    [errors]: [ [Error], [Error] ]
  }
]
[2026-08-21T19:32:48.752Z] error: <httpProxy> Error calling http://localhost:9000/...
[2026-08-21T19:32:48.752Z] error: <httpProxy> [
  500,
  AggregateError: 
      at ignore-listed frames {
    code: 'ECONNREFUSED',
    [errors]: [ [Error], [Error] ]
  }
]
[2026-08-21T19:32:48.755Z] error: <httpProxy> Error calling http://localhost:9000/...
[2026-08-21T19:32:48.756Z] error: <httpProxy> [
  500,
  AggregateError: 
      at ignore-listed frames {
    code: 'ECONNREFUSED',
    [errors]: [ [Error], [Error] ]
  }
]
[2026-08-21T19:32:48.757Z] error: <httpProxy> Error calling http://localhost:8020/...
[2026-08-21T19:32:48.757Z] error: <httpProxy> [
  500,
  AggregateError: 
      at ignore-listed frames {
    code: 'ECONNREFUSED',
    [errors]: [ [Error], [Error] ]
  }
]
[2026-08-21T19:32:48.758Z] error: <httpProxy> Error calling http://localhost:8015/...
[2026-08-21T19:32:48.758Z] error: <httpProxy> [
  500,
  AggregateError: 
      at ignore-listed frames {
    code: 'ECONNREFUSED',
    [errors]: [ [Error], [Error] ]
  }
]
[2026-08-21T19:32:48.759Z] error: <httpProxy> Error calling http://localhost:8020/...
[2026-08-21T19:32:48.759Z] error: <httpProxy> [
  500,
  AggregateError: 
      at ignore-listed frames {
    code: 'ECONNREFUSED',
    [errors]: [ [Error], [Error] ]
  }
]
[2026-08-21T19:32:48.762Z] error: <httpProxy> Error calling http://localhost:8015/...
[2026-08-21T19:32:48.762Z] error: <httpProxy> [
  500,
  AggregateError: 
      at ignore-listed frames {
    code: 'ECONNREFUSED',
    [errors]: [ [Error], [Error] ]
  }
]
[2026-08-21T19:32:48.765Z] error: <httpProxy> Error calling http://localhost:3929/...
[2026-08-21T19:32:48.765Z] error: <httpProxy> [
  500,
  AggregateError: 
      at ignore-listed frames {
    code: 'ECONNREFUSED',
    [errors]: [ [Error], [Error] ]
  }
]
[2026-08-21T19:32:48.766Z] error: <httpProxy> Error calling http://localhost:3001/...
[2026-08-21T19:32:48.766Z] error: <httpProxy> [
  500,
  AggregateError: 
      at ignore-listed frames {
    code: 'ECONNREFUSED',
    [errors]: [ [Error], [Error] ]
  }
]
[2026-08-21T19:32:48.767Z] error: <httpProxy> Error calling http://localhost:3929/...
[2026-08-21T19:32:48.767Z] error: <httpProxy> [
  500,
  AggregateError: 
      at ignore-listed frames {
    code: 'ECONNREFUSED',
    [errors]: [ [Error], [Error] ]
  }
]
[2026-08-21T19:32:48.768Z] error: <httpProxy> Error calling http://localhost:3001/...
[2026-08-21T19:32:48.768Z] error: <httpProxy> [
  500,
  AggregateError: 
      at ignore-listed frames {
    code: 'ECONNREFUSED',
    [errors]: [ [Error], [Error] ]
  }
]
[2026-08-21T19:32:48.770Z] error: <httpProxy> Error calling http://localhost:8082/...
[2026-08-21T19:32:48.770Z] error: <httpProxy> [
  500,
  AggregateError: 
      at ignore-listed frames {
    code: 'ECONNREFUSED',
    [errors]: [ [Error], [Error] ]
  }
]
[2026-08-21T19:32:48.771Z] error: <httpProxy> Error calling http://localhost:8082/...
[2026-08-21T19:32:48.771Z] error: <httpProxy> [
  500,
  AggregateError: 
      at ignore-listed frames {
    code: 'ECONNREFUSED',
    [errors]: [ [Error], [Error] ]
  }
]
[2026-08-21T19:32:48.775Z] error: <httpProxy> Error calling http://localhost:8787/...
[2026-08-21T19:32:48.775Z] error: <httpProxy> [
  500,
  AggregateError: 
      at ignore-listed frames {
    code: 'ECONNREFUSED',
    [errors]: [ [Error], [Error] ]
  }
]
[2026-08-21T19:32:48.778Z] error: <httpProxy> Error calling http://localhost:8787/...
[2026-08-21T19:32:48.778Z] error: <httpProxy> [
  500,
  AggregateError: 
      at ignore-listed frames {
    code: 'ECONNREFUSED',
    [errors]: [ [Error], [Error] ]
  }
]
[2026-08-21T19:32:48.779Z] error: <httpProxy> Error calling http://localhost:8090/...
[2026-08-21T19:32:48.779Z] error: <httpProxy> [
  500,
  AggregateError: 
      at ignore-listed frames {
    code: 'ECONNREFUSED',
    [errors]: [ [Error], [Error] ]
  }
]
[2026-08-21T19:32:48.782Z] error: <httpProxy> Error calling http://localhost:8081/...
[2026-08-21T19:32:48.782Z] error: <httpProxy> [
  500,
  AggregateError: 
      at ignore-listed frames {
    code: 'ECONNREFUSED',
    [errors]: [ [Error], [Error] ]
  }
]
[2026-08-21T19:32:48.784Z] error: <httpProxy> Error calling http://localhost:8090/...
[2026-08-21T19:32:48.785Z] error: <httpProxy> [
  500,
  AggregateError: 
      at ignore-listed frames {
    code: 'ECONNREFUSED',
    [errors]: [ [Error], [Error] ]
  }
]
[2026-08-21T19:32:48.785Z] error: <httpProxy> Error calling http://localhost:8081/...
[2026-08-21T19:32:48.785Z] error: <httpProxy> [
  500,
  AggregateError: 
      at ignore-listed frames {
    code: 'ECONNREFUSED',
    [errors]: [ [Error], [Error] ]
  }
]
[2026-08-21T19:32:48.787Z] error: <httpProxy> Error calling http://localhost:8787/...
[2026-08-21T19:32:48.787Z] error: <httpProxy> [
  500,
  AggregateError: 
      at ignore-listed frames {
    code: 'ECONNREFUSED',
    [errors]: [ [Error], [Error] ]
  }
]
[2026-08-21T19:32:48.788Z] error: <httpProxy> Error calling http://localhost:8083/...
[2026-08-21T19:32:48.788Z] error: <httpProxy> [
  500,
  AggregateError: 
      at ignore-listed frames {
    code: 'ECONNREFUSED',
    [errors]: [ [Error], [Error] ]
  }
]
[2026-08-21T19:32:48.789Z] error: <httpProxy> Error calling http://localhost:8083/...
[2026-08-21T19:32:48.789Z] error: <httpProxy> [
  500,
  AggregateError: 
      at ignore-listed frames {
    code: 'ECONNREFUSED',
    [errors]: [ [Error], [Error] ]
  }
]
[2026-08-21T19:32:48.789Z] error: <httpProxy> Error calling http://localhost:8083/...
[2026-08-21T19:32:48.790Z] error: <httpProxy> [
  500,
  AggregateError: 
      at ignore-listed frames {
    code: 'ECONNREFUSED',
    [errors]: [ [Error], [Error] ]
  }
]
[2026-08-21T19:32:48.790Z] error: <httpProxy> Error calling http://localhost:8787/...
[2026-08-21T19:32:48.790Z] error: <httpProxy> [
  500,
  AggregateError: 
      at ignore-listed frames {
    code: 'ECONNREFUSED',
    [errors]: [ [Error], [Error] ]
  }
]
[2026-08-21T19:32:48.791Z] error: <httpProxy> Error calling http://localhost:8083/...
[2026-08-21T19:32:48.791Z] error: <httpProxy> [
  500,
  AggregateError: 
      at ignore-listed frames {
    code: 'ECONNREFUSED',
    [errors]: [ [Error], [Error] ]
  }
]
[2026-08-21T19:32:48.791Z] error: <httpProxy> Error calling http://localhost:8083/...
[2026-08-21T19:32:48.792Z] error: <httpProxy> [
  500,
  AggregateError: 
      at ignore-listed frames {
    code: 'ECONNREFUSED',
    [errors]: [ [Error], [Error] ]
  }
]
[2026-08-21T19:32:48.792Z] error: <httpProxy> Error calling http://localhost:8083/...
[2026-08-21T19:32:48.792Z] error: <httpProxy> [
  500,
  AggregateError: 
      at ignore-listed frames {
    code: 'ECONNREFUSED',
    [errors]: [ [Error], [Error] ]
  }
]
[2026-08-21T19:33:18.807Z] error: <httpProxy> Error calling http://localhost:2283/...
[2026-08-21T19:33:18.808Z] error: <httpProxy> [
  500,
  AggregateError: 
      at ignore-listed frames {
    code: 'ECONNREFUSED',
    [errors]: [ [Error], [Error] ]
  }
]
[2026-08-21T19:33:18.809Z] error: <httpProxy> Error calling http://localhost:5006/...
[2026-08-21T19:33:18.809Z] error: <httpProxy> [
  500,
  AggregateError: 
      at ignore-listed frames {
    code: 'ECONNREFUSED',
    [errors]: [ [Error], [Error] ]
  }
]
[2026-08-21T19:33:18.810Z] error: <httpProxy> Error calling http://localhost:9000/...
[2026-08-21T19:33:18.810Z] error: <httpProxy> [
  500,
  AggregateError: 
      at ignore-listed frames {
    code: 'ECONNREFUSED',
    [errors]: [ [Error], [Error] ]
  }
]
[2026-08-21T19:33:18.811Z] error: <httpProxy> Error calling http://localhost:8010/...
[2026-08-21T19:33:18.811Z] error: <httpProxy> [
  500,
  AggregateError: 
      at ignore-listed frames {
    code: 'ECONNREFUSED',
    [errors]: [ [Error], [Error] ]
  }
]
[2026-08-21T19:33:18.811Z] error: <httpProxy> Error calling http://localhost:2283/...
[2026-08-21T19:33:18.812Z] error: <httpProxy> [
  500,
  AggregateError: 
      at ignore-listed frames {
    code: 'ECONNREFUSED',
    [errors]: [ [Error], [Error] ]
  }
]
[2026-08-21T19:33:18.813Z] error: <httpProxy> Error calling http://localhost:5006/...
[2026-08-21T19:33:18.814Z] error: <httpProxy> [
  500,
  AggregateError: 
      at ignore-listed frames {
    code: 'ECONNREFUSED',
    [errors]: [ [Error], [Error] ]
  }
]
[2026-08-21T19:33:18.815Z] error: <httpProxy> Error calling http://localhost:8020/...
[2026-08-21T19:33:18.816Z] error: <httpProxy> [
  500,
  AggregateError: 
      at ignore-listed frames {
    code: 'ECONNREFUSED',
    [errors]: [ [Error], [Error] ]
  }
]
[2026-08-21T19:33:18.816Z] error: <httpProxy> Error calling http://localhost:8015/...
[2026-08-21T19:33:18.816Z] error: <httpProxy> [
  500,
  AggregateError: 
      at ignore-listed frames {
    code: 'ECONNREFUSED',
    [errors]: [ [Error], [Error] ]
  }
]
[2026-08-21T19:33:18.817Z] error: <httpProxy> Error calling http://localhost:9000/...
[2026-08-21T19:33:18.817Z] error: <httpProxy> [
  500,
  AggregateError: 
      at ignore-listed frames {
    code: 'ECONNREFUSED',
    [errors]: [ [Error], [Error] ]
  }
]
[2026-08-21T19:33:18.819Z] error: <httpProxy> Error calling http://localhost:8010/...
[2026-08-21T19:33:18.819Z] error: <httpProxy> [
  500,
  AggregateError: 
      at ignore-listed frames {
    code: 'ECONNREFUSED',
    [errors]: [ [Error], [Error] ]
  }
]
[2026-08-21T19:33:18.821Z] error: <httpProxy> Error calling http://localhost:8020/...
[2026-08-21T19:33:18.821Z] error: <httpProxy> [
  500,
  AggregateError: 
      at ignore-listed frames {
    code: 'ECONNREFUSED',
    [errors]: [ [Error], [Error] ]
  }
]
[2026-08-21T19:33:18.822Z] error: <httpProxy> Error calling http://localhost:8015/...
[2026-08-21T19:33:18.822Z] error: <httpProxy> [
  500,
  AggregateError: 
      at ignore-listed frames {
    code: 'ECONNREFUSED',
    [errors]: [ [Error], [Error] ]
  }
]
[2026-08-21T19:33:18.826Z] error: <httpProxy> Error calling http://localhost:3929/...
[2026-08-21T19:33:18.827Z] error: <httpProxy> [
  500,
  AggregateError: 
      at ignore-listed frames {
    code: 'ECONNREFUSED',
    [errors]: [ [Error], [Error] ]
  }
]
[2026-08-21T19:33:18.828Z] error: <httpProxy> Error calling http://localhost:3001/...
[2026-08-21T19:33:18.828Z] error: <httpProxy> [
  500,
  AggregateError: 
      at ignore-listed frames {
    code: 'ECONNREFUSED',
    [errors]: [ [Error], [Error] ]
  }
]
[2026-08-21T19:33:18.829Z] error: <httpProxy> Error calling http://localhost:8082/...
[2026-08-21T19:33:18.830Z] error: <httpProxy> [
  500,
  AggregateError: 
      at ignore-listed frames {
    code: 'ECONNREFUSED',
    [errors]: [ [Error], [Error] ]
  }
]
[2026-08-21T19:33:18.830Z] error: <httpProxy> Error calling http://localhost:8787/...
[2026-08-21T19:33:18.831Z] error: <httpProxy> [
  500,
  AggregateError: 
      at ignore-listed frames {
    code: 'ECONNREFUSED',
    [errors]: [ [Error], [Error] ]
  }
]
[2026-08-21T19:33:18.831Z] error: <httpProxy> Error calling http://localhost:3929/...
[2026-08-21T19:33:18.832Z] error: <httpProxy> [
  500,
  AggregateError: 
      at ignore-listed frames {
    code: 'ECONNREFUSED',
    [errors]: [ [Error], [Error] ]
  }
]
[2026-08-21T19:33:18.836Z] error: <httpProxy> Error calling http://localhost:3001/...
[2026-08-21T19:33:18.836Z] error: <httpProxy> [
  500,
  AggregateError: 
      at ignore-listed frames {
    code: 'ECONNREFUSED',
    [errors]: [ [Error], [Error] ]
  }
]
[2026-08-21T19:33:18.838Z] error: <httpProxy> Error calling http://localhost:8090/...
[2026-08-21T19:33:18.839Z] error: <httpProxy> [
  500,
  AggregateError: 
      at ignore-listed frames {
    code: 'ECONNREFUSED',
    [errors]: [ [Error], [Error] ]
  }
]
[2026-08-21T19:33:18.839Z] error: <httpProxy> Error calling http://localhost:8081/...
[2026-08-21T19:33:18.839Z] error: <httpProxy> [
  500,
  AggregateError: 
      at ignore-listed frames {
    code: 'ECONNREFUSED',
    [errors]: [ [Error], [Error] ]
  }
]
[2026-08-21T19:33:18.840Z] error: <httpProxy> Error calling http://localhost:8082/...
[2026-08-21T19:33:18.840Z] error: <httpProxy> [
  500,
  AggregateError: 
      at ignore-listed frames {
    code: 'ECONNREFUSED',
    [errors]: [ [Error], [Error] ]
  }
]
[2026-08-21T19:33:18.841Z] error: <httpProxy> Error calling http://localhost:8787/...
[2026-08-21T19:33:18.842Z] error: <httpProxy> [
  500,
  AggregateError: 
      at ignore-listed frames {
    code: 'ECONNREFUSED',
    [errors]: [ [Error], [Error] ]
  }
]
[2026-08-21T19:33:18.844Z] error: <httpProxy> Error calling http://localhost:8090/...
[2026-08-21T19:33:18.844Z] error: <httpProxy> [
  500,
  AggregateError: 
      at ignore-listed frames {
    code: 'ECONNREFUSED',
    [errors]: [ [Error], [Error] ]
  }
]
[2026-08-21T19:33:18.844Z] error: <httpProxy> Error calling http://localhost:8081/...
[2026-08-21T19:33:18.845Z] error: <httpProxy> [
  500,
  AggregateError: 
      at ignore-listed frames {
    code: 'ECONNREFUSED',
    [errors]: [ [Error], [Error] ]
  }
]
[2026-08-21T19:33:18.846Z] error: <httpProxy> Error calling http://localhost:8787/...
[2026-08-21T19:33:18.847Z] error: <httpProxy> [
  500,
  AggregateError: 
      at ignore-listed frames {
    code: 'ECONNREFUSED',
    [errors]: [ [Error], [Error] ]
  }
]
[2026-08-21T19:33:18.847Z] error: <httpProxy> Error calling http://localhost:8083/...
[2026-08-21T19:33:18.848Z] error: <httpProxy> [
  500,
  AggregateError: 
      at ignore-listed frames {
    code: 'ECONNREFUSED',
    [errors]: [ [Error], [Error] ]
  }
]
[2026-08-21T19:33:18.848Z] error: <httpProxy> Error calling http://localhost:8083/...
[2026-08-21T19:33:18.849Z] error: <httpProxy> [
  500,
  AggregateError: 
      at ignore-listed frames {
    code: 'ECONNREFUSED',
    [errors]: [ [Error], [Error] ]
  }
]
[2026-08-21T19:33:18.849Z] error: <httpProxy> Error calling http://localhost:8787/...
[2026-08-21T19:33:18.849Z] error: <httpProxy> [
  500,
  AggregateError: 
      at ignore-listed frames {
    code: 'ECONNREFUSED',
    [errors]: [ [Error], [Error] ]
  }
]
[2026-08-21T19:33:18.850Z] error: <httpProxy> Error calling http://localhost:8083/...
[2026-08-21T19:33:18.850Z] error: <httpProxy> [
  500,
  AggregateError: 
      at ignore-listed frames {
    code: 'ECONNREFUSED',
    [errors]: [ [Error], [Error] ]
  }
]
[2026-08-21T19:33:18.850Z] error: <httpProxy> Error calling http://localhost:8083/...
[2026-08-21T19:33:18.850Z] error: <httpProxy> [
  500,
  AggregateError: 
      at ignore-listed frames {
    code: 'ECONNREFUSED',
    [errors]: [ [Error], [Error] ]
  }
]
[2026-08-21T19:33:18.851Z] error: <httpProxy> Error calling http://localhost:8083/...
[2026-08-21T19:33:18.851Z] error: <httpProxy> [
  500,
  AggregateError: 
      at ignore-listed frames {
    code: 'ECONNREFUSED',
    [errors]: [ [Error], [Error] ]
  }
]
[2026-08-21T19:33:18.851Z] error: <httpProxy> Error calling http://localhost:8083/...
[2026-08-21T19:33:18.852Z] error: <httpProxy> [
  500,
  AggregateError: 
      at ignore-listed frames {
    code: 'ECONNREFUSED',
    [errors]: [ [Error], [Error] ]
  }
]
[2026-08-21T19:33:48.826Z] error: <httpProxy> Error calling http://localhost:2283/...
[2026-08-21T19:33:48.827Z] error: <httpProxy> [
  500,
  AggregateError: 
      at ignore-listed frames {
    code: 'ECONNREFUSED',
    [errors]: [ [Error], [Error] ]
  }
]
[2026-08-21T19:33:48.830Z] error: <httpProxy> Error calling http://localhost:5006/...
[2026-08-21T19:33:48.831Z] error: <httpProxy> [
  500,
  AggregateError: 
      at ignore-listed frames {
    code: 'ECONNREFUSED',
    [errors]: [ [Error], [Error] ]
  }
]
[2026-08-21T19:33:48.833Z] error: <httpProxy> Error calling http://localhost:9000/...
[2026-08-21T19:33:48.834Z] error: <httpProxy> [
  500,
  AggregateError: 
      at ignore-listed frames {
    code: 'ECONNREFUSED',
    [errors]: [ [Error], [Error] ]
  }
]
[2026-08-21T19:33:48.834Z] error: <httpProxy> Error calling http://localhost:2283/...
[2026-08-21T19:33:48.835Z] error: <httpProxy> [
  500,
  AggregateError: 
      at ignore-listed frames {
    code: 'ECONNREFUSED',
    [errors]: [ [Error], [Error] ]
  }
]
[2026-08-21T19:33:48.836Z] error: <httpProxy> Error calling http://localhost:8010/...
[2026-08-21T19:33:48.836Z] error: <httpProxy> [
  500,
  AggregateError: 
      at ignore-listed frames {
    code: 'ECONNREFUSED',
    [errors]: [ [Error], [Error] ]
  }
]
[2026-08-21T19:33:48.836Z] error: <httpProxy> Error calling http://localhost:5006/...
[2026-08-21T19:33:48.837Z] error: <httpProxy> [
  500,
  AggregateError: 
      at ignore-listed frames {
    code: 'ECONNREFUSED',
    [errors]: [ [Error], [Error] ]
  }
]
[2026-08-21T19:33:48.842Z] error: <httpProxy> Error calling http://localhost:9000/...
[2026-08-21T19:33:48.842Z] error: <httpProxy> [
  500,
  AggregateError: 
      at ignore-listed frames {
    code: 'ECONNREFUSED',
    [errors]: [ [Error], [Error] ]
  }
]
[2026-08-21T19:33:48.844Z] error: <httpProxy> Error calling http://localhost:8010/...
[2026-08-21T19:33:48.845Z] error: <httpProxy> [
  500,
  AggregateError: 
      at ignore-listed frames {
    code: 'ECONNREFUSED',
    [errors]: [ [Error], [Error] ]
  }
]
[2026-08-21T19:33:48.847Z] error: <httpProxy> Error calling http://localhost:8020/...
[2026-08-21T19:33:48.847Z] error: <httpProxy> [
  500,
  AggregateError: 
      at ignore-listed frames {
    code: 'ECONNREFUSED',
    [errors]: [ [Error], [Error] ]
  }
]
[2026-08-21T19:33:48.849Z] error: <httpProxy> Error calling http://localhost:8015/...
[2026-08-21T19:33:48.849Z] error: <httpProxy> [
  500,
  AggregateError: 
      at ignore-listed frames {
    code: 'ECONNREFUSED',
    [errors]: [ [Error], [Error] ]
  }
]
[2026-08-21T19:33:48.851Z] error: <httpProxy> Error calling http://localhost:8020/...
[2026-08-21T19:33:48.851Z] error: <httpProxy> [
  500,
  AggregateError: 
      at ignore-listed frames {
    code: 'ECONNREFUSED',
    [errors]: [ [Error], [Error] ]
  }
]
[2026-08-21T19:33:48.852Z] error: <httpProxy> Error calling http://localhost:3929/...
[2026-08-21T19:33:48.853Z] error: <httpProxy> [
  500,
  AggregateError: 
      at ignore-listed frames {
    code: 'ECONNREFUSED',
    [errors]: [ [Error], [Error] ]
  }
]
[2026-08-21T19:33:48.853Z] error: <httpProxy> Error calling http://localhost:8015/...
[2026-08-21T19:33:48.853Z] error: <httpProxy> [
  500,
  AggregateError: 
      at ignore-listed frames {
    code: 'ECONNREFUSED',
    [errors]: [ [Error], [Error] ]
  }
]
[2026-08-21T19:33:48.857Z] error: <httpProxy> Error calling http://localhost:3001/...
[2026-08-21T19:33:48.857Z] error: <httpProxy> [
  500,
  AggregateError: 
      at ignore-listed frames {
    code: 'ECONNREFUSED',
    [errors]: [ [Error], [Error] ]
  }
]
[2026-08-21T19:33:48.858Z] error: <httpProxy> Error calling http://localhost:8082/...
[2026-08-21T19:33:48.858Z] error: <httpProxy> [
  500,
  AggregateError: 
      at ignore-listed frames {
    code: 'ECONNREFUSED',
    [errors]: [ [Error], [Error] ]
  }
]
[2026-08-21T19:33:48.859Z] error: <httpProxy> Error calling http://localhost:8787/...
[2026-08-21T19:33:48.859Z] error: <httpProxy> [
  500,
  AggregateError: 
      at ignore-listed frames {
    code: 'ECONNREFUSED',
    [errors]: [ [Error], [Error] ]
  }
]
[2026-08-21T19:33:48.859Z] error: <httpProxy> Error calling http://localhost:3929/...
[2026-08-21T19:33:48.860Z] error: <httpProxy> [
  500,
  AggregateError: 
      at ignore-listed frames {
    code: 'ECONNREFUSED',
    [errors]: [ [Error], [Error] ]
  }
]
[2026-08-21T19:33:48.860Z] error: <httpProxy> Error calling http://localhost:3001/...
[2026-08-21T19:33:48.861Z] error: <httpProxy> [
  500,
  AggregateError: 
      at ignore-listed frames {
    code: 'ECONNREFUSED',
    [errors]: [ [Error], [Error] ]
  }
]
[2026-08-21T19:33:48.864Z] error: <httpProxy> Error calling http://localhost:8082/...
[2026-08-21T19:33:48.864Z] error: <httpProxy> [
  500,
  AggregateError: 
      at ignore-listed frames {
    code: 'ECONNREFUSED',
    [errors]: [ [Error], [Error] ]
  }
]
[2026-08-21T19:33:48.867Z] error: <httpProxy> Error calling http://localhost:8787/...
[2026-08-21T19:33:48.868Z] error: <httpProxy> [
  500,
  AggregateError: 
      at ignore-listed frames {
    code: 'ECONNREFUSED',
    [errors]: [ [Error], [Error] ]
  }
]
[2026-08-21T19:33:48.870Z] error: <httpProxy> Error calling http://localhost:8090/...
[2026-08-21T19:33:48.871Z] error: <httpProxy> [
  500,
  AggregateError: 
      at ignore-listed frames {
    code: 'ECONNREFUSED',
    [errors]: [ [Error], [Error] ]
  }
]
[2026-08-21T19:33:48.871Z] error: <httpProxy> Error calling http://localhost:8081/...
[2026-08-21T19:33:48.871Z] error: <httpProxy> [
  500,
  AggregateError: 
      at ignore-listed frames {
    code: 'ECONNREFUSED',
    [errors]: [ [Error], [Error] ]
  }
]
[2026-08-21T19:33:48.873Z] error: <httpProxy> Error calling http://localhost:8090/...
[2026-08-21T19:33:48.874Z] error: <httpProxy> [
  500,
  AggregateError: 
      at ignore-listed frames {
    code: 'ECONNREFUSED',
    [errors]: [ [Error], [Error] ]
  }
]
[2026-08-21T19:33:48.874Z] error: <httpProxy> Error calling http://localhost:8081/...
[2026-08-21T19:33:48.874Z] error: <httpProxy> [
  500,
  AggregateError: 
      at ignore-listed frames {
    code: 'ECONNREFUSED',
    [errors]: [ [Error], [Error] ]
  }
]
[2026-08-21T19:33:48.875Z] error: <httpProxy> Error calling http://localhost:8787/...
[2026-08-21T19:33:48.875Z] error: <httpProxy> [
  500,
  AggregateError: 
      at ignore-listed frames {
    code: 'ECONNREFUSED',
    [errors]: [ [Error], [Error] ]
  }
]
[2026-08-21T19:33:48.876Z] error: <httpProxy> Error calling http://localhost:8083/...
[2026-08-21T19:33:48.876Z] error: <httpProxy> [
  500,
  AggregateError: 
      at ignore-listed frames {
    code: 'ECONNREFUSED',
    [errors]: [ [Error], [Error] ]
  }
]
[2026-08-21T19:33:48.876Z] error: <httpProxy> Error calling http://localhost:8083/...
[2026-08-21T19:33:48.877Z] error: <httpProxy> [
  500,
  AggregateError: 
      at ignore-listed frames {
    code: 'ECONNREFUSED',
    [errors]: [ [Error], [Error] ]
  }
]
[2026-08-21T19:33:48.878Z] error: <httpProxy> Error calling http://localhost:8083/...
[2026-08-21T19:33:48.878Z] error: <httpProxy> [
  500,
  AggregateError: 
      at ignore-listed frames {
    code: 'ECONNREFUSED',
    [errors]: [ [Error], [Error] ]
  }
]
[2026-08-21T19:33:48.879Z] error: <httpProxy> Error calling http://localhost:8787/...
[2026-08-21T19:33:48.879Z] error: <httpProxy> [
  500,
  AggregateError: 
      at ignore-listed frames {
    code: 'ECONNREFUSED',
    [errors]: [ [Error], [Error] ]
  }
]
[2026-08-21T19:33:48.879Z] error: <httpProxy> Error calling http://localhost:8083/...
[2026-08-21T19:33:48.880Z] error: <httpProxy> [
  500,
  AggregateError: 
      at ignore-listed frames {
    code: 'ECONNREFUSED',
    [errors]: [ [Error], [Error] ]
  }
]
[2026-08-21T19:33:48.880Z] error: <httpProxy> Error calling http://localhost:8083/...
[2026-08-21T19:33:48.880Z] error: <httpProxy> [
  500,
  AggregateError: 
      at ignore-listed frames {
    code: 'ECONNREFUSED',
    [errors]: [ [Error], [Error] ]
  }
]
[2026-08-21T19:33:48.881Z] error: <httpProxy> Error calling http://localhost:8083/...
[2026-08-21T19:33:48.881Z] error: <httpProxy> [
  500,
  AggregateError: 
      at ignore-listed frames {
    code: 'ECONNREFUSED',
    [errors]: [ [Error], [Error] ]
  }
]
[2026-08-21T19:34:15.007Z] error: <httpProxy> Error calling http://localhost:8010/...
[2026-08-21T19:34:15.008Z] error: <httpProxy> [
  500,
  AggregateError: 
      at ignore-listed frames {
    code: 'ECONNREFUSED',
    [errors]: [ [Error], [Error] ]
  }
]
[2026-08-21T19:34:15.017Z] error: <httpProxy> Error calling http://localhost:8010/...
[2026-08-21T19:34:15.017Z] error: <httpProxy> [
  500,
  AggregateError: 
      at ignore-listed frames {
    code: 'ECONNREFUSED',
    [errors]: [ [Error], [Error] ]
  }
]
[2026-08-21T19:34:15.020Z] error: <httpProxy> Error calling http://localhost:2283/...
[2026-08-21T19:34:15.021Z] error: <httpProxy> [
  500,
  AggregateError: 
      at ignore-listed frames {
    code: 'ECONNREFUSED',
    [errors]: [ [Error], [Error] ]
  }
]
[2026-08-21T19:34:15.028Z] error: <httpProxy> Error calling http://localhost:9000/...
[2026-08-21T19:34:15.028Z] error: <httpProxy> [
  500,
  AggregateError: 
      at ignore-listed frames {
    code: 'ECONNREFUSED',
    [errors]: [ [Error], [Error] ]
  }
]
[2026-08-21T19:34:15.029Z] error: <httpProxy> Error calling http://localhost:5006/...
[2026-08-21T19:34:15.030Z] error: <httpProxy> [
  500,
  AggregateError: 
      at ignore-listed frames {
    code: 'ECONNREFUSED',
    [errors]: [ [Error], [Error] ]
  }
]
[2026-08-21T19:34:15.032Z] error: <httpProxy> Error calling http://localhost:8020/...
[2026-08-21T19:34:15.033Z] error: <httpProxy> [
  500,
  AggregateError: 
      at ignore-listed frames {
    code: 'ECONNREFUSED',
    [errors]: [ [Error], [Error] ]
  }
]
[2026-08-21T19:34:15.034Z] error: <httpProxy> Error calling http://localhost:2283/...
[2026-08-21T19:34:15.035Z] error: <httpProxy> [
  500,
  AggregateError: 
      at ignore-listed frames {
    code: 'ECONNREFUSED',
    [errors]: [ [Error], [Error] ]
  }
]
[2026-08-21T19:34:15.039Z] error: <httpProxy> Error calling http://localhost:9000/...
[2026-08-21T19:34:15.039Z] error: <httpProxy> [
  500,
  AggregateError: 
      at ignore-listed frames {
    code: 'ECONNREFUSED',
    [errors]: [ [Error], [Error] ]
  }
]
[2026-08-21T19:34:15.040Z] error: <httpProxy> Error calling http://localhost:5006/...
[2026-08-21T19:34:15.041Z] error: <httpProxy> [
  500,
  AggregateError: 
      at ignore-listed frames {
    code: 'ECONNREFUSED',
    [errors]: [ [Error], [Error] ]
  }
]
[2026-08-21T19:34:15.048Z] error: <httpProxy> Error calling http://localhost:8020/...
[2026-08-21T19:34:15.048Z] error: <httpProxy> [
  500,
  AggregateError: 
      at ignore-listed frames {
    code: 'ECONNREFUSED',
    [errors]: [ [Error], [Error] ]
  }
]
[2026-08-21T19:34:15.056Z] error: <httpProxy> Error calling http://localhost:8015/...
[2026-08-21T19:34:15.057Z] error: <httpProxy> [
  500,
  AggregateError: 
      at ignore-listed frames {
    code: 'ECONNREFUSED',
    [errors]: [ [Error], [Error] ]
  }
]
[2026-08-21T19:34:15.057Z] error: <httpProxy> Error calling http://localhost:3929/...
[2026-08-21T19:34:15.058Z] error: <httpProxy> [
  500,
  AggregateError: 
      at ignore-listed frames {
    code: 'ECONNREFUSED',
    [errors]: [ [Error], [Error] ]
  }
]
[2026-08-21T19:34:15.068Z] error: <httpProxy> Error calling http://localhost:3001/...
[2026-08-21T19:34:15.069Z] error: <httpProxy> [
  500,
  AggregateError: 
      at ignore-listed frames {
    code: 'ECONNREFUSED',
    [errors]: [ [Error], [Error] ]
  }
]
[2026-08-21T19:34:15.069Z] error: <httpProxy> Error calling http://localhost:8015/...
[2026-08-21T19:34:15.070Z] error: <httpProxy> [
  500,
  AggregateError: 
      at ignore-listed frames {
    code: 'ECONNREFUSED',
    [errors]: [ [Error], [Error] ]
  }
]
[2026-08-21T19:34:15.070Z] error: <httpProxy> Error calling http://localhost:3929/...
[2026-08-21T19:34:15.071Z] error: <httpProxy> [
  500,
  AggregateError: 
      at ignore-listed frames {
    code: 'ECONNREFUSED',
    [errors]: [ [Error], [Error] ]
  }
]
[2026-08-21T19:34:15.079Z] error: <httpProxy> Error calling http://localhost:8082/...
[2026-08-21T19:34:15.080Z] error: <httpProxy> [
  500,
  AggregateError: 
      at ignore-listed frames {
    code: 'ECONNREFUSED',
    [errors]: [ [Error], [Error] ]
  }
]
[2026-08-21T19:34:15.081Z] error: <httpProxy> Error calling http://localhost:8787/...
[2026-08-21T19:34:15.082Z] error: <httpProxy> [
  500,
  AggregateError: 
      at ignore-listed frames {
    code: 'ECONNREFUSED',
    [errors]: [ [Error], [Error] ]
  }
]
[2026-08-21T19:34:15.082Z] error: <httpProxy> Error calling http://localhost:3001/...
[2026-08-21T19:34:15.083Z] error: <httpProxy> [
  500,
  AggregateError: 
      at ignore-listed frames {
    code: 'ECONNREFUSED',
    [errors]: [ [Error], [Error] ]
  }
]
[2026-08-21T19:34:15.084Z] error: <httpProxy> Error calling http://localhost:8090/...
[2026-08-21T19:34:15.085Z] error: <httpProxy> [
  500,
  AggregateError: 
      at ignore-listed frames {
    code: 'ECONNREFUSED',
    [errors]: [ [Error], [Error] ]
  }
]
[2026-08-21T19:34:15.090Z] error: <httpProxy> Error calling http://localhost:8082/...
[2026-08-21T19:34:15.091Z] error: <httpProxy> [
  500,
  AggregateError: 
      at ignore-listed frames {
    code: 'ECONNREFUSED',
    [errors]: [ [Error], [Error] ]
  }
]
[2026-08-21T19:34:15.092Z] error: <httpProxy> Error calling http://localhost:8787/...
[2026-08-21T19:34:15.092Z] error: <httpProxy> [
  500,
  AggregateError: 
      at ignore-listed frames {
    code: 'ECONNREFUSED',
    [errors]: [ [Error], [Error] ]
  }
]
[2026-08-21T19:34:15.096Z] error: <httpProxy> Error calling http://localhost:8090/...
[2026-08-21T19:34:15.097Z] error: <httpProxy> [
  500,
  AggregateError: 
      at ignore-listed frames {
    code: 'ECONNREFUSED',
    [errors]: [ [Error], [Error] ]
  }
]
[2026-08-21T19:34:15.101Z] error: <httpProxy> Error calling http://localhost:8081/...
[2026-08-21T19:34:15.102Z] error: <httpProxy> [
  500,
  AggregateError: 
      at ignore-listed frames {
    code: 'ECONNREFUSED',
    [errors]: [ [Error], [Error] ]
  }
]
[2026-08-21T19:34:15.103Z] error: <httpProxy> Error calling http://localhost:8787/...
[2026-08-21T19:34:15.103Z] error: <httpProxy> [
  500,
  AggregateError: 
      at ignore-listed frames {
    code: 'ECONNREFUSED',
    [errors]: [ [Error], [Error] ]
  }
]
[2026-08-21T19:34:15.105Z] error: <httpProxy> Error calling http://localhost:8081/...
[2026-08-21T19:34:15.105Z] error: <httpProxy> [
  500,
  AggregateError: 
      at ignore-listed frames {
    code: 'ECONNREFUSED',
    [errors]: [ [Error], [Error] ]
  }
]
[2026-08-21T19:34:15.105Z] error: <httpProxy> Error calling http://localhost:8787/...
[2026-08-21T19:34:15.106Z] error: <httpProxy> [
  500,
  AggregateError: 
      at ignore-listed frames {
    code: 'ECONNREFUSED',
    [errors]: [ [Error], [Error] ]
  }
]
[2026-08-21T19:34:15.107Z] error: <httpProxy> Error calling http://localhost:8083/...
[2026-08-21T19:34:15.108Z] error: <httpProxy> [
  500,
  AggregateError: 
      at ignore-listed frames {
    code: 'ECONNREFUSED',
    [errors]: [ [Error], [Error] ]
  }
]
[2026-08-21T19:34:15.109Z] error: <httpProxy> Error calling http://localhost:8083/...
[2026-08-21T19:34:15.109Z] error: <httpProxy> [
  500,
  AggregateError: 
      at ignore-listed frames {
    code: 'ECONNREFUSED',
    [errors]: [ [Error], [Error] ]
  }
]
[2026-08-21T19:34:15.110Z] error: <httpProxy> Error calling http://localhost:8083/...
[2026-08-21T19:34:15.110Z] error: <httpProxy> [
  500,
  AggregateError: 
      at ignore-listed frames {
    code: 'ECONNREFUSED',
    [errors]: [ [Error], [Error] ]
  }
]
[2026-08-21T19:34:15.111Z] error: <httpProxy> Error calling http://localhost:8083/...
[2026-08-21T19:34:15.111Z] error: <httpProxy> [
  500,
  AggregateError: 
      at ignore-listed frames {
    code: 'ECONNREFUSED',
    [errors]: [ [Error], [Error] ]
  }
]
[2026-08-21T19:34:15.111Z] error: <httpProxy> Error calling http://localhost:8083/...
[2026-08-21T19:34:15.112Z] error: <httpProxy> [
  500,
  AggregateError: 
      at ignore-listed frames {
    code: 'ECONNREFUSED',
    [errors]: [ [Error], [Error] ]
  }
]
[2026-08-21T19:34:15.112Z] error: <httpProxy> Error calling http://localhost:8083/...
[2026-08-21T19:34:15.112Z] error: <httpProxy> [
  500,
  AggregateError: 
      at ignore-listed frames {
    code: 'ECONNREFUSED',
    [errors]: [ [Error], [Error] ]
  }
]
[2026-08-21T19:34:18.853Z] error: <httpProxy> Error calling http://localhost:2283/...
[2026-08-21T19:34:18.853Z] error: <httpProxy> [
  500,
  AggregateError: 
      at ignore-listed frames {
    code: 'ECONNREFUSED',
    [errors]: [ [Error], [Error] ]
  }
]
[2026-08-21T19:34:18.854Z] error: <httpProxy> Error calling http://localhost:5006/...
[2026-08-21T19:34:18.855Z] error: <httpProxy> [
  500,
  AggregateError: 
      at ignore-listed frames {
    code: 'ECONNREFUSED',
    [errors]: [ [Error], [Error] ]
  }
]
[2026-08-21T19:34:18.858Z] error: <httpProxy> Error calling http://localhost:9000/...
[2026-08-21T19:34:18.858Z] error: <httpProxy> [
  500,
  AggregateError: 
      at ignore-listed frames {
    code: 'ECONNREFUSED',
    [errors]: [ [Error], [Error] ]
  }
]
[2026-08-21T19:34:18.860Z] error: <httpProxy> Error calling http://localhost:2283/...
[2026-08-21T19:34:18.861Z] error: <httpProxy> [
  500,
  AggregateError: 
      at ignore-listed frames {
    code: 'ECONNREFUSED',
    [errors]: [ [Error], [Error] ]
  }
]
[2026-08-21T19:34:18.861Z] error: <httpProxy> Error calling http://localhost:8010/...
[2026-08-21T19:34:18.862Z] error: <httpProxy> [
  500,
  AggregateError: 
      at ignore-listed frames {
    code: 'ECONNREFUSED',
    [errors]: [ [Error], [Error] ]
  }
]
[2026-08-21T19:34:18.862Z] error: <httpProxy> Error calling http://localhost:5006/...
[2026-08-21T19:34:18.863Z] error: <httpProxy> [
  500,
  AggregateError: 
      at ignore-listed frames {
    code: 'ECONNREFUSED',
    [errors]: [ [Error], [Error] ]
  }
]
[2026-08-21T19:34:18.864Z] error: <httpProxy> Error calling http://localhost:9000/...
[2026-08-21T19:34:18.865Z] error: <httpProxy> [
  500,
  AggregateError: 
      at ignore-listed frames {
    code: 'ECONNREFUSED',
    [errors]: [ [Error], [Error] ]
  }
]
[2026-08-21T19:34:18.870Z] error: <httpProxy> Error calling http://localhost:8010/...
[2026-08-21T19:34:18.870Z] error: <httpProxy> [
  500,
  AggregateError: 
      at ignore-listed frames {
    code: 'ECONNREFUSED',
    [errors]: [ [Error], [Error] ]
  }
]
[2026-08-21T19:34:18.871Z] error: <httpProxy> Error calling http://localhost:8020/...
[2026-08-21T19:34:18.871Z] error: <httpProxy> [
  500,
  AggregateError: 
      at ignore-listed frames {
    code: 'ECONNREFUSED',
    [errors]: [ [Error], [Error] ]
  }
]
[2026-08-21T19:34:18.872Z] error: <httpProxy> Error calling http://localhost:8015/...
[2026-08-21T19:34:18.873Z] error: <httpProxy> [
  500,
  AggregateError: 
      at ignore-listed frames {
    code: 'ECONNREFUSED',
    [errors]: [ [Error], [Error] ]
  }
]
[2026-08-21T19:34:18.874Z] error: <httpProxy> Error calling http://localhost:8020/...
[2026-08-21T19:34:18.874Z] error: <httpProxy> [
  500,
  AggregateError: 
      at ignore-listed frames {
    code: 'ECONNREFUSED',
    [errors]: [ [Error], [Error] ]
  }
]
[2026-08-21T19:34:18.875Z] error: <httpProxy> Error calling http://localhost:3929/...
[2026-08-21T19:34:18.876Z] error: <httpProxy> [
  500,
  AggregateError: 
      at ignore-listed frames {
    code: 'ECONNREFUSED',
    [errors]: [ [Error], [Error] ]
  }
]
[2026-08-21T19:34:18.876Z] error: <httpProxy> Error calling http://localhost:8015/...
[2026-08-21T19:34:18.877Z] error: <httpProxy> [
  500,
  AggregateError: 
      at ignore-listed frames {
    code: 'ECONNREFUSED',
    [errors]: [ [Error], [Error] ]
  }
]
[2026-08-21T19:34:18.877Z] error: <httpProxy> Error calling http://localhost:3001/...
[2026-08-21T19:34:18.878Z] error: <httpProxy> [
  500,
  AggregateError: 
      at ignore-listed frames {
    code: 'ECONNREFUSED',
    [errors]: [ [Error], [Error] ]
  }
]
[2026-08-21T19:34:18.878Z] error: <httpProxy> Error calling http://localhost:3929/...
[2026-08-21T19:34:18.879Z] error: <httpProxy> [
  500,
  AggregateError: 
      at ignore-listed frames {
    code: 'ECONNREFUSED',
    [errors]: [ [Error], [Error] ]
  }
]
[2026-08-21T19:34:18.879Z] error: <httpProxy> Error calling http://localhost:3001/...
[2026-08-21T19:34:18.880Z] error: <httpProxy> [
  500,
  AggregateError: 
      at ignore-listed frames {
    code: 'ECONNREFUSED',
    [errors]: [ [Error], [Error] ]
  }
]
[2026-08-21T19:34:18.989Z] error: <httpProxy> Error calling http://localhost:8082/...
[2026-08-21T19:34:18.990Z] error: <httpProxy> [
  500,
  AggregateError: 
      at ignore-listed frames {
    code: 'ECONNREFUSED',
    [errors]: [ [Error], [Error] ]
  }
]
[2026-08-21T19:34:18.990Z] error: <httpProxy> Error calling http://localhost:8787/...
[2026-08-21T19:34:18.991Z] error: <httpProxy> [
  500,
  AggregateError: 
      at ignore-listed frames {
    code: 'ECONNREFUSED',
    [errors]: [ [Error], [Error] ]
  }
]
[2026-08-21T19:34:18.991Z] error: <httpProxy> Error calling http://localhost:8090/...
[2026-08-21T19:34:18.991Z] error: <httpProxy> [
  500,
  AggregateError: 
      at ignore-listed frames {
    code: 'ECONNREFUSED',
    [errors]: [ [Error], [Error] ]
  }
]
[2026-08-21T19:34:18.992Z] error: <httpProxy> Error calling http://localhost:8081/...
[2026-08-21T19:34:18.992Z] error: <httpProxy> [
  500,
  AggregateError: 
      at ignore-listed frames {
    code: 'ECONNREFUSED',
    [errors]: [ [Error], [Error] ]
  }
]
[2026-08-21T19:34:18.993Z] error: <httpProxy> Error calling http://localhost:8787/...
[2026-08-21T19:34:18.993Z] error: <httpProxy> [
  500,
  AggregateError: 
      at ignore-listed frames {
    code: 'ECONNREFUSED',
    [errors]: [ [Error], [Error] ]
  }
]
[2026-08-21T19:34:18.994Z] error: <httpProxy> Error calling http://localhost:8083/...
[2026-08-21T19:34:18.994Z] error: <httpProxy> [
  500,
  AggregateError: 
      at ignore-listed frames {
    code: 'ECONNREFUSED',
    [errors]: [ [Error], [Error] ]
  }
]
[2026-08-21T19:34:18.995Z] error: <httpProxy> Error calling http://localhost:8082/...
[2026-08-21T19:34:18.996Z] error: <httpProxy> [
  500,
  AggregateError: 
      at ignore-listed frames {
    code: 'ECONNREFUSED',
    [errors]: [ [Error], [Error] ]
  }
]
[2026-08-21T19:34:18.996Z] error: <httpProxy> Error calling http://localhost:8787/...
[2026-08-21T19:34:18.996Z] error: <httpProxy> [
  500,
  AggregateError: 
      at ignore-listed frames {
    code: 'ECONNREFUSED',
    [errors]: [ [Error], [Error] ]
  }
]
[2026-08-21T19:34:18.997Z] error: <httpProxy> Error calling http://localhost:8090/...
[2026-08-21T19:34:18.997Z] error: <httpProxy> [
  500,
  AggregateError: 
      at ignore-listed frames {
    code: 'ECONNREFUSED',
    [errors]: [ [Error], [Error] ]
  }
]
[2026-08-21T19:34:18.997Z] error: <httpProxy> Error calling http://localhost:8081/...
[2026-08-21T19:34:18.998Z] error: <httpProxy> [
  500,
  AggregateError: 
      at ignore-listed frames {
    code: 'ECONNREFUSED',
    [errors]: [ [Error], [Error] ]
  }
]
[2026-08-21T19:34:19.002Z] error: <httpProxy> Error calling http://localhost:8787/...
[2026-08-21T19:34:19.003Z] error: <httpProxy> [
  500,
  AggregateError: 
      at ignore-listed frames {
    code: 'ECONNREFUSED',
    [errors]: [ [Error], [Error] ]
  }
]
[2026-08-21T19:34:19.003Z] error: <httpProxy> Error calling http://localhost:8083/...
[2026-08-21T19:34:19.003Z] error: <httpProxy> [
  500,
  AggregateError: 
      at ignore-listed frames {
    code: 'ECONNREFUSED',
    [errors]: [ [Error], [Error] ]
  }
]
[2026-08-21T19:34:19.005Z] error: <httpProxy> Error calling http://localhost:8083/...
[2026-08-21T19:34:19.005Z] error: <httpProxy> [
  500,
  AggregateError: 
      at ignore-listed frames {
    code: 'ECONNREFUSED',
    [errors]: [ [Error], [Error] ]
  }
]
[2026-08-21T19:34:19.006Z] error: <httpProxy> Error calling http://localhost:8083/...
[2026-08-21T19:34:19.006Z] error: <httpProxy> [
  500,
  AggregateError: 
      at ignore-listed frames {
    code: 'ECONNREFUSED',
    [errors]: [ [Error], [Error] ]
  }
]
[2026-08-21T19:34:19.007Z] error: <httpProxy> Error calling http://localhost:8083/...
[2026-08-21T19:34:19.007Z] error: <httpProxy> [
  500,
  AggregateError: 
      at ignore-listed frames {
    code: 'ECONNREFUSED',
    [errors]: [ [Error], [Error] ]
  }
]
[2026-08-21T19:34:19.007Z] error: <httpProxy> Error calling http://localhost:8083/...
[2026-08-21T19:34:19.008Z] error: <httpProxy> [
  500,
  AggregateError: 
      at ignore-listed frames {
    code: 'ECONNREFUSED',
    [errors]: [ [Error], [Error] ]
  }
]
[2026-08-21T19:34:48.868Z] error: <httpProxy> Error calling http://localhost:2283/...
[2026-08-21T19:34:48.869Z] error: <httpProxy> [
  500,
  AggregateError: 
      at ignore-listed frames {
    code: 'ECONNREFUSED',
    [errors]: [ [Error], [Error] ]
  }
]
[2026-08-21T19:34:48.869Z] error: <httpProxy> Error calling http://localhost:2283/...
[2026-08-21T19:34:48.870Z] error: <httpProxy> [
  500,
  AggregateError: 
      at ignore-listed frames {
    code: 'ECONNREFUSED',
    [errors]: [ [Error], [Error] ]
  }
]
[2026-08-21T19:34:48.990Z] error: <httpProxy> Error calling http://localhost:5006/...
[2026-08-21T19:34:48.991Z] error: <httpProxy> [
  500,
  AggregateError: 
      at ignore-listed frames {
    code: 'ECONNREFUSED',
    [errors]: [ [Error], [Error] ]
  }
]
[2026-08-21T19:34:48.991Z] error: <httpProxy> Error calling http://localhost:9000/...
[2026-08-21T19:34:48.992Z] error: <httpProxy> [
  500,
  AggregateError: 
      at ignore-listed frames {
    code: 'ECONNREFUSED',
    [errors]: [ [Error], [Error] ]
  }
]
[2026-08-21T19:34:48.993Z] error: <httpProxy> Error calling http://localhost:8010/...
[2026-08-21T19:34:48.993Z] error: <httpProxy> [
  500,
  AggregateError: 
      at ignore-listed frames {
    code: 'ECONNREFUSED',
    [errors]: [ [Error], [Error] ]
  }
]
[2026-08-21T19:34:48.993Z] error: <httpProxy> Error calling http://localhost:8020/...
[2026-08-21T19:34:48.994Z] error: <httpProxy> [
  500,
  AggregateError: 
      at ignore-listed frames {
    code: 'ECONNREFUSED',
    [errors]: [ [Error], [Error] ]
  }
]
[2026-08-21T19:34:48.994Z] error: <httpProxy> Error calling http://localhost:5006/...
[2026-08-21T19:34:48.994Z] error: <httpProxy> [
  500,
  AggregateError: 
      at ignore-listed frames {
    code: 'ECONNREFUSED',
    [errors]: [ [Error], [Error] ]
  }
]
[2026-08-21T19:34:48.995Z] error: <httpProxy> Error calling http://localhost:8015/...
[2026-08-21T19:34:48.995Z] error: <httpProxy> [
  500,
  AggregateError: 
      at ignore-listed frames {
    code: 'ECONNREFUSED',
    [errors]: [ [Error], [Error] ]
  }
]
[2026-08-21T19:34:48.995Z] error: <httpProxy> Error calling http://localhost:9000/...
[2026-08-21T19:34:48.996Z] error: <httpProxy> [
  500,
  AggregateError: 
      at ignore-listed frames {
    code: 'ECONNREFUSED',
    [errors]: [ [Error], [Error] ]
  }
]
[2026-08-21T19:34:48.998Z] error: <httpProxy> Error calling http://localhost:3929/...
[2026-08-21T19:34:48.998Z] error: <httpProxy> [
  500,
  AggregateError: 
      at ignore-listed frames {
    code: 'ECONNREFUSED',
    [errors]: [ [Error], [Error] ]
  }
]
[2026-08-21T19:34:48.999Z] error: <httpProxy> Error calling http://localhost:8010/...
[2026-08-21T19:34:48.999Z] error: <httpProxy> [
  500,
  AggregateError: 
      at ignore-listed frames {
    code: 'ECONNREFUSED',
    [errors]: [ [Error], [Error] ]
  }
]
[2026-08-21T19:34:49.001Z] error: <httpProxy> Error calling http://localhost:8020/...
[2026-08-21T19:34:49.001Z] error: <httpProxy> [
  500,
  AggregateError: 
      at ignore-listed frames {
    code: 'ECONNREFUSED',
    [errors]: [ [Error], [Error] ]
  }
]
[2026-08-21T19:34:49.004Z] error: <httpProxy> Error calling http://localhost:8015/...
[2026-08-21T19:34:49.005Z] error: <httpProxy> [
  500,
  AggregateError: 
      at ignore-listed frames {
    code: 'ECONNREFUSED',
    [errors]: [ [Error], [Error] ]
  }
]
[2026-08-21T19:34:49.007Z] error: <httpProxy> Error calling http://localhost:3929/...
[2026-08-21T19:34:49.008Z] error: <httpProxy> [
  500,
  AggregateError: 
      at ignore-listed frames {
    code: 'ECONNREFUSED',
    [errors]: [ [Error], [Error] ]
  }
]
[2026-08-21T19:34:49.013Z] error: <httpProxy> Error calling http://localhost:3001/...
[2026-08-21T19:34:49.013Z] error: <httpProxy> [
  500,
  AggregateError: 
      at ignore-listed frames {
    code: 'ECONNREFUSED',
    [errors]: [ [Error], [Error] ]
  }
]
[2026-08-21T19:34:49.014Z] error: <httpProxy> Error calling http://localhost:8082/...
[2026-08-21T19:34:49.014Z] error: <httpProxy> [
  500,
  AggregateError: 
      at ignore-listed frames {
    code: 'ECONNREFUSED',
    [errors]: [ [Error], [Error] ]
  }
]
[2026-08-21T19:34:49.014Z] error: <httpProxy> Error calling http://localhost:8787/...
[2026-08-21T19:34:49.015Z] error: <httpProxy> [
  500,
  AggregateError: 
      at ignore-listed frames {
    code: 'ECONNREFUSED',
    [errors]: [ [Error], [Error] ]
  }
]
[2026-08-21T19:34:49.015Z] error: <httpProxy> Error calling http://localhost:8090/...
[2026-08-21T19:34:49.015Z] error: <httpProxy> [
  500,
  AggregateError: 
      at ignore-listed frames {
    code: 'ECONNREFUSED',
    [errors]: [ [Error], [Error] ]
  }
]
[2026-08-21T19:34:49.016Z] error: <httpProxy> Error calling http://localhost:8081/...
[2026-08-21T19:34:49.016Z] error: <httpProxy> [
  500,
  AggregateError: 
      at ignore-listed frames {
    code: 'ECONNREFUSED',
    [errors]: [ [Error], [Error] ]
  }
]
[2026-08-21T19:34:49.016Z] error: <httpProxy> Error calling http://localhost:3001/...
[2026-08-21T19:34:49.017Z] error: <httpProxy> [
  500,
  AggregateError: 
      at ignore-listed frames {
    code: 'ECONNREFUSED',
    [errors]: [ [Error], [Error] ]
  }
]
[2026-08-21T19:34:49.018Z] error: <httpProxy> Error calling http://localhost:8787/...
[2026-08-21T19:34:49.018Z] error: <httpProxy> [
  500,
  AggregateError: 
      at ignore-listed frames {
    code: 'ECONNREFUSED',
    [errors]: [ [Error], [Error] ]
  }
]
[2026-08-21T19:34:49.018Z] error: <httpProxy> Error calling http://localhost:8082/...
[2026-08-21T19:34:49.019Z] error: <httpProxy> [
  500,
  AggregateError: 
      at ignore-listed frames {
    code: 'ECONNREFUSED',
    [errors]: [ [Error], [Error] ]
  }
]
[2026-08-21T19:34:49.022Z] error: <httpProxy> Error calling http://localhost:8787/...
[2026-08-21T19:34:49.022Z] error: <httpProxy> [
  500,
  AggregateError: 
      at ignore-listed frames {
    code: 'ECONNREFUSED',
    [errors]: [ [Error], [Error] ]
  }
]
[2026-08-21T19:34:49.022Z] error: <httpProxy> Error calling http://localhost:8090/...
[2026-08-21T19:34:49.023Z] error: <httpProxy> [
  500,
  AggregateError: 
      at ignore-listed frames {
    code: 'ECONNREFUSED',
    [errors]: [ [Error], [Error] ]
  }
]
[2026-08-21T19:34:49.024Z] error: <httpProxy> Error calling http://localhost:8081/...
[2026-08-21T19:34:49.025Z] error: <httpProxy> [
  500,
  AggregateError: 
      at ignore-listed frames {
    code: 'ECONNREFUSED',
    [errors]: [ [Error], [Error] ]
  }
]
[2026-08-21T19:34:49.026Z] error: <httpProxy> Error calling http://localhost:8787/...
[2026-08-21T19:34:49.026Z] error: <httpProxy> [
  500,
  AggregateError: 
      at ignore-listed frames {
    code: 'ECONNREFUSED',
    [errors]: [ [Error], [Error] ]
  }
]
[2026-08-21T19:34:49.028Z] error: <httpProxy> Error calling http://localhost:8083/...
[2026-08-21T19:34:49.028Z] error: <httpProxy> [
  500,
  AggregateError: 
      at ignore-listed frames {
    code: 'ECONNREFUSED',
    [errors]: [ [Error], [Error] ]
  }
]
[2026-08-21T19:34:49.028Z] error: <httpProxy> Error calling http://localhost:8083/...
[2026-08-21T19:34:49.029Z] error: <httpProxy> [
  500,
  AggregateError: 
      at ignore-listed frames {
    code: 'ECONNREFUSED',
    [errors]: [ [Error], [Error] ]
  }
]
[2026-08-21T19:34:49.029Z] error: <httpProxy> Error calling http://localhost:8083/...
[2026-08-21T19:34:49.029Z] error: <httpProxy> [
  500,
  AggregateError: 
      at ignore-listed frames {
    code: 'ECONNREFUSED',
    [errors]: [ [Error], [Error] ]
  }
]
[2026-08-21T19:34:49.030Z] error: <httpProxy> Error calling http://localhost:8083/...
[2026-08-21T19:34:49.030Z] error: <httpProxy> [
  500,
  AggregateError: 
      at ignore-listed frames {
    code: 'ECONNREFUSED',
    [errors]: [ [Error], [Error] ]
  }
]
[2026-08-21T19:34:49.030Z] error: <httpProxy> Error calling http://localhost:8083/...
[2026-08-21T19:34:49.031Z] error: <httpProxy> [
  500,
  AggregateError: 
      at ignore-listed frames {
    code: 'ECONNREFUSED',
    [errors]: [ [Error], [Error] ]
  }
]
[2026-08-21T19:34:49.031Z] error: <httpProxy> Error calling http://localhost:8083/...
[2026-08-21T19:34:49.031Z] error: <httpProxy> [
  500,
  AggregateError: 
      at ignore-listed frames {
    code: 'ECONNREFUSED',
    [errors]: [ [Error], [Error] ]
  }
]
[2026-08-21T19:35:18.877Z] error: <httpProxy> Error calling http://localhost:2283/...
[2026-08-21T19:35:18.877Z] error: <httpProxy> [
  500,
  AggregateError: 
      at ignore-listed frames {
    code: 'ECONNREFUSED',
    [errors]: [ [Error], [Error] ]
  }
]
[2026-08-21T19:35:18.878Z] error: <httpProxy> Error calling http://localhost:2283/...
[2026-08-21T19:35:18.878Z] error: <httpProxy> [
  500,
  AggregateError: 
      at ignore-listed frames {
    code: 'ECONNREFUSED',
    [errors]: [ [Error], [Error] ]
  }
]
[2026-08-21T19:35:19.008Z] error: <httpProxy> Error calling http://localhost:5006/...
[2026-08-21T19:35:19.008Z] error: <httpProxy> [
  500,
  AggregateError: 
      at ignore-listed frames {
    code: 'ECONNREFUSED',
    [errors]: [ [Error], [Error] ]
  }
]
[2026-08-21T19:35:19.010Z] error: <httpProxy> Error calling http://localhost:9000/...
[2026-08-21T19:35:19.011Z] error: <httpProxy> [
  500,
  AggregateError: 
      at ignore-listed frames {
    code: 'ECONNREFUSED',
    [errors]: [ [Error], [Error] ]
  }
]
[2026-08-21T19:35:19.013Z] error: <httpProxy> Error calling http://localhost:5006/...
[2026-08-21T19:35:19.013Z] error: <httpProxy> [
  500,
  AggregateError: 
      at ignore-listed frames {
    code: 'ECONNREFUSED',
    [errors]: [ [Error], [Error] ]
  }
]
[2026-08-21T19:35:19.016Z] error: <httpProxy> Error calling http://localhost:8010/...
[2026-08-21T19:35:19.016Z] error: <httpProxy> [
  500,
  AggregateError: 
      at ignore-listed frames {
    code: 'ECONNREFUSED',
    [errors]: [ [Error], [Error] ]
  }
]
[2026-08-21T19:35:19.017Z] error: <httpProxy> Error calling http://localhost:8020/...
[2026-08-21T19:35:19.017Z] error: <httpProxy> [
  500,
  AggregateError: 
      at ignore-listed frames {
    code: 'ECONNREFUSED',
    [errors]: [ [Error], [Error] ]
  }
]
[2026-08-21T19:35:19.017Z] error: <httpProxy> Error calling http://localhost:9000/...
[2026-08-21T19:35:19.017Z] error: <httpProxy> [
  500,
  AggregateError: 
      at ignore-listed frames {
    code: 'ECONNREFUSED',
    [errors]: [ [Error], [Error] ]
  }
]
[2026-08-21T19:35:19.019Z] error: <httpProxy> Error calling http://localhost:8010/...
[2026-08-21T19:35:19.019Z] error: <httpProxy> [
  500,
  AggregateError: 
      at ignore-listed frames {
    code: 'ECONNREFUSED',
    [errors]: [ [Error], [Error] ]
  }
]
[2026-08-21T19:35:19.020Z] error: <httpProxy> Error calling http://localhost:8020/...
[2026-08-21T19:35:19.020Z] error: <httpProxy> [
  500,
  AggregateError: 
      at ignore-listed frames {
    code: 'ECONNREFUSED',
    [errors]: [ [Error], [Error] ]
  }
]
[2026-08-21T19:35:19.029Z] error: <httpProxy> Error calling http://localhost:8015/...
[2026-08-21T19:35:19.029Z] error: <httpProxy> [
  500,
  AggregateError: 
      at ignore-listed frames {
    code: 'ECONNREFUSED',
    [errors]: [ [Error], [Error] ]
  }
]
[2026-08-21T19:35:19.032Z] error: <httpProxy> Error calling http://localhost:3929/...
[2026-08-21T19:35:19.033Z] error: <httpProxy> [
  500,
  AggregateError: 
      at ignore-listed frames {
    code: 'ECONNREFUSED',
    [errors]: [ [Error], [Error] ]
  }
]
[2026-08-21T19:35:19.034Z] error: <httpProxy> Error calling http://localhost:8015/...
[2026-08-21T19:35:19.034Z] error: <httpProxy> [
  500,
  AggregateError: 
      at ignore-listed frames {
    code: 'ECONNREFUSED',
    [errors]: [ [Error], [Error] ]
  }
]
[2026-08-21T19:35:19.036Z] error: <httpProxy> Error calling http://localhost:3929/...
[2026-08-21T19:35:19.036Z] error: <httpProxy> [
  500,
  AggregateError: 
      at ignore-listed frames {
    code: 'ECONNREFUSED',
    [errors]: [ [Error], [Error] ]
  }
]
[2026-08-21T19:35:19.041Z] error: <httpProxy> Error calling http://localhost:3001/...
[2026-08-21T19:35:19.041Z] error: <httpProxy> [
  500,
  AggregateError: 
      at ignore-listed frames {
    code: 'ECONNREFUSED',
    [errors]: [ [Error], [Error] ]
  }
]
[2026-08-21T19:35:19.041Z] error: <httpProxy> Error calling http://localhost:8082/...
[2026-08-21T19:35:19.042Z] error: <httpProxy> [
  500,
  AggregateError: 
      at ignore-listed frames {
    code: 'ECONNREFUSED',
    [errors]: [ [Error], [Error] ]
  }
]
[2026-08-21T19:35:19.042Z] error: <httpProxy> Error calling http://localhost:8787/...
[2026-08-21T19:35:19.042Z] error: <httpProxy> [
  500,
  AggregateError: 
      at ignore-listed frames {
    code: 'ECONNREFUSED',
    [errors]: [ [Error], [Error] ]
  }
]
[2026-08-21T19:35:19.043Z] error: <httpProxy> Error calling http://localhost:8090/...
[2026-08-21T19:35:19.043Z] error: <httpProxy> [
  500,
  AggregateError: 
      at ignore-listed frames {
    code: 'ECONNREFUSED',
    [errors]: [ [Error], [Error] ]
  }
]
[2026-08-21T19:35:19.044Z] error: <httpProxy> Error calling http://localhost:3001/...
[2026-08-21T19:35:19.044Z] error: <httpProxy> [
  500,
  AggregateError: 
      at ignore-listed frames {
    code: 'ECONNREFUSED',
    [errors]: [ [Error], [Error] ]
  }
]
[2026-08-21T19:35:19.045Z] error: <httpProxy> Error calling http://localhost:8082/...
[2026-08-21T19:35:19.045Z] error: <httpProxy> [
  500,
  AggregateError: 
      at ignore-listed frames {
    code: 'ECONNREFUSED',
    [errors]: [ [Error], [Error] ]
  }
]
[2026-08-21T19:35:19.045Z] error: <httpProxy> Error calling http://localhost:8787/...
[2026-08-21T19:35:19.045Z] error: <httpProxy> [
  500,
  AggregateError: 
      at ignore-listed frames {
    code: 'ECONNREFUSED',
    [errors]: [ [Error], [Error] ]
  }
]
[2026-08-21T19:35:19.049Z] error: <httpProxy> Error calling http://localhost:8090/...
[2026-08-21T19:35:19.049Z] error: <httpProxy> [
  500,
  AggregateError: 
      at ignore-listed frames {
    code: 'ECONNREFUSED',
    [errors]: [ [Error], [Error] ]
  }
]
[2026-08-21T19:35:19.051Z] error: <httpProxy> Error calling http://localhost:8081/...
[2026-08-21T19:35:19.051Z] error: <httpProxy> [
  500,
  AggregateError: 
      at ignore-listed frames {
    code: 'ECONNREFUSED',
    [errors]: [ [Error], [Error] ]
  }
]
[2026-08-21T19:35:19.052Z] error: <httpProxy> Error calling http://localhost:8787/...
[2026-08-21T19:35:19.052Z] error: <httpProxy> [
  500,
  AggregateError: 
      at ignore-listed frames {
    code: 'ECONNREFUSED',
    [errors]: [ [Error], [Error] ]
  }
]
[2026-08-21T19:35:19.053Z] error: <httpProxy> Error calling http://localhost:8081/...
[2026-08-21T19:35:19.054Z] error: <httpProxy> [
  500,
  AggregateError: 
      at ignore-listed frames {
    code: 'ECONNREFUSED',
    [errors]: [ [Error], [Error] ]
  }
]
[2026-08-21T19:35:19.054Z] error: <httpProxy> Error calling http://localhost:8787/...
[2026-08-21T19:35:19.054Z] error: <httpProxy> [
  500,
  AggregateError: 
      at ignore-listed frames {
    code: 'ECONNREFUSED',
    [errors]: [ [Error], [Error] ]
  }
]
[2026-08-21T19:35:19.056Z] error: <httpProxy> Error calling http://localhost:8083/...
[2026-08-21T19:35:19.056Z] error: <httpProxy> [
  500,
  AggregateError: 
      at ignore-listed frames {
    code: 'ECONNREFUSED',
    [errors]: [ [Error], [Error] ]
  }
]
[2026-08-21T19:35:19.056Z] error: <httpProxy> Error calling http://localhost:8083/...
[2026-08-21T19:35:19.057Z] error: <httpProxy> [
  500,
  AggregateError: 
      at ignore-listed frames {
    code: 'ECONNREFUSED',
    [errors]: [ [Error], [Error] ]
  }
]
[2026-08-21T19:35:19.057Z] error: <httpProxy> Error calling http://localhost:8083/...
[2026-08-21T19:35:19.057Z] error: <httpProxy> [
  500,
  AggregateError: 
      at ignore-listed frames {
    code: 'ECONNREFUSED',
    [errors]: [ [Error], [Error] ]
  }
]
[2026-08-21T19:35:19.058Z] error: <httpProxy> Error calling http://localhost:8083/...
[2026-08-21T19:35:19.058Z] error: <httpProxy> [
  500,
  AggregateError: 
      at ignore-listed frames {
    code: 'ECONNREFUSED',
    [errors]: [ [Error], [Error] ]
  }
]
[2026-08-21T19:35:19.058Z] error: <httpProxy> Error calling http://localhost:8083/...
[2026-08-21T19:35:19.059Z] error: <httpProxy> [
  500,
  AggregateError: 
      at ignore-listed frames {
    code: 'ECONNREFUSED',
    [errors]: [ [Error], [Error] ]
  }
]
[2026-08-21T19:35:19.059Z] error: <httpProxy> Error calling http://localhost:8083/...
[2026-08-21T19:35:19.059Z] error: <httpProxy> [
  500,
  AggregateError: 
      at ignore-listed frames {
    code: 'ECONNREFUSED',
    [errors]: [ [Error], [Error] ]
  }
]
[2026-08-21T19:35:48.888Z] error: <httpProxy> Error calling http://localhost:2283/...
[2026-08-21T19:35:48.889Z] error: <httpProxy> [
  500,
  AggregateError: 
      at ignore-listed frames {
    code: 'ECONNREFUSED',
    [errors]: [ [Error], [Error] ]
  }
]
[2026-08-21T19:35:48.890Z] error: <httpProxy> Error calling http://localhost:2283/...
[2026-08-21T19:35:48.890Z] error: <httpProxy> [
  500,
  AggregateError: 
      at ignore-listed frames {
    code: 'ECONNREFUSED',
    [errors]: [ [Error], [Error] ]
  }
]
[2026-08-21T19:35:49.020Z] error: <httpProxy> Error calling http://localhost:5006/...
[2026-08-21T19:35:49.020Z] error: <httpProxy> [
  500,
  AggregateError: 
      at ignore-listed frames {
    code: 'ECONNREFUSED',
    [errors]: [ [Error], [Error] ]
  }
]
[2026-08-21T19:35:49.024Z] error: <httpProxy> Error calling http://localhost:5006/...
[2026-08-21T19:35:49.024Z] error: <httpProxy> [
  500,
  AggregateError: 
      at ignore-listed frames {
    code: 'ECONNREFUSED',
    [errors]: [ [Error], [Error] ]
  }
]
[2026-08-21T19:35:49.031Z] error: <httpProxy> Error calling http://localhost:9000/...
[2026-08-21T19:35:49.032Z] error: <httpProxy> [
  500,
  AggregateError: 
      at ignore-listed frames {
    code: 'ECONNREFUSED',
    [errors]: [ [Error], [Error] ]
  }
]
[2026-08-21T19:35:49.033Z] error: <httpProxy> Error calling http://localhost:8010/...
[2026-08-21T19:35:49.033Z] error: <httpProxy> [
  500,
  AggregateError: 
      at ignore-listed frames {
    code: 'ECONNREFUSED',
    [errors]: [ [Error], [Error] ]
  }
]
[2026-08-21T19:35:49.034Z] error: <httpProxy> Error calling http://localhost:9000/...
[2026-08-21T19:35:49.034Z] error: <httpProxy> [
  500,
  AggregateError: 
      at ignore-listed frames {
    code: 'ECONNREFUSED',
    [errors]: [ [Error], [Error] ]
  }
]
[2026-08-21T19:35:49.035Z] error: <httpProxy> Error calling http://localhost:8020/...
[2026-08-21T19:35:49.035Z] error: <httpProxy> [
  500,
  AggregateError: 
      at ignore-listed frames {
    code: 'ECONNREFUSED',
    [errors]: [ [Error], [Error] ]
  }
]
[2026-08-21T19:35:49.035Z] error: <httpProxy> Error calling http://localhost:8010/...
[2026-08-21T19:35:49.036Z] error: <httpProxy> [
  500,
  AggregateError: 
      at ignore-listed frames {
    code: 'ECONNREFUSED',
    [errors]: [ [Error], [Error] ]
  }
]
[2026-08-21T19:35:49.036Z] error: <httpProxy> Error calling http://localhost:8020/...
[2026-08-21T19:35:49.037Z] error: <httpProxy> [
  500,
  AggregateError: 
      at ignore-listed frames {
    code: 'ECONNREFUSED',
    [errors]: [ [Error], [Error] ]
  }
]
[2026-08-21T19:35:49.043Z] error: <httpProxy> Error calling http://localhost:8015/...
[2026-08-21T19:35:49.044Z] error: <httpProxy> [
  500,
  AggregateError: 
      at ignore-listed frames {
    code: 'ECONNREFUSED',
    [errors]: [ [Error], [Error] ]
  }
]
[2026-08-21T19:35:49.044Z] error: <httpProxy> Error calling http://localhost:3929/...
[2026-08-21T19:35:49.044Z] error: <httpProxy> [
  500,
  AggregateError: 
      at ignore-listed frames {
    code: 'ECONNREFUSED',
    [errors]: [ [Error], [Error] ]
  }
]
[2026-08-21T19:35:49.045Z] error: <httpProxy> Error calling http://localhost:8015/...
[2026-08-21T19:35:49.045Z] error: <httpProxy> [
  500,
  AggregateError: 
      at ignore-listed frames {
    code: 'ECONNREFUSED',
    [errors]: [ [Error], [Error] ]
  }
]
[2026-08-21T19:35:49.046Z] error: <httpProxy> Error calling http://localhost:3929/...
[2026-08-21T19:35:49.046Z] error: <httpProxy> [
  500,
  AggregateError: 
      at ignore-listed frames {
    code: 'ECONNREFUSED',
    [errors]: [ [Error], [Error] ]
  }
]
[2026-08-21T19:35:49.057Z] error: <httpProxy> Error calling http://localhost:3001/...
[2026-08-21T19:35:49.057Z] error: <httpProxy> [
  500,
  AggregateError: 
      at ignore-listed frames {
    code: 'ECONNREFUSED',
    [errors]: [ [Error], [Error] ]
  }
]
[2026-08-21T19:35:49.057Z] error: <httpProxy> Error calling http://localhost:8082/...
[2026-08-21T19:35:49.058Z] error: <httpProxy> [
  500,
  AggregateError: 
      at ignore-listed frames {
    code: 'ECONNREFUSED',
    [errors]: [ [Error], [Error] ]
  }
]
[2026-08-21T19:35:49.059Z] error: <httpProxy> Error calling http://localhost:8787/...
[2026-08-21T19:35:49.060Z] error: <httpProxy> [
  500,
  AggregateError: 
      at ignore-listed frames {
    code: 'ECONNREFUSED',
    [errors]: [ [Error], [Error] ]
  }
]
[2026-08-21T19:35:49.062Z] error: <httpProxy> Error calling http://localhost:8090/...
[2026-08-21T19:35:49.062Z] error: <httpProxy> [
  500,
  AggregateError: 
      at ignore-listed frames {
    code: 'ECONNREFUSED',
    [errors]: [ [Error], [Error] ]
  }
]
[2026-08-21T19:35:49.063Z] error: <httpProxy> Error calling http://localhost:3001/...
[2026-08-21T19:35:49.063Z] error: <httpProxy> [
  500,
  AggregateError: 
      at ignore-listed frames {
    code: 'ECONNREFUSED',
    [errors]: [ [Error], [Error] ]
  }
]
[2026-08-21T19:35:49.063Z] error: <httpProxy> Error calling http://localhost:8082/...
[2026-08-21T19:35:49.064Z] error: <httpProxy> [
  500,
  AggregateError: 
      at ignore-listed frames {
    code: 'ECONNREFUSED',
    [errors]: [ [Error], [Error] ]
  }
]
[2026-08-21T19:35:49.067Z] error: <httpProxy> Error calling http://localhost:8787/...
[2026-08-21T19:35:49.068Z] error: <httpProxy> [
  500,
  AggregateError: 
      at ignore-listed frames {
    code: 'ECONNREFUSED',
    [errors]: [ [Error], [Error] ]
  }
]
[2026-08-21T19:35:49.070Z] error: <httpProxy> Error calling http://localhost:8090/...
[2026-08-21T19:35:49.070Z] error: <httpProxy> [
  500,
  AggregateError: 
      at ignore-listed frames {
    code: 'ECONNREFUSED',
    [errors]: [ [Error], [Error] ]
  }
]
[2026-08-21T19:35:49.072Z] error: <httpProxy> Error calling http://localhost:8081/...
[2026-08-21T19:35:49.072Z] error: <httpProxy> [
  500,
  AggregateError: 
      at ignore-listed frames {
    code: 'ECONNREFUSED',
    [errors]: [ [Error], [Error] ]
  }
]
[2026-08-21T19:35:49.073Z] error: <httpProxy> Error calling http://localhost:8787/...
[2026-08-21T19:35:49.073Z] error: <httpProxy> [
  500,
  AggregateError: 
      at ignore-listed frames {
    code: 'ECONNREFUSED',
    [errors]: [ [Error], [Error] ]
  }
]
[2026-08-21T19:35:49.074Z] error: <httpProxy> Error calling http://localhost:8083/...
[2026-08-21T19:35:49.075Z] error: <httpProxy> [
  500,
  AggregateError: 
      at ignore-listed frames {
    code: 'ECONNREFUSED',
    [errors]: [ [Error], [Error] ]
  }
]
[2026-08-21T19:35:49.075Z] error: <httpProxy> Error calling http://localhost:8083/...
[2026-08-21T19:35:49.075Z] error: <httpProxy> [
  500,
  AggregateError: 
      at ignore-listed frames {
    code: 'ECONNREFUSED',
    [errors]: [ [Error], [Error] ]
  }
]
[2026-08-21T19:35:49.075Z] error: <httpProxy> Error calling http://localhost:8081/...
[2026-08-21T19:35:49.076Z] error: <httpProxy> [
  500,
  AggregateError: 
      at ignore-listed frames {
    code: 'ECONNREFUSED',
    [errors]: [ [Error], [Error] ]
  }
]
[2026-08-21T19:35:49.076Z] error: <httpProxy> Error calling http://localhost:8083/...
[2026-08-21T19:35:49.076Z] error: <httpProxy> [
  500,
  AggregateError: 
      at ignore-listed frames {
    code: 'ECONNREFUSED',
    [errors]: [ [Error], [Error] ]
  }
]
[2026-08-21T19:35:49.077Z] error: <httpProxy> Error calling http://localhost:8787/...
[2026-08-21T19:35:49.077Z] error: <httpProxy> [
  500,
  AggregateError: 
      at ignore-listed frames {
    code: 'ECONNREFUSED',
    [errors]: [ [Error], [Error] ]
  }
]
[2026-08-21T19:35:49.078Z] error: <httpProxy> Error calling http://localhost:8083/...
[2026-08-21T19:35:49.078Z] error: <httpProxy> [
  500,
  AggregateError: 
      at ignore-listed frames {
    code: 'ECONNREFUSED',
    [errors]: [ [Error], [Error] ]
  }
]
[2026-08-21T19:35:49.078Z] error: <httpProxy> Error calling http://localhost:8083/...
[2026-08-21T19:35:49.079Z] error: <httpProxy> [
  500,
  AggregateError: 
      at ignore-listed frames {
    code: 'ECONNREFUSED',
    [errors]: [ [Error], [Error] ]
  }
]
[2026-08-21T19:35:49.079Z] error: <httpProxy> Error calling http://localhost:8083/...
[2026-08-21T19:35:49.080Z] error: <httpProxy> [
  500,
  AggregateError: 
      at ignore-listed frames {
    code: 'ECONNREFUSED',
    [errors]: [ [Error], [Error] ]
  }
]
[2026-08-21T19:36:19.076Z] error: <httpProxy> Error calling http://localhost:2283/...
[2026-08-21T19:36:19.076Z] error: <httpProxy> [
  500,
  AggregateError: 
      at ignore-listed frames {
    code: 'ECONNREFUSED',
    [errors]: [ [Error], [Error] ]
  }
]
[2026-08-21T19:36:19.078Z] error: <httpProxy> Error calling http://localhost:5006/...
[2026-08-21T19:36:19.078Z] error: <httpProxy> [
  500,
  AggregateError: 
      at ignore-listed frames {
    code: 'ECONNREFUSED',
    [errors]: [ [Error], [Error] ]
  }
]
[2026-08-21T19:36:19.080Z] error: <httpProxy> Error calling http://localhost:9000/...
[2026-08-21T19:36:19.080Z] error: <httpProxy> [
  500,
  AggregateError: 
      at ignore-listed frames {
    code: 'ECONNREFUSED',
    [errors]: [ [Error], [Error] ]
  }
]
[2026-08-21T19:36:19.081Z] error: <httpProxy> Error calling http://localhost:8010/...
[2026-08-21T19:36:19.081Z] error: <httpProxy> [
  500,
  AggregateError: 
      at ignore-listed frames {
    code: 'ECONNREFUSED',
    [errors]: [ [Error], [Error] ]
  }
]
[2026-08-21T19:36:19.082Z] error: <httpProxy> Error calling http://localhost:2283/...
[2026-08-21T19:36:19.082Z] error: <httpProxy> [
  500,
  AggregateError: 
      at ignore-listed frames {
    code: 'ECONNREFUSED',
    [errors]: [ [Error], [Error] ]
  }
]
[2026-08-21T19:36:19.085Z] error: <httpProxy> Error calling http://localhost:8020/...
[2026-08-21T19:36:19.086Z] error: <httpProxy> [
  500,
  AggregateError: 
      at ignore-listed frames {
    code: 'ECONNREFUSED',
    [errors]: [ [Error], [Error] ]
  }
]
[2026-08-21T19:36:19.086Z] error: <httpProxy> Error calling http://localhost:5006/...
[2026-08-21T19:36:19.086Z] error: <httpProxy> [
  500,
  AggregateError: 
      at ignore-listed frames {
    code: 'ECONNREFUSED',
    [errors]: [ [Error], [Error] ]
  }
]
[2026-08-21T19:36:19.089Z] error: <httpProxy> Error calling http://localhost:8015/...
[2026-08-21T19:36:19.089Z] error: <httpProxy> [
  500,
  AggregateError: 
      at ignore-listed frames {
    code: 'ECONNREFUSED',
    [errors]: [ [Error], [Error] ]
  }
]
[2026-08-21T19:36:19.089Z] error: <httpProxy> Error calling http://localhost:9000/...
[2026-08-21T19:36:19.090Z] error: <httpProxy> [
  500,
  AggregateError: 
      at ignore-listed frames {
    code: 'ECONNREFUSED',
    [errors]: [ [Error], [Error] ]
  }
]
[2026-08-21T19:36:19.092Z] error: <httpProxy> Error calling http://localhost:8010/...
[2026-08-21T19:36:19.092Z] error: <httpProxy> [
  500,
  AggregateError: 
      at ignore-listed frames {
    code: 'ECONNREFUSED',
    [errors]: [ [Error], [Error] ]
  }
]
[2026-08-21T19:36:19.093Z] error: <httpProxy> Error calling http://localhost:8020/...
[2026-08-21T19:36:19.093Z] error: <httpProxy> [
  500,
  AggregateError: 
      at ignore-listed frames {
    code: 'ECONNREFUSED',
    [errors]: [ [Error], [Error] ]
  }
]
[2026-08-21T19:36:19.095Z] error: <httpProxy> Error calling http://localhost:8015/...
[2026-08-21T19:36:19.095Z] error: <httpProxy> [
  500,
  AggregateError: 
      at ignore-listed frames {
    code: 'ECONNREFUSED',
    [errors]: [ [Error], [Error] ]
  }
]
[2026-08-21T19:36:19.100Z] error: <httpProxy> Error calling http://localhost:3929/...
[2026-08-21T19:36:19.100Z] error: <httpProxy> [
  500,
  AggregateError: 
      at ignore-listed frames {
    code: 'ECONNREFUSED',
    [errors]: [ [Error], [Error] ]
  }
]
[2026-08-21T19:36:19.101Z] error: <httpProxy> Error calling http://localhost:3001/...
[2026-08-21T19:36:19.101Z] error: <httpProxy> [
  500,
  AggregateError: 
      at ignore-listed frames {
    code: 'ECONNREFUSED',
    [errors]: [ [Error], [Error] ]
  }
]
[2026-08-21T19:36:19.102Z] error: <httpProxy> Error calling http://localhost:8082/...
[2026-08-21T19:36:19.102Z] error: <httpProxy> [
  500,
  AggregateError: 
      at ignore-listed frames {
    code: 'ECONNREFUSED',
    [errors]: [ [Error], [Error] ]
  }
]
[2026-08-21T19:36:19.104Z] error: <httpProxy> Error calling http://localhost:3929/...
[2026-08-21T19:36:19.104Z] error: <httpProxy> [
  500,
  AggregateError: 
      at ignore-listed frames {
    code: 'ECONNREFUSED',
    [errors]: [ [Error], [Error] ]
  }
]
[2026-08-21T19:36:19.104Z] error: <httpProxy> Error calling http://localhost:8787/...
[2026-08-21T19:36:19.105Z] error: <httpProxy> [
  500,
  AggregateError: 
      at ignore-listed frames {
    code: 'ECONNREFUSED',
    [errors]: [ [Error], [Error] ]
  }
]
[2026-08-21T19:36:19.105Z] error: <httpProxy> Error calling http://localhost:3001/...
[2026-08-21T19:36:19.105Z] error: <httpProxy> [
  500,
  AggregateError: 
      at ignore-listed frames {
    code: 'ECONNREFUSED',
    [errors]: [ [Error], [Error] ]
  }
]
[2026-08-21T19:36:19.108Z] error: <httpProxy> Error calling http://localhost:8090/...
[2026-08-21T19:36:19.109Z] error: <httpProxy> [
  500,
  AggregateError: 
      at ignore-listed frames {
    code: 'ECONNREFUSED',
    [errors]: [ [Error], [Error] ]
  }
]
[2026-08-21T19:36:19.109Z] error: <httpProxy> Error calling http://localhost:8082/...
[2026-08-21T19:36:19.109Z] error: <httpProxy> [
  500,
  AggregateError: 
      at ignore-listed frames {
    code: 'ECONNREFUSED',
    [errors]: [ [Error], [Error] ]
  }
]
[2026-08-21T19:36:19.111Z] error: <httpProxy> Error calling http://localhost:8081/...
[2026-08-21T19:36:19.112Z] error: <httpProxy> [
  500,
  AggregateError: 
      at ignore-listed frames {
    code: 'ECONNREFUSED',
    [errors]: [ [Error], [Error] ]
  }
]
[2026-08-21T19:36:19.113Z] error: <httpProxy> Error calling http://localhost:8787/...
[2026-08-21T19:36:19.113Z] error: <httpProxy> [
  500,
  AggregateError: 
      at ignore-listed frames {
    code: 'ECONNREFUSED',
    [errors]: [ [Error], [Error] ]
  }
]
[2026-08-21T19:36:19.113Z] error: <httpProxy> Error calling http://localhost:8090/...
[2026-08-21T19:36:19.114Z] error: <httpProxy> [
  500,
  AggregateError: 
      at ignore-listed frames {
    code: 'ECONNREFUSED',
    [errors]: [ [Error], [Error] ]
  }
]
[2026-08-21T19:36:19.116Z] error: <httpProxy> Error calling http://localhost:8081/...
[2026-08-21T19:36:19.117Z] error: <httpProxy> [
  500,
  AggregateError: 
      at ignore-listed frames {
    code: 'ECONNREFUSED',
    [errors]: [ [Error], [Error] ]
  }
]
[2026-08-21T19:36:19.118Z] error: <httpProxy> Error calling http://localhost:8787/...
[2026-08-21T19:36:19.118Z] error: <httpProxy> [
  500,
  AggregateError: 
      at ignore-listed frames {
    code: 'ECONNREFUSED',
    [errors]: [ [Error], [Error] ]
  }
]
[2026-08-21T19:36:19.118Z] error: <httpProxy> Error calling http://localhost:8083/...
[2026-08-21T19:36:19.119Z] error: <httpProxy> [
  500,
  AggregateError: 
      at ignore-listed frames {
    code: 'ECONNREFUSED',
    [errors]: [ [Error], [Error] ]
  }
]
[2026-08-21T19:36:19.119Z] error: <httpProxy> Error calling http://localhost:8083/...
[2026-08-21T19:36:19.120Z] error: <httpProxy> [
  500,
  AggregateError: 
      at ignore-listed frames {
    code: 'ECONNREFUSED',
    [errors]: [ [Error], [Error] ]
  }
]
[2026-08-21T19:36:19.120Z] error: <httpProxy> Error calling http://localhost:8787/...
[2026-08-21T19:36:19.121Z] error: <httpProxy> [
  500,
  AggregateError: 
      at ignore-listed frames {
    code: 'ECONNREFUSED',
    [errors]: [ [Error], [Error] ]
  }
]
[2026-08-21T19:36:19.121Z] error: <httpProxy> Error calling http://localhost:8083/...
[2026-08-21T19:36:19.121Z] error: <httpProxy> [
  500,
  AggregateError: 
      at ignore-listed frames {
    code: 'ECONNREFUSED',
    [errors]: [ [Error], [Error] ]
  }
]
[2026-08-21T19:36:19.121Z] error: <httpProxy> Error calling http://localhost:8083/...
[2026-08-21T19:36:19.122Z] error: <httpProxy> [
  500,
  AggregateError: 
      at ignore-listed frames {
    code: 'ECONNREFUSED',
    [errors]: [ [Error], [Error] ]
  }
]
[2026-08-21T19:36:19.122Z] error: <httpProxy> Error calling http://localhost:8083/...
[2026-08-21T19:36:19.122Z] error: <httpProxy> [
  500,
  AggregateError: 
      at ignore-listed frames {
    code: 'ECONNREFUSED',
    [errors]: [ [Error], [Error] ]
  }
]
[2026-08-21T19:36:19.123Z] error: <httpProxy> Error calling http://localhost:8083/...
[2026-08-21T19:36:19.123Z] error: <httpProxy> [
  500,
  AggregateError: 
      at ignore-listed frames {
    code: 'ECONNREFUSED',
    [errors]: [ [Error], [Error] ]
  }
]
[2026-08-21T19:36:49.091Z] error: <httpProxy> Error calling http://localhost:2283/...
[2026-08-21T19:36:49.092Z] error: <httpProxy> [
  500,
  AggregateError: 
      at ignore-listed frames {
    code: 'ECONNREFUSED',
    [errors]: [ [Error], [Error] ]
  }
]
[2026-08-21T19:36:49.095Z] error: <httpProxy> Error calling http://localhost:2283/...
[2026-08-21T19:36:49.095Z] error: <httpProxy> [
  500,
  AggregateError: 
      at ignore-listed frames {
    code: 'ECONNREFUSED',
    [errors]: [ [Error], [Error] ]
  }
]
[2026-08-21T19:36:49.101Z] error: <httpProxy> Error calling http://localhost:5006/...
[2026-08-21T19:36:49.102Z] error: <httpProxy> [
  500,
  AggregateError: 
      at ignore-listed frames {
    code: 'ECONNREFUSED',
    [errors]: [ [Error], [Error] ]
  }
]
[2026-08-21T19:36:49.103Z] error: <httpProxy> Error calling http://localhost:5006/...
[2026-08-21T19:36:49.104Z] error: <httpProxy> [
  500,
  AggregateError: 
      at ignore-listed frames {
    code: 'ECONNREFUSED',
    [errors]: [ [Error], [Error] ]
  }
]
[2026-08-21T19:36:49.105Z] error: <httpProxy> Error calling http://localhost:9000/...
[2026-08-21T19:36:49.105Z] error: <httpProxy> [
  500,
  AggregateError: 
      at ignore-listed frames {
    code: 'ECONNREFUSED',
    [errors]: [ [Error], [Error] ]
  }
]
[2026-08-21T19:36:49.106Z] error: <httpProxy> Error calling http://localhost:8010/...
[2026-08-21T19:36:49.106Z] error: <httpProxy> [
  500,
  AggregateError: 
      at ignore-listed frames {
    code: 'ECONNREFUSED',
    [errors]: [ [Error], [Error] ]
  }
]
[2026-08-21T19:36:49.106Z] error: <httpProxy> Error calling http://localhost:8015/...
[2026-08-21T19:36:49.107Z] error: <httpProxy> [
  500,
  AggregateError: 
      at ignore-listed frames {
    code: 'ECONNREFUSED',
    [errors]: [ [Error], [Error] ]
  }
]
[2026-08-21T19:36:49.107Z] error: <httpProxy> Error calling http://localhost:8020/...
[2026-08-21T19:36:49.108Z] error: <httpProxy> [
  500,
  AggregateError: 
      at ignore-listed frames {
    code: 'ECONNREFUSED',
    [errors]: [ [Error], [Error] ]
  }
]
[2026-08-21T19:36:49.108Z] error: <httpProxy> Error calling http://localhost:9000/...
[2026-08-21T19:36:49.109Z] error: <httpProxy> [
  500,
  AggregateError: 
      at ignore-listed frames {
    code: 'ECONNREFUSED',
    [errors]: [ [Error], [Error] ]
  }
]
[2026-08-21T19:36:49.115Z] error: <httpProxy> Error calling http://localhost:8010/...
[2026-08-21T19:36:49.116Z] error: <httpProxy> [
  500,
  AggregateError: 
      at ignore-listed frames {
    code: 'ECONNREFUSED',
    [errors]: [ [Error], [Error] ]
  }
]
[2026-08-21T19:36:49.118Z] error: <httpProxy> Error calling http://localhost:8015/...
[2026-08-21T19:36:49.118Z] error: <httpProxy> [
  500,
  AggregateError: 
      at ignore-listed frames {
    code: 'ECONNREFUSED',
    [errors]: [ [Error], [Error] ]
  }
]
[2026-08-21T19:36:49.118Z] error: <httpProxy> Error calling http://localhost:8020/...
[2026-08-21T19:36:49.119Z] error: <httpProxy> [
  500,
  AggregateError: 
      at ignore-listed frames {
    code: 'ECONNREFUSED',
    [errors]: [ [Error], [Error] ]
  }
]
[2026-08-21T19:36:49.127Z] error: <httpProxy> Error calling http://localhost:3929/...
[2026-08-21T19:36:49.128Z] error: <httpProxy> [
  500,
  AggregateError: 
      at ignore-listed frames {
    code: 'ECONNREFUSED',
    [errors]: [ [Error], [Error] ]
  }
]
[2026-08-21T19:36:49.129Z] error: <httpProxy> Error calling http://localhost:8082/...
[2026-08-21T19:36:49.129Z] error: <httpProxy> [
  500,
  AggregateError: 
      at ignore-listed frames {
    code: 'ECONNREFUSED',
    [errors]: [ [Error], [Error] ]
  }
]
[2026-08-21T19:36:49.130Z] error: <httpProxy> Error calling http://localhost:3001/...
[2026-08-21T19:36:49.130Z] error: <httpProxy> [
  500,
  AggregateError: 
      at ignore-listed frames {
    code: 'ECONNREFUSED',
    [errors]: [ [Error], [Error] ]
  }
]
[2026-08-21T19:36:49.131Z] error: <httpProxy> Error calling http://localhost:8787/...
[2026-08-21T19:36:49.131Z] error: <httpProxy> [
  500,
  AggregateError: 
      at ignore-listed frames {
    code: 'ECONNREFUSED',
    [errors]: [ [Error], [Error] ]
  }
]
[2026-08-21T19:36:49.132Z] error: <httpProxy> Error calling http://localhost:8090/...
[2026-08-21T19:36:49.132Z] error: <httpProxy> [
  500,
  AggregateError: 
      at ignore-listed frames {
    code: 'ECONNREFUSED',
    [errors]: [ [Error], [Error] ]
  }
]
[2026-08-21T19:36:49.133Z] error: <httpProxy> Error calling http://localhost:3929/...
[2026-08-21T19:36:49.133Z] error: <httpProxy> [
  500,
  AggregateError: 
      at ignore-listed frames {
    code: 'ECONNREFUSED',
    [errors]: [ [Error], [Error] ]
  }
]
[2026-08-21T19:36:49.134Z] error: <httpProxy> Error calling http://localhost:8081/...
[2026-08-21T19:36:49.134Z] error: <httpProxy> [
  500,
  AggregateError: 
      at ignore-listed frames {
    code: 'ECONNREFUSED',
    [errors]: [ [Error], [Error] ]
  }
]
[2026-08-21T19:36:49.135Z] error: <httpProxy> Error calling http://localhost:8082/...
[2026-08-21T19:36:49.135Z] error: <httpProxy> [
  500,
  AggregateError: 
      at ignore-listed frames {
    code: 'ECONNREFUSED',
    [errors]: [ [Error], [Error] ]
  }
]
[2026-08-21T19:36:49.136Z] error: <httpProxy> Error calling http://localhost:3001/...
[2026-08-21T19:36:49.136Z] error: <httpProxy> [
  500,
  AggregateError: 
      at ignore-listed frames {
    code: 'ECONNREFUSED',
    [errors]: [ [Error], [Error] ]
  }
]
[2026-08-21T19:36:49.143Z] error: <httpProxy> Error calling http://localhost:8787/...
[2026-08-21T19:36:49.143Z] error: <httpProxy> [
  500,
  AggregateError: 
      at ignore-listed frames {
    code: 'ECONNREFUSED',
    [errors]: [ [Error], [Error] ]
  }
]
[2026-08-21T19:36:49.149Z] error: <httpProxy> Error calling http://localhost:8090/...
[2026-08-21T19:36:49.150Z] error: <httpProxy> [
  500,
  AggregateError: 
      at ignore-listed frames {
    code: 'ECONNREFUSED',
    [errors]: [ [Error], [Error] ]
  }
]
[2026-08-21T19:36:49.151Z] error: <httpProxy> Error calling http://localhost:8081/...
[2026-08-21T19:36:49.151Z] error: <httpProxy> [
  500,
  AggregateError: 
      at ignore-listed frames {
    code: 'ECONNREFUSED',
    [errors]: [ [Error], [Error] ]
  }
]
[2026-08-21T19:36:49.154Z] error: <httpProxy> Error calling http://localhost:8787/...
[2026-08-21T19:36:49.155Z] error: <httpProxy> [
  500,
  AggregateError: 
      at ignore-listed frames {
    code: 'ECONNREFUSED',
    [errors]: [ [Error], [Error] ]
  }
]
[2026-08-21T19:36:49.155Z] error: <httpProxy> Error calling http://localhost:8083/...
[2026-08-21T19:36:49.155Z] error: <httpProxy> [
  500,
  AggregateError: 
      at ignore-listed frames {
    code: 'ECONNREFUSED',
    [errors]: [ [Error], [Error] ]
  }
]
[2026-08-21T19:36:49.156Z] error: <httpProxy> Error calling http://localhost:8083/...
[2026-08-21T19:36:49.156Z] error: <httpProxy> [
  500,
  AggregateError: 
      at ignore-listed frames {
    code: 'ECONNREFUSED',
    [errors]: [ [Error], [Error] ]
  }
]
[2026-08-21T19:36:49.157Z] error: <httpProxy> Error calling http://localhost:8083/...
[2026-08-21T19:36:49.157Z] error: <httpProxy> [
  500,
  AggregateError: 
      at ignore-listed frames {
    code: 'ECONNREFUSED',
    [errors]: [ [Error], [Error] ]
  }
]
[2026-08-21T19:36:49.158Z] error: <httpProxy> Error calling http://localhost:8787/...
[2026-08-21T19:36:49.158Z] error: <httpProxy> [
  500,
  AggregateError: 
      at ignore-listed frames {
    code: 'ECONNREFUSED',
    [errors]: [ [Error], [Error] ]
  }
]
[2026-08-21T19:36:49.158Z] error: <httpProxy> Error calling http://localhost:8083/...
[2026-08-21T19:36:49.159Z] error: <httpProxy> [
  500,
  AggregateError: 
      at ignore-listed frames {
    code: 'ECONNREFUSED',
    [errors]: [ [Error], [Error] ]
  }
]
[2026-08-21T19:36:49.159Z] error: <httpProxy> Error calling http://localhost:8083/...
[2026-08-21T19:36:49.160Z] error: <httpProxy> [
  500,
  AggregateError: 
      at ignore-listed frames {
    code: 'ECONNREFUSED',
    [errors]: [ [Error], [Error] ]
  }
]
[2026-08-21T19:36:49.160Z] error: <httpProxy> Error calling http://localhost:8083/...
[2026-08-21T19:36:49.161Z] error: <httpProxy> [
  500,
  AggregateError: 
      at ignore-listed frames {
    code: 'ECONNREFUSED',
    [errors]: [ [Error], [Error] ]
  }
]
[2026-08-21T19:37:19.102Z] error: <httpProxy> Error calling http://localhost:2283/...
[2026-08-21T19:37:19.103Z] error: <httpProxy> [
  500,
  AggregateError: 
      at ignore-listed frames {
    code: 'ECONNREFUSED',
    [errors]: [ [Error], [Error] ]
  }
]
[2026-08-21T19:37:19.103Z] error: <httpProxy> Error calling http://localhost:2283/...
[2026-08-21T19:37:19.103Z] error: <httpProxy> [
  500,
  AggregateError: 
      at ignore-listed frames {
    code: 'ECONNREFUSED',
    [errors]: [ [Error], [Error] ]
  }
]
[2026-08-21T19:37:19.109Z] error: <httpProxy> Error calling http://localhost:5006/...
[2026-08-21T19:37:19.109Z] error: <httpProxy> [
  500,
  AggregateError: 
      at ignore-listed frames {
    code: 'ECONNREFUSED',
    [errors]: [ [Error], [Error] ]
  }
]
[2026-08-21T19:37:19.110Z] error: <httpProxy> Error calling http://localhost:5006/...
[2026-08-21T19:37:19.110Z] error: <httpProxy> [
  500,
  AggregateError: 
      at ignore-listed frames {
    code: 'ECONNREFUSED',
    [errors]: [ [Error], [Error] ]
  }
]
[2026-08-21T19:37:19.115Z] error: <httpProxy> Error calling http://localhost:9000/...
[2026-08-21T19:37:19.115Z] error: <httpProxy> [
  500,
  AggregateError: 
      at ignore-listed frames {
    code: 'ECONNREFUSED',
    [errors]: [ [Error], [Error] ]
  }
]
[2026-08-21T19:37:19.116Z] error: <httpProxy> Error calling http://localhost:9000/...
[2026-08-21T19:37:19.116Z] error: <httpProxy> [
  500,
  AggregateError: 
      at ignore-listed frames {
    code: 'ECONNREFUSED',
    [errors]: [ [Error], [Error] ]
  }
]
[2026-08-21T19:37:19.122Z] error: <httpProxy> Error calling http://localhost:8010/...
[2026-08-21T19:37:19.122Z] error: <httpProxy> [
  500,
  AggregateError: 
      at ignore-listed frames {
    code: 'ECONNREFUSED',
    [errors]: [ [Error], [Error] ]
  }
]
[2026-08-21T19:37:19.125Z] error: <httpProxy> Error calling http://localhost:8010/...
[2026-08-21T19:37:19.125Z] error: <httpProxy> [
  500,
  AggregateError: 
      at ignore-listed frames {
    code: 'ECONNREFUSED',
    [errors]: [ [Error], [Error] ]
  }
]
[2026-08-21T19:37:19.126Z] error: <httpProxy> Error calling http://localhost:8015/...
[2026-08-21T19:37:19.126Z] error: <httpProxy> [
  500,
  AggregateError: 
      at ignore-listed frames {
    code: 'ECONNREFUSED',
    [errors]: [ [Error], [Error] ]
  }
]
[2026-08-21T19:37:19.126Z] error: <httpProxy> Error calling http://localhost:8020/...
[2026-08-21T19:37:19.127Z] error: <httpProxy> [
  500,
  AggregateError: 
      at ignore-listed frames {
    code: 'ECONNREFUSED',
    [errors]: [ [Error], [Error] ]
  }
]
[2026-08-21T19:37:19.127Z] error: <httpProxy> Error calling http://localhost:8015/...
[2026-08-21T19:37:19.127Z] error: <httpProxy> [
  500,
  AggregateError: 
      at ignore-listed frames {
    code: 'ECONNREFUSED',
    [errors]: [ [Error], [Error] ]
  }
]
[2026-08-21T19:37:19.128Z] error: <httpProxy> Error calling http://localhost:8020/...
[2026-08-21T19:37:19.128Z] error: <httpProxy> [
  500,
  AggregateError: 
      at ignore-listed frames {
    code: 'ECONNREFUSED',
    [errors]: [ [Error], [Error] ]
  }
]
[2026-08-21T19:37:19.144Z] error: <httpProxy> Error calling http://localhost:3929/...
[2026-08-21T19:37:19.144Z] error: <httpProxy> [
  500,
  AggregateError: 
      at ignore-listed frames {
    code: 'ECONNREFUSED',
    [errors]: [ [Error], [Error] ]
  }
]
[2026-08-21T19:37:19.145Z] error: <httpProxy> Error calling http://localhost:8082/...
[2026-08-21T19:37:19.145Z] error: <httpProxy> [
  500,
  AggregateError: 
      at ignore-listed frames {
    code: 'ECONNREFUSED',
    [errors]: [ [Error], [Error] ]
  }
]
[2026-08-21T19:37:19.145Z] error: <httpProxy> Error calling http://localhost:3001/...
[2026-08-21T19:37:19.146Z] error: <httpProxy> [
  500,
  AggregateError: 
      at ignore-listed frames {
    code: 'ECONNREFUSED',
    [errors]: [ [Error], [Error] ]
  }
]
[2026-08-21T19:37:19.146Z] error: <httpProxy> Error calling http://localhost:3929/...
[2026-08-21T19:37:19.147Z] error: <httpProxy> [
  500,
  AggregateError: 
      at ignore-listed frames {
    code: 'ECONNREFUSED',
    [errors]: [ [Error], [Error] ]
  }
]
[2026-08-21T19:37:19.147Z] error: <httpProxy> Error calling http://localhost:8082/...
[2026-08-21T19:37:19.147Z] error: <httpProxy> [
  500,
  AggregateError: 
      at ignore-listed frames {
    code: 'ECONNREFUSED',
    [errors]: [ [Error], [Error] ]
  }
]
[2026-08-21T19:37:19.148Z] error: <httpProxy> Error calling http://localhost:3001/...
[2026-08-21T19:37:19.148Z] error: <httpProxy> [
  500,
  AggregateError: 
      at ignore-listed frames {
    code: 'ECONNREFUSED',
    [errors]: [ [Error], [Error] ]
  }
]
[2026-08-21T19:37:19.151Z] error: <httpProxy> Error calling http://localhost:8787/...
[2026-08-21T19:37:19.152Z] error: <httpProxy> [
  500,
  AggregateError: 
      at ignore-listed frames {
    code: 'ECONNREFUSED',
    [errors]: [ [Error], [Error] ]
  }
]
[2026-08-21T19:37:19.152Z] error: <httpProxy> Error calling http://localhost:8787/...
[2026-08-21T19:37:19.152Z] error: <httpProxy> [
  500,
  AggregateError: 
      at ignore-listed frames {
    code: 'ECONNREFUSED',
    [errors]: [ [Error], [Error] ]
  }
]
[2026-08-21T19:37:19.158Z] error: <httpProxy> Error calling http://localhost:8090/...
[2026-08-21T19:37:19.158Z] error: <httpProxy> [
  500,
  AggregateError: 
      at ignore-listed frames {
    code: 'ECONNREFUSED',
    [errors]: [ [Error], [Error] ]
  }
]
[2026-08-21T19:37:19.159Z] error: <httpProxy> Error calling http://localhost:8081/...
[2026-08-21T19:37:19.159Z] error: <httpProxy> [
  500,
  AggregateError: 
      at ignore-listed frames {
    code: 'ECONNREFUSED',
    [errors]: [ [Error], [Error] ]
  }
]
[2026-08-21T19:37:19.160Z] error: <httpProxy> Error calling http://localhost:8090/...
[2026-08-21T19:37:19.160Z] error: <httpProxy> [
  500,
  AggregateError: 
      at ignore-listed frames {
    code: 'ECONNREFUSED',
    [errors]: [ [Error], [Error] ]
  }
]
[2026-08-21T19:37:19.161Z] error: <httpProxy> Error calling http://localhost:8081/...
[2026-08-21T19:37:19.161Z] error: <httpProxy> [
  500,
  AggregateError: 
      at ignore-listed frames {
    code: 'ECONNREFUSED',
    [errors]: [ [Error], [Error] ]
  }
]
[2026-08-21T19:37:19.170Z] error: <httpProxy> Error calling http://localhost:8787/...
[2026-08-21T19:37:19.171Z] error: <httpProxy> [
  500,
  AggregateError: 
      at ignore-listed frames {
    code: 'ECONNREFUSED',
    [errors]: [ [Error], [Error] ]
  }
]
[2026-08-21T19:37:19.171Z] error: <httpProxy> Error calling http://localhost:8083/...
[2026-08-21T19:37:19.172Z] error: <httpProxy> [
  500,
  AggregateError: 
      at ignore-listed frames {
    code: 'ECONNREFUSED',
    [errors]: [ [Error], [Error] ]
  }
]
[2026-08-21T19:37:19.172Z] error: <httpProxy> Error calling http://localhost:8083/...
[2026-08-21T19:37:19.173Z] error: <httpProxy> [
  500,
  AggregateError: 
      at ignore-listed frames {
    code: 'ECONNREFUSED',
    [errors]: [ [Error], [Error] ]
  }
]
[2026-08-21T19:37:19.173Z] error: <httpProxy> Error calling http://localhost:8083/...
[2026-08-21T19:37:19.174Z] error: <httpProxy> [
  500,
  AggregateError: 
      at ignore-listed frames {
    code: 'ECONNREFUSED',
    [errors]: [ [Error], [Error] ]
  }
]
[2026-08-21T19:37:19.174Z] error: <httpProxy> Error calling http://localhost:8787/...
[2026-08-21T19:37:19.174Z] error: <httpProxy> [
  500,
  AggregateError: 
      at ignore-listed frames {
    code: 'ECONNREFUSED',
    [errors]: [ [Error], [Error] ]
  }
]
[2026-08-21T19:37:19.175Z] error: <httpProxy> Error calling http://localhost:8083/...
[2026-08-21T19:37:19.175Z] error: <httpProxy> [
  500,
  AggregateError: 
      at ignore-listed frames {
    code: 'ECONNREFUSED',
    [errors]: [ [Error], [Error] ]
  }
]
[2026-08-21T19:37:19.175Z] error: <httpProxy> Error calling http://localhost:8083/...
[2026-08-21T19:37:19.176Z] error: <httpProxy> [
  500,
  AggregateError: 
      at ignore-listed frames {
    code: 'ECONNREFUSED',
    [errors]: [ [Error], [Error] ]
  }
]
[2026-08-21T19:37:19.176Z] error: <httpProxy> Error calling http://localhost:8083/...
[2026-08-21T19:37:19.177Z] error: <httpProxy> [
  500,
  AggregateError: 
      at ignore-listed frames {
    code: 'ECONNREFUSED',
    [errors]: [ [Error], [Error] ]
  }
]
[2026-08-21T19:37:49.220Z] error: <httpProxy> Error calling http://localhost:2283/...
[2026-08-21T19:37:49.220Z] error: <httpProxy> [
  500,
  AggregateError: 
      at ignore-listed frames {
    code: 'ECONNREFUSED',
    [errors]: [ [Error], [Error] ]
  }
]
[2026-08-21T19:37:49.222Z] error: <httpProxy> Error calling http://localhost:9000/...
[2026-08-21T19:37:49.222Z] error: <httpProxy> [
  500,
  AggregateError: 
      at ignore-listed frames {
    code: 'ECONNREFUSED',
    [errors]: [ [Error], [Error] ]
  }
]
[2026-08-21T19:37:49.223Z] error: <httpProxy> Error calling http://localhost:8010/...
[2026-08-21T19:37:49.223Z] error: <httpProxy> [
  500,
  AggregateError: 
      at ignore-listed frames {
    code: 'ECONNREFUSED',
    [errors]: [ [Error], [Error] ]
  }
]
[2026-08-21T19:37:49.224Z] error: <httpProxy> Error calling http://localhost:2283/...
[2026-08-21T19:37:49.224Z] error: <httpProxy> [
  500,
  AggregateError: 
      at ignore-listed frames {
    code: 'ECONNREFUSED',
    [errors]: [ [Error], [Error] ]
  }
]
[2026-08-21T19:37:49.225Z] error: <httpProxy> Error calling http://localhost:5006/...
[2026-08-21T19:37:49.225Z] error: <httpProxy> [
  500,
  AggregateError: 
      at ignore-listed frames {
    code: 'ECONNREFUSED',
    [errors]: [ [Error], [Error] ]
  }
]
[2026-08-21T19:37:49.227Z] error: <httpProxy> Error calling http://localhost:8015/...
[2026-08-21T19:37:49.227Z] error: <httpProxy> [
  500,
  AggregateError: 
      at ignore-listed frames {
    code: 'ECONNREFUSED',
    [errors]: [ [Error], [Error] ]
  }
]
[2026-08-21T19:37:49.228Z] error: <httpProxy> Error calling http://localhost:9000/...
[2026-08-21T19:37:49.228Z] error: <httpProxy> [
  500,
  AggregateError: 
      at ignore-listed frames {
    code: 'ECONNREFUSED',
    [errors]: [ [Error], [Error] ]
  }
]
[2026-08-21T19:37:49.230Z] error: <httpProxy> Error calling http://localhost:8020/...
[2026-08-21T19:37:49.230Z] error: <httpProxy> [
  500,
  AggregateError: 
      at ignore-listed frames {
    code: 'ECONNREFUSED',
    [errors]: [ [Error], [Error] ]
  }
]
[2026-08-21T19:37:49.231Z] error: <httpProxy> Error calling http://localhost:8010/...
[2026-08-21T19:37:49.231Z] error: <httpProxy> [
  500,
  AggregateError: 
      at ignore-listed frames {
    code: 'ECONNREFUSED',
    [errors]: [ [Error], [Error] ]
  }
]
[2026-08-21T19:37:49.233Z] error: <httpProxy> Error calling http://localhost:5006/...
[2026-08-21T19:37:49.233Z] error: <httpProxy> [
  500,
  AggregateError: 
      at ignore-listed frames {
    code: 'ECONNREFUSED',
    [errors]: [ [Error], [Error] ]
  }
]
[2026-08-21T19:37:49.235Z] error: <httpProxy> Error calling http://localhost:8015/...
[2026-08-21T19:37:49.235Z] error: <httpProxy> [
  500,
  AggregateError: 
      at ignore-listed frames {
    code: 'ECONNREFUSED',
    [errors]: [ [Error], [Error] ]
  }
]
[2026-08-21T19:37:49.236Z] error: <httpProxy> Error calling http://localhost:8020/...
[2026-08-21T19:37:49.237Z] error: <httpProxy> [
  500,
  AggregateError: 
      at ignore-listed frames {
    code: 'ECONNREFUSED',
    [errors]: [ [Error], [Error] ]
  }
]
[2026-08-21T19:37:49.241Z] error: <httpProxy> Error calling http://localhost:3929/...
[2026-08-21T19:37:49.241Z] error: <httpProxy> [
  500,
  AggregateError: 
      at ignore-listed frames {
    code: 'ECONNREFUSED',
    [errors]: [ [Error], [Error] ]
  }
]
[2026-08-21T19:37:49.241Z] error: <httpProxy> Error calling http://localhost:8082/...
[2026-08-21T19:37:49.242Z] error: <httpProxy> [
  500,
  AggregateError: 
      at ignore-listed frames {
    code: 'ECONNREFUSED',
    [errors]: [ [Error], [Error] ]
  }
]
[2026-08-21T19:37:49.242Z] error: <httpProxy> Error calling http://localhost:3001/...
[2026-08-21T19:37:49.243Z] error: <httpProxy> [
  500,
  AggregateError: 
      at ignore-listed frames {
    code: 'ECONNREFUSED',
    [errors]: [ [Error], [Error] ]
  }
]
[2026-08-21T19:37:49.244Z] error: <httpProxy> Error calling http://localhost:8787/...
[2026-08-21T19:37:49.244Z] error: <httpProxy> [
  500,
  AggregateError: 
      at ignore-listed frames {
    code: 'ECONNREFUSED',
    [errors]: [ [Error], [Error] ]
  }
]
[2026-08-21T19:37:49.244Z] error: <httpProxy> Error calling http://localhost:3929/...
[2026-08-21T19:37:49.245Z] error: <httpProxy> [
  500,
  AggregateError: 
      at ignore-listed frames {
    code: 'ECONNREFUSED',
    [errors]: [ [Error], [Error] ]
  }
]
[2026-08-21T19:37:49.245Z] error: <httpProxy> Error calling http://localhost:8082/...
[2026-08-21T19:37:49.245Z] error: <httpProxy> [
  500,
  AggregateError: 
      at ignore-listed frames {
    code: 'ECONNREFUSED',
    [errors]: [ [Error], [Error] ]
  }
]
[2026-08-21T19:37:49.247Z] error: <httpProxy> Error calling http://localhost:3001/...
[2026-08-21T19:37:49.248Z] error: <httpProxy> [
  500,
  AggregateError: 
      at ignore-listed frames {
    code: 'ECONNREFUSED',
    [errors]: [ [Error], [Error] ]
  }
]
[2026-08-21T19:37:49.249Z] error: <httpProxy> Error calling http://localhost:8090/...
[2026-08-21T19:37:49.249Z] error: <httpProxy> [
  500,
  AggregateError: 
      at ignore-listed frames {
    code: 'ECONNREFUSED',
    [errors]: [ [Error], [Error] ]
  }
]
[2026-08-21T19:37:49.250Z] error: <httpProxy> Error calling http://localhost:8081/...
[2026-08-21T19:37:49.250Z] error: <httpProxy> [
  500,
  AggregateError: 
      at ignore-listed frames {
    code: 'ECONNREFUSED',
    [errors]: [ [Error], [Error] ]
  }
]
[2026-08-21T19:37:49.250Z] error: <httpProxy> Error calling http://localhost:8787/...
[2026-08-21T19:37:49.251Z] error: <httpProxy> [
  500,
  AggregateError: 
      at ignore-listed frames {
    code: 'ECONNREFUSED',
    [errors]: [ [Error], [Error] ]
  }
]
[2026-08-21T19:37:49.254Z] error: <httpProxy> Error calling http://localhost:8090/...
[2026-08-21T19:37:49.255Z] error: <httpProxy> [
  500,
  AggregateError: 
      at ignore-listed frames {
    code: 'ECONNREFUSED',
    [errors]: [ [Error], [Error] ]
  }
]
[2026-08-21T19:37:49.255Z] error: <httpProxy> Error calling http://localhost:8081/...
[2026-08-21T19:37:49.255Z] error: <httpProxy> [
  500,
  AggregateError: 
      at ignore-listed frames {
    code: 'ECONNREFUSED',
    [errors]: [ [Error], [Error] ]
  }
]
[2026-08-21T19:37:49.257Z] error: <httpProxy> Error calling http://localhost:8787/...
[2026-08-21T19:37:49.258Z] error: <httpProxy> [
  500,
  AggregateError: 
      at ignore-listed frames {
    code: 'ECONNREFUSED',
    [errors]: [ [Error], [Error] ]
  }
]
[2026-08-21T19:37:49.259Z] error: <httpProxy> Error calling http://localhost:8083/...
[2026-08-21T19:37:49.259Z] error: <httpProxy> [
  500,
  AggregateError: 
      at ignore-listed frames {
    code: 'ECONNREFUSED',
    [errors]: [ [Error], [Error] ]
  }
]
[2026-08-21T19:37:49.259Z] error: <httpProxy> Error calling http://localhost:8083/...
[2026-08-21T19:37:49.260Z] error: <httpProxy> [
  500,
  AggregateError: 
      at ignore-listed frames {
    code: 'ECONNREFUSED',
    [errors]: [ [Error], [Error] ]
  }
]
[2026-08-21T19:37:49.260Z] error: <httpProxy> Error calling http://localhost:8083/...
[2026-08-21T19:37:49.260Z] error: <httpProxy> [
  500,
  AggregateError: 
      at ignore-listed frames {
    code: 'ECONNREFUSED',
    [errors]: [ [Error], [Error] ]
  }
]
[2026-08-21T19:37:49.261Z] error: <httpProxy> Error calling http://localhost:8787/...
[2026-08-21T19:37:49.261Z] error: <httpProxy> [
  500,
  AggregateError: 
      at ignore-listed frames {
    code: 'ECONNREFUSED',
    [errors]: [ [Error], [Error] ]
  }
]
[2026-08-21T19:37:49.261Z] error: <httpProxy> Error calling http://localhost:8083/...
[2026-08-21T19:37:49.262Z] error: <httpProxy> [
  500,
  AggregateError: 
      at ignore-listed frames {
    code: 'ECONNREFUSED',
    [errors]: [ [Error], [Error] ]
  }
]
[2026-08-21T19:37:49.262Z] error: <httpProxy> Error calling http://localhost:8083/...
[2026-08-21T19:37:49.262Z] error: <httpProxy> [
  500,
  AggregateError: 
      at ignore-listed frames {
    code: 'ECONNREFUSED',
    [errors]: [ [Error], [Error] ]
  }
]
[2026-08-21T19:37:49.262Z] error: <httpProxy> Error calling http://localhost:8083/...
[2026-08-21T19:37:49.263Z] error: <httpProxy> [
  500,
  AggregateError: 
      at ignore-listed frames {
    code: 'ECONNREFUSED',
    [errors]: [ [Error], [Error] ]
  }
]
[2026-08-21T19:38:19.268Z] error: <httpProxy> Error calling http://localhost:2283/...
[2026-08-21T19:38:19.273Z] error: <httpProxy> [
  500,
  AggregateError: 
      at ignore-listed frames {
    code: 'ECONNREFUSED',
    [errors]: [ [Error], [Error] ]
  }
]
[2026-08-21T19:38:19.277Z] error: <httpProxy> Error calling http://localhost:9000/...
[2026-08-21T19:38:19.278Z] error: <httpProxy> [
  500,
  AggregateError: 
      at ignore-listed frames {
    code: 'ECONNREFUSED',
    [errors]: [ [Error], [Error] ]
  }
]
[2026-08-21T19:38:19.279Z] error: <httpProxy> Error calling http://localhost:8010/...
[2026-08-21T19:38:19.280Z] error: <httpProxy> [
  500,
  AggregateError: 
      at ignore-listed frames {
    code: 'ECONNREFUSED',
    [errors]: [ [Error], [Error] ]
  }
]
[2026-08-21T19:38:19.282Z] error: <httpProxy> Error calling http://localhost:5006/...
[2026-08-21T19:38:19.282Z] error: <httpProxy> [
  500,
  AggregateError: 
      at ignore-listed frames {
    code: 'ECONNREFUSED',
    [errors]: [ [Error], [Error] ]
  }
]
[2026-08-21T19:38:19.283Z] error: <httpProxy> Error calling http://localhost:2283/...
[2026-08-21T19:38:19.283Z] error: <httpProxy> [
  500,
  AggregateError: 
      at ignore-listed frames {
    code: 'ECONNREFUSED',
    [errors]: [ [Error], [Error] ]
  }
]
[2026-08-21T19:38:19.288Z] error: <httpProxy> Error calling http://localhost:8015/...
[2026-08-21T19:38:19.289Z] error: <httpProxy> [
  500,
  AggregateError: 
      at ignore-listed frames {
    code: 'ECONNREFUSED',
    [errors]: [ [Error], [Error] ]
  }
]
[2026-08-21T19:38:19.289Z] error: <httpProxy> Error calling http://localhost:9000/...
[2026-08-21T19:38:19.290Z] error: <httpProxy> [
  500,
  AggregateError: 
      at ignore-listed frames {
    code: 'ECONNREFUSED',
    [errors]: [ [Error], [Error] ]
  }
]
[2026-08-21T19:38:19.294Z] error: <httpProxy> Error calling http://localhost:8020/...
[2026-08-21T19:38:19.295Z] error: <httpProxy> [
  500,
  AggregateError: 
      at ignore-listed frames {
    code: 'ECONNREFUSED',
    [errors]: [ [Error], [Error] ]
  }
]
[2026-08-21T19:38:19.296Z] error: <httpProxy> Error calling http://localhost:8010/...
[2026-08-21T19:38:19.297Z] error: <httpProxy> [
  500,
  AggregateError: 
      at ignore-listed frames {
    code: 'ECONNREFUSED',
    [errors]: [ [Error], [Error] ]
  }
]
[2026-08-21T19:38:19.300Z] error: <httpProxy> Error calling http://localhost:5006/...
[2026-08-21T19:38:19.301Z] error: <httpProxy> [
  500,
  AggregateError: 
      at ignore-listed frames {
    code: 'ECONNREFUSED',
    [errors]: [ [Error], [Error] ]
  }
]
[2026-08-21T19:38:19.304Z] error: <httpProxy> Error calling http://localhost:8015/...
[2026-08-21T19:38:19.305Z] error: <httpProxy> [
  500,
  AggregateError: 
      at ignore-listed frames {
    code: 'ECONNREFUSED',
    [errors]: [ [Error], [Error] ]
  }
]
[2026-08-21T19:38:19.309Z] error: <httpProxy> Error calling http://localhost:8020/...
[2026-08-21T19:38:19.310Z] error: <httpProxy> [
  500,
  AggregateError: 
      at ignore-listed frames {
    code: 'ECONNREFUSED',
    [errors]: [ [Error], [Error] ]
  }
]
[2026-08-21T19:38:19.314Z] error: <httpProxy> Error calling http://localhost:3929/...
[2026-08-21T19:38:19.314Z] error: <httpProxy> [
  500,
  AggregateError: 
      at ignore-listed frames {
    code: 'ECONNREFUSED',
    [errors]: [ [Error], [Error] ]
  }
]
[2026-08-21T19:38:19.315Z] error: <httpProxy> Error calling http://localhost:8082/...
[2026-08-21T19:38:19.316Z] error: <httpProxy> [
  500,
  AggregateError: 
      at ignore-listed frames {
    code: 'ECONNREFUSED',
    [errors]: [ [Error], [Error] ]
  }
]
[2026-08-21T19:38:19.317Z] error: <httpProxy> Error calling http://localhost:3001/...
[2026-08-21T19:38:19.318Z] error: <httpProxy> [
  500,
  AggregateError: 
      at ignore-listed frames {
    code: 'ECONNREFUSED',
    [errors]: [ [Error], [Error] ]
  }
]
[2026-08-21T19:38:19.319Z] error: <httpProxy> Error calling http://localhost:8787/...
[2026-08-21T19:38:19.319Z] error: <httpProxy> [
  500,
  AggregateError: 
      at ignore-listed frames {
    code: 'ECONNREFUSED',
    [errors]: [ [Error], [Error] ]
  }
]
[2026-08-21T19:38:19.320Z] error: <httpProxy> Error calling http://localhost:3929/...
[2026-08-21T19:38:19.320Z] error: <httpProxy> [
  500,
  AggregateError: 
      at ignore-listed frames {
    code: 'ECONNREFUSED',
    [errors]: [ [Error], [Error] ]
  }
]
[2026-08-21T19:38:19.323Z] error: <httpProxy> Error calling http://localhost:8090/...
[2026-08-21T19:38:19.324Z] error: <httpProxy> [
  500,
  AggregateError: 
      at ignore-listed frames {
    code: 'ECONNREFUSED',
    [errors]: [ [Error], [Error] ]
  }
]
[2026-08-21T19:38:19.324Z] error: <httpProxy> Error calling http://localhost:8082/...
[2026-08-21T19:38:19.325Z] error: <httpProxy> [
  500,
  AggregateError: 
      at ignore-listed frames {
    code: 'ECONNREFUSED',
    [errors]: [ [Error], [Error] ]
  }
]
[2026-08-21T19:38:19.327Z] error: <httpProxy> Error calling http://localhost:8081/...
[2026-08-21T19:38:19.328Z] error: <httpProxy> [
  500,
  AggregateError: 
      at ignore-listed frames {
    code: 'ECONNREFUSED',
    [errors]: [ [Error], [Error] ]
  }
]
[2026-08-21T19:38:19.328Z] error: <httpProxy> Error calling http://localhost:3001/...
[2026-08-21T19:38:19.329Z] error: <httpProxy> [
  500,
  AggregateError: 
      at ignore-listed frames {
    code: 'ECONNREFUSED',
    [errors]: [ [Error], [Error] ]
  }
]
[2026-08-21T19:38:19.332Z] error: <httpProxy> Error calling http://localhost:8787/...
[2026-08-21T19:38:19.333Z] error: <httpProxy> [
  500,
  AggregateError: 
      at ignore-listed frames {
    code: 'ECONNREFUSED',
    [errors]: [ [Error], [Error] ]
  }
]
[2026-08-21T19:38:19.336Z] error: <httpProxy> Error calling http://localhost:8090/...
[2026-08-21T19:38:19.336Z] error: <httpProxy> [
  500,
  AggregateError: 
      at ignore-listed frames {
    code: 'ECONNREFUSED',
    [errors]: [ [Error], [Error] ]
  }
]
[2026-08-21T19:38:19.337Z] error: <httpProxy> Error calling http://localhost:8081/...
[2026-08-21T19:38:19.338Z] error: <httpProxy> [
  500,
  AggregateError: 
      at ignore-listed frames {
    code: 'ECONNREFUSED',
    [errors]: [ [Error], [Error] ]
  }
]
[2026-08-21T19:38:19.340Z] error: <httpProxy> Error calling http://localhost:8787/...
[2026-08-21T19:38:19.341Z] error: <httpProxy> [
  500,
  AggregateError: 
      at ignore-listed frames {
    code: 'ECONNREFUSED',
    [errors]: [ [Error], [Error] ]
  }
]
[2026-08-21T19:38:19.342Z] error: <httpProxy> Error calling http://localhost:8083/...
[2026-08-21T19:38:19.342Z] error: <httpProxy> [
  500,
  AggregateError: 
      at ignore-listed frames {
    code: 'ECONNREFUSED',
    [errors]: [ [Error], [Error] ]
  }
]
[2026-08-21T19:38:19.343Z] error: <httpProxy> Error calling http://localhost:8083/...
[2026-08-21T19:38:19.343Z] error: <httpProxy> [
  500,
  AggregateError: 
      at ignore-listed frames {
    code: 'ECONNREFUSED',
    [errors]: [ [Error], [Error] ]
  }
]
[2026-08-21T19:38:19.344Z] error: <httpProxy> Error calling http://localhost:8787/...
[2026-08-21T19:38:19.344Z] error: <httpProxy> [
  500,
  AggregateError: 
      at ignore-listed frames {
    code: 'ECONNREFUSED',
    [errors]: [ [Error], [Error] ]
  }
]
[2026-08-21T19:38:19.345Z] error: <httpProxy> Error calling http://localhost:8083/...
[2026-08-21T19:38:19.345Z] error: <httpProxy> [
  500,
  AggregateError: 
      at ignore-listed frames {
    code: 'ECONNREFUSED',
    [errors]: [ [Error], [Error] ]
  }
]
[2026-08-21T19:38:19.346Z] error: <httpProxy> Error calling http://localhost:8083/...
[2026-08-21T19:38:19.346Z] error: <httpProxy> [
  500,
  AggregateError: 
      at ignore-listed frames {
    code: 'ECONNREFUSED',
    [errors]: [ [Error], [Error] ]
  }
]
[2026-08-21T19:38:19.346Z] error: <httpProxy> Error calling http://localhost:8083/...
[2026-08-21T19:38:19.347Z] error: <httpProxy> [
  500,
  AggregateError: 
      at ignore-listed frames {
    code: 'ECONNREFUSED',
    [errors]: [ [Error], [Error] ]
  }
]
[2026-08-21T19:38:19.348Z] error: <httpProxy> Error calling http://localhost:8083/...
[2026-08-21T19:38:19.348Z] error: <httpProxy> [
  500,
  AggregateError: 
      at ignore-listed frames {
    code: 'ECONNREFUSED',
    [errors]: [ [Error], [Error] ]
  }
]
[2026-08-21T19:38:32.202Z] error: <httpProxy> Error calling http://localhost:8010/...
[2026-08-21T19:38:32.203Z] error: <httpProxy> [
  500,
  AggregateError: 
      at ignore-listed frames {
    code: 'ECONNREFUSED',
    [errors]: [ [Error], [Error] ]
  }
]
[2026-08-21T19:38:32.211Z] error: <httpProxy> Error calling http://localhost:8010/...
[2026-08-21T19:38:32.212Z] error: <httpProxy> [
  500,
  AggregateError: 
      at ignore-listed frames {
    code: 'ECONNREFUSED',
    [errors]: [ [Error], [Error] ]
  }
]
[2026-08-21T19:38:32.219Z] error: <httpProxy> Error calling http://localhost:9000/...
[2026-08-21T19:38:32.220Z] error: <httpProxy> [
  500,
  AggregateError: 
      at ignore-listed frames {
    code: 'ECONNREFUSED',
    [errors]: [ [Error], [Error] ]
  }
]
[2026-08-21T19:38:32.221Z] error: <httpProxy> Error calling http://localhost:2283/...
[2026-08-21T19:38:32.221Z] error: <httpProxy> [
  500,
  AggregateError: 
      at ignore-listed frames {
    code: 'ECONNREFUSED',
    [errors]: [ [Error], [Error] ]
  }
]
[2026-08-21T19:38:32.222Z] error: <httpProxy> Error calling http://localhost:5006/...
[2026-08-21T19:38:32.223Z] error: <httpProxy> [
  500,
  AggregateError: 
      at ignore-listed frames {
    code: 'ECONNREFUSED',
    [errors]: [ [Error], [Error] ]
  }
]
[2026-08-21T19:38:32.223Z] error: <httpProxy> Error calling http://localhost:8020/...
[2026-08-21T19:38:32.224Z] error: <httpProxy> [
  500,
  AggregateError: 
      at ignore-listed frames {
    code: 'ECONNREFUSED',
    [errors]: [ [Error], [Error] ]
  }
]
[2026-08-21T19:38:32.224Z] error: <httpProxy> Error calling http://localhost:9000/...
[2026-08-21T19:38:32.225Z] error: <httpProxy> [
  500,
  AggregateError: 
      at ignore-listed frames {
    code: 'ECONNREFUSED',
    [errors]: [ [Error], [Error] ]
  }
]
[2026-08-21T19:38:32.225Z] error: <httpProxy> Error calling http://localhost:2283/...
[2026-08-21T19:38:32.225Z] error: <httpProxy> [
  500,
  AggregateError: 
      at ignore-listed frames {
    code: 'ECONNREFUSED',
    [errors]: [ [Error], [Error] ]
  }
]
[2026-08-21T19:38:32.232Z] error: <httpProxy> Error calling http://localhost:5006/...
[2026-08-21T19:38:32.233Z] error: <httpProxy> [
  500,
  AggregateError: 
      at ignore-listed frames {
    code: 'ECONNREFUSED',
    [errors]: [ [Error], [Error] ]
  }
]
[2026-08-21T19:38:32.233Z] error: <httpProxy> Error calling http://localhost:8020/...
[2026-08-21T19:38:32.234Z] error: <httpProxy> [
  500,
  AggregateError: 
      at ignore-listed frames {
    code: 'ECONNREFUSED',
    [errors]: [ [Error], [Error] ]
  }
]
[2026-08-21T19:38:32.238Z] error: <httpProxy> Error calling http://localhost:8015/...
[2026-08-21T19:38:32.240Z] error: <httpProxy> [
  500,
  AggregateError: 
      at ignore-listed frames {
    code: 'ECONNREFUSED',
    [errors]: [ [Error], [Error] ]
  }
]
[2026-08-21T19:38:32.240Z] error: <httpProxy> Error calling http://localhost:3929/...
[2026-08-21T19:38:32.241Z] error: <httpProxy> [
  500,
  AggregateError: 
      at ignore-listed frames {
    code: 'ECONNREFUSED',
    [errors]: [ [Error], [Error] ]
  }
]
[2026-08-21T19:38:32.243Z] error: <httpProxy> Error calling http://localhost:8015/...
[2026-08-21T19:38:32.243Z] error: <httpProxy> [
  500,
  AggregateError: 
      at ignore-listed frames {
    code: 'ECONNREFUSED',
    [errors]: [ [Error], [Error] ]
  }
]
[2026-08-21T19:38:32.244Z] error: <httpProxy> Error calling http://localhost:3929/...
[2026-08-21T19:38:32.244Z] error: <httpProxy> [
  500,
  AggregateError: 
      at ignore-listed frames {
    code: 'ECONNREFUSED',
    [errors]: [ [Error], [Error] ]
  }
]
[2026-08-21T19:38:32.252Z] error: <httpProxy> Error calling http://localhost:3001/...
[2026-08-21T19:38:32.252Z] error: <httpProxy> [
  500,
  AggregateError: 
      at ignore-listed frames {
    code: 'ECONNREFUSED',
    [errors]: [ [Error], [Error] ]
  }
]
[2026-08-21T19:38:32.253Z] error: <httpProxy> Error calling http://localhost:8082/...
[2026-08-21T19:38:32.253Z] error: <httpProxy> [
  500,
  AggregateError: 
      at ignore-listed frames {
    code: 'ECONNREFUSED',
    [errors]: [ [Error], [Error] ]
  }
]
[2026-08-21T19:38:32.255Z] error: <httpProxy> Error calling http://localhost:8787/...
[2026-08-21T19:38:32.256Z] error: <httpProxy> [
  500,
  AggregateError: 
      at ignore-listed frames {
    code: 'ECONNREFUSED',
    [errors]: [ [Error], [Error] ]
  }
]
[2026-08-21T19:38:32.256Z] error: <httpProxy> Error calling http://localhost:8090/...
[2026-08-21T19:38:32.257Z] error: <httpProxy> [
  500,
  AggregateError: 
      at ignore-listed frames {
    code: 'ECONNREFUSED',
    [errors]: [ [Error], [Error] ]
  }
]
[2026-08-21T19:38:32.257Z] error: <httpProxy> Error calling http://localhost:3001/...
[2026-08-21T19:38:32.257Z] error: <httpProxy> [
  500,
  AggregateError: 
      at ignore-listed frames {
    code: 'ECONNREFUSED',
    [errors]: [ [Error], [Error] ]
  }
]
[2026-08-21T19:38:32.258Z] error: <httpProxy> Error calling http://localhost:8082/...
[2026-08-21T19:38:32.259Z] error: <httpProxy> [
  500,
  AggregateError: 
      at ignore-listed frames {
    code: 'ECONNREFUSED',
    [errors]: [ [Error], [Error] ]
  }
]
[2026-08-21T19:38:32.267Z] error: <httpProxy> Error calling http://localhost:8787/...
[2026-08-21T19:38:32.268Z] error: <httpProxy> [
  500,
  AggregateError: 
      at ignore-listed frames {
    code: 'ECONNREFUSED',
    [errors]: [ [Error], [Error] ]
  }
]
[2026-08-21T19:38:32.268Z] error: <httpProxy> Error calling http://localhost:8090/...
[2026-08-21T19:38:32.269Z] error: <httpProxy> [
  500,
  AggregateError: 
      at ignore-listed frames {
    code: 'ECONNREFUSED',
    [errors]: [ [Error], [Error] ]
  }
]
[2026-08-21T19:38:32.366Z] error: <httpProxy> Error calling http://localhost:8081/...
[2026-08-21T19:38:32.366Z] error: <httpProxy> [
  500,
  AggregateError: 
      at ignore-listed frames {
    code: 'ECONNREFUSED',
    [errors]: [ [Error], [Error] ]
  }
]
[2026-08-21T19:38:32.370Z] error: <httpProxy> Error calling http://localhost:8081/...
[2026-08-21T19:38:32.370Z] error: <httpProxy> [
  500,
  AggregateError: 
      at ignore-listed frames {
    code: 'ECONNREFUSED',
    [errors]: [ [Error], [Error] ]
  }
]
[2026-08-21T19:38:32.548Z] error: <httpProxy> Error calling http://localhost:8015/...
[2026-08-21T19:38:32.549Z] error: <httpProxy> [
  500,
  AggregateError: 
      at ignore-listed frames {
    code: 'ECONNREFUSED',
    [errors]: [ [Error], [Error] ]
  }
]
[2026-08-21T19:38:32.549Z] error: <httpProxy> Error calling http://localhost:2283/...
[2026-08-21T19:38:32.550Z] error: <httpProxy> [
  500,
  AggregateError: 
      at ignore-listed frames {
    code: 'ECONNREFUSED',
    [errors]: [ [Error], [Error] ]
  }
]
[2026-08-21T19:38:32.550Z] error: <httpProxy> Error calling http://localhost:9000/...
[2026-08-21T19:38:32.551Z] error: <httpProxy> [
  500,
  AggregateError: 
      at ignore-listed frames {
    code: 'ECONNREFUSED',
    [errors]: [ [Error], [Error] ]
  }
]
[2026-08-21T19:38:32.552Z] error: <httpProxy> Error calling http://localhost:8010/...
[2026-08-21T19:38:32.552Z] error: <httpProxy> [
  500,
  AggregateError: 
      at ignore-listed frames {
    code: 'ECONNREFUSED',
    [errors]: [ [Error], [Error] ]
  }
]
[2026-08-21T19:38:32.553Z] error: <httpProxy> Error calling http://localhost:5006/...
[2026-08-21T19:38:32.553Z] error: <httpProxy> [
  500,
  AggregateError: 
      at ignore-listed frames {
    code: 'ECONNREFUSED',
    [errors]: [ [Error], [Error] ]
  }
]
[2026-08-21T19:38:32.554Z] error: <httpProxy> Error calling http://localhost:8020/...
[2026-08-21T19:38:32.555Z] error: <httpProxy> [
  500,
  AggregateError: 
      at ignore-listed frames {
    code: 'ECONNREFUSED',
    [errors]: [ [Error], [Error] ]
  }
]
[2026-08-21T19:38:32.556Z] error: <httpProxy> Error calling http://localhost:8015/...
[2026-08-21T19:38:32.557Z] error: <httpProxy> [
  500,
  AggregateError: 
      at ignore-listed frames {
    code: 'ECONNREFUSED',
    [errors]: [ [Error], [Error] ]
  }
]
[2026-08-21T19:38:32.558Z] error: <httpProxy> Error calling http://localhost:2283/...
[2026-08-21T19:38:32.559Z] error: <httpProxy> [
  500,
  AggregateError: 
      at ignore-listed frames {
    code: 'ECONNREFUSED',
    [errors]: [ [Error], [Error] ]
  }
]
[2026-08-21T19:38:32.559Z] error: <httpProxy> Error calling http://localhost:9000/...
[2026-08-21T19:38:32.559Z] error: <httpProxy> [
  500,
  AggregateError: 
      at ignore-listed frames {
    code: 'ECONNREFUSED',
    [errors]: [ [Error], [Error] ]
  }
]
[2026-08-21T19:38:32.560Z] error: <httpProxy> Error calling http://localhost:8010/...
[2026-08-21T19:38:32.560Z] error: <httpProxy> [
  500,
  AggregateError: 
      at ignore-listed frames {
    code: 'ECONNREFUSED',
    [errors]: [ [Error], [Error] ]
  }
]
[2026-08-21T19:38:32.561Z] error: <httpProxy> Error calling http://localhost:5006/...
[2026-08-21T19:38:32.561Z] error: <httpProxy> [
  500,
  AggregateError: 
      at ignore-listed frames {
    code: 'ECONNREFUSED',
    [errors]: [ [Error], [Error] ]
  }
]
[2026-08-21T19:38:32.576Z] error: <httpProxy> Error calling http://localhost:8020/...
[2026-08-21T19:38:32.577Z] error: <httpProxy> [
  500,
  AggregateError: 
      at ignore-listed frames {
    code: 'ECONNREFUSED',
    [errors]: [ [Error], [Error] ]
  }
]
[2026-08-21T19:38:32.587Z] error: <httpProxy> Error calling http://localhost:3929/...
[2026-08-21T19:38:32.588Z] error: <httpProxy> [
  500,
  AggregateError: 
      at ignore-listed frames {
    code: 'ECONNREFUSED',
    [errors]: [ [Error], [Error] ]
  }
]
[2026-08-21T19:38:32.588Z] error: <httpProxy> Error calling http://localhost:3001/...
[2026-08-21T19:38:32.589Z] error: <httpProxy> [
  500,
  AggregateError: 
      at ignore-listed frames {
    code: 'ECONNREFUSED',
    [errors]: [ [Error], [Error] ]
  }
]
[2026-08-21T19:38:32.589Z] error: <httpProxy> Error calling http://localhost:8082/...
[2026-08-21T19:38:32.589Z] error: <httpProxy> [
  500,
  AggregateError: 
      at ignore-listed frames {
    code: 'ECONNREFUSED',
    [errors]: [ [Error], [Error] ]
  }
]
[2026-08-21T19:38:32.590Z] error: <httpProxy> Error calling http://localhost:8787/...
[2026-08-21T19:38:32.590Z] error: <httpProxy> [
  500,
  AggregateError: 
      at ignore-listed frames {
    code: 'ECONNREFUSED',
    [errors]: [ [Error], [Error] ]
  }
]
[2026-08-21T19:38:32.591Z] error: <httpProxy> Error calling http://localhost:8090/...
[2026-08-21T19:38:32.591Z] error: <httpProxy> [
  500,
  AggregateError: 
      at ignore-listed frames {
    code: 'ECONNREFUSED',
    [errors]: [ [Error], [Error] ]
  }
]
[2026-08-21T19:38:32.592Z] error: <httpProxy> Error calling http://localhost:8081/...
[2026-08-21T19:38:32.593Z] error: <httpProxy> [
  500,
  AggregateError: 
      at ignore-listed frames {
    code: 'ECONNREFUSED',
    [errors]: [ [Error], [Error] ]
  }
]
[2026-08-21T19:38:32.593Z] error: <httpProxy> Error calling http://localhost:3929/...
[2026-08-21T19:38:32.594Z] error: <httpProxy> [
  500,
  AggregateError: 
      at ignore-listed frames {
    code: 'ECONNREFUSED',
    [errors]: [ [Error], [Error] ]
  }
]
[2026-08-21T19:38:32.595Z] error: <httpProxy> Error calling http://localhost:3001/...
[2026-08-21T19:38:32.595Z] error: <httpProxy> [
  500,
  AggregateError: 
      at ignore-listed frames {
    code: 'ECONNREFUSED',
    [errors]: [ [Error], [Error] ]
  }
]
[2026-08-21T19:38:32.595Z] error: <httpProxy> Error calling http://localhost:8082/...
[2026-08-21T19:38:32.596Z] error: <httpProxy> [
  500,
  AggregateError: 
      at ignore-listed frames {
    code: 'ECONNREFUSED',
    [errors]: [ [Error], [Error] ]
  }
]
[2026-08-21T19:38:32.596Z] error: <httpProxy> Error calling http://localhost:8787/...
[2026-08-21T19:38:32.597Z] error: <httpProxy> [
  500,
  AggregateError: 
      at ignore-listed frames {
    code: 'ECONNREFUSED',
    [errors]: [ [Error], [Error] ]
  }
]
[2026-08-21T19:38:32.597Z] error: <httpProxy> Error calling http://localhost:8090/...
[2026-08-21T19:38:32.598Z] error: <httpProxy> [
  500,
  AggregateError: 
      at ignore-listed frames {
    code: 'ECONNREFUSED',
    [errors]: [ [Error], [Error] ]
  }
]
[2026-08-21T19:38:32.608Z] error: <httpProxy> Error calling http://localhost:8081/...
[2026-08-21T19:38:32.609Z] error: <httpProxy> [
  500,
  AggregateError: 
      at ignore-listed frames {
    code: 'ECONNREFUSED',
    [errors]: [ [Error], [Error] ]
  }
]
[2026-08-21T19:39:02.593Z] error: <httpProxy> Error calling http://localhost:2283/...
[2026-08-21T19:39:02.593Z] error: <httpProxy> [
  500,
  AggregateError: 
      at ignore-listed frames {
    code: 'ECONNREFUSED',
    [errors]: [ [Error], [Error] ]
  }
]
[2026-08-21T19:39:02.594Z] error: <httpProxy> Error calling http://localhost:9000/...
[2026-08-21T19:39:02.595Z] error: <httpProxy> [
  500,
  AggregateError: 
      at ignore-listed frames {
    code: 'ECONNREFUSED',
    [errors]: [ [Error], [Error] ]
  }
]
[2026-08-21T19:39:02.596Z] error: <httpProxy> Error calling http://localhost:5006/...
[2026-08-21T19:39:02.596Z] error: <httpProxy> [
  500,
  AggregateError: 
      at ignore-listed frames {
    code: 'ECONNREFUSED',
    [errors]: [ [Error], [Error] ]
  }
]
[2026-08-21T19:39:02.597Z] error: <httpProxy> Error calling http://localhost:8010/...
[2026-08-21T19:39:02.597Z] error: <httpProxy> [
  500,
  AggregateError: 
      at ignore-listed frames {
    code: 'ECONNREFUSED',
    [errors]: [ [Error], [Error] ]
  }
]
[2026-08-21T19:39:02.597Z] error: <httpProxy> Error calling http://localhost:2283/...
[2026-08-21T19:39:02.598Z] error: <httpProxy> [
  500,
  AggregateError: 
      at ignore-listed frames {
    code: 'ECONNREFUSED',
    [errors]: [ [Error], [Error] ]
  }
]
[2026-08-21T19:39:02.598Z] error: <httpProxy> Error calling http://localhost:8020/...
[2026-08-21T19:39:02.599Z] error: <httpProxy> [
  500,
  AggregateError: 
      at ignore-listed frames {
    code: 'ECONNREFUSED',
    [errors]: [ [Error], [Error] ]
  }
]
[2026-08-21T19:39:02.599Z] error: <httpProxy> Error calling http://localhost:9000/...
[2026-08-21T19:39:02.600Z] error: <httpProxy> [
  500,
  AggregateError: 
      at ignore-listed frames {
    code: 'ECONNREFUSED',
    [errors]: [ [Error], [Error] ]
  }
]
[2026-08-21T19:39:02.604Z] error: <httpProxy> Error calling http://localhost:8015/...
[2026-08-21T19:39:02.604Z] error: <httpProxy> [
  500,
  AggregateError: 
      at ignore-listed frames {
    code: 'ECONNREFUSED',
    [errors]: [ [Error], [Error] ]
  }
]
[2026-08-21T19:39:02.605Z] error: <httpProxy> Error calling http://localhost:5006/...
[2026-08-21T19:39:02.606Z] error: <httpProxy> [
  500,
  AggregateError: 
      at ignore-listed frames {
    code: 'ECONNREFUSED',
    [errors]: [ [Error], [Error] ]
  }
]
[2026-08-21T19:39:02.608Z] error: <httpProxy> Error calling http://localhost:8010/...
[2026-08-21T19:39:02.609Z] error: <httpProxy> [
  500,
  AggregateError: 
      at ignore-listed frames {
    code: 'ECONNREFUSED',
    [errors]: [ [Error], [Error] ]
  }
]
[2026-08-21T19:39:02.611Z] error: <httpProxy> Error calling http://localhost:8020/...
[2026-08-21T19:39:02.612Z] error: <httpProxy> [
  500,
  AggregateError: 
      at ignore-listed frames {
    code: 'ECONNREFUSED',
    [errors]: [ [Error], [Error] ]
  }
]
[2026-08-21T19:39:02.614Z] error: <httpProxy> Error calling http://localhost:8015/...
[2026-08-21T19:39:02.614Z] error: <httpProxy> [
  500,
  AggregateError: 
      at ignore-listed frames {
    code: 'ECONNREFUSED',
    [errors]: [ [Error], [Error] ]
  }
]
[2026-08-21T19:39:02.619Z] error: <httpProxy> Error calling http://localhost:3929/...
[2026-08-21T19:39:02.620Z] error: <httpProxy> [
  500,
  AggregateError: 
      at ignore-listed frames {
    code: 'ECONNREFUSED',
    [errors]: [ [Error], [Error] ]
  }
]
[2026-08-21T19:39:02.620Z] error: <httpProxy> Error calling http://localhost:3001/...
[2026-08-21T19:39:02.621Z] error: <httpProxy> [
  500,
  AggregateError: 
      at ignore-listed frames {
    code: 'ECONNREFUSED',
    [errors]: [ [Error], [Error] ]
  }
]
[2026-08-21T19:39:02.622Z] error: <httpProxy> Error calling http://localhost:8082/...
[2026-08-21T19:39:02.622Z] error: <httpProxy> [
  500,
  AggregateError: 
      at ignore-listed frames {
    code: 'ECONNREFUSED',
    [errors]: [ [Error], [Error] ]
  }
]
[2026-08-21T19:39:02.623Z] error: <httpProxy> Error calling http://localhost:8787/...
[2026-08-21T19:39:02.623Z] error: <httpProxy> [
  500,
  AggregateError: 
      at ignore-listed frames {
    code: 'ECONNREFUSED',
    [errors]: [ [Error], [Error] ]
  }
]
[2026-08-21T19:39:02.624Z] error: <httpProxy> Error calling http://localhost:8090/...
[2026-08-21T19:39:02.624Z] error: <httpProxy> [
  500,
  AggregateError: 
      at ignore-listed frames {
    code: 'ECONNREFUSED',
    [errors]: [ [Error], [Error] ]
  }
]
[2026-08-21T19:39:02.625Z] error: <httpProxy> Error calling http://localhost:3929/...
[2026-08-21T19:39:02.625Z] error: <httpProxy> [
  500,
  AggregateError: 
      at ignore-listed frames {
    code: 'ECONNREFUSED',
    [errors]: [ [Error], [Error] ]
  }
]
[2026-08-21T19:39:02.625Z] error: <httpProxy> Error calling http://localhost:3001/...
[2026-08-21T19:39:02.626Z] error: <httpProxy> [
  500,
  AggregateError: 
      at ignore-listed frames {
    code: 'ECONNREFUSED',
    [errors]: [ [Error], [Error] ]
  }
]
[2026-08-21T19:39:02.626Z] error: <httpProxy> Error calling http://localhost:8081/...
[2026-08-21T19:39:02.627Z] error: <httpProxy> [
  500,
  AggregateError: 
      at ignore-listed frames {
    code: 'ECONNREFUSED',
    [errors]: [ [Error], [Error] ]
  }
]
[2026-08-21T19:39:02.627Z] error: <httpProxy> Error calling http://localhost:8082/...
[2026-08-21T19:39:02.628Z] error: <httpProxy> [
  500,
  AggregateError: 
      at ignore-listed frames {
    code: 'ECONNREFUSED',
    [errors]: [ [Error], [Error] ]
  }
]
[2026-08-21T19:39:02.629Z] error: <httpProxy> Error calling http://localhost:8787/...
[2026-08-21T19:39:02.630Z] error: <httpProxy> [
  500,
  AggregateError: 
      at ignore-listed frames {
    code: 'ECONNREFUSED',
    [errors]: [ [Error], [Error] ]
  }
]
[2026-08-21T19:39:02.630Z] error: <httpProxy> Error calling http://localhost:8090/...
[2026-08-21T19:39:02.631Z] error: <httpProxy> [
  500,
  AggregateError: 
      at ignore-listed frames {
    code: 'ECONNREFUSED',
    [errors]: [ [Error], [Error] ]
  }
]
[2026-08-21T19:39:02.631Z] error: <httpProxy> Error calling http://localhost:8081/...
[2026-08-21T19:39:02.632Z] error: <httpProxy> [
  500,
  AggregateError: 
      at ignore-listed frames {
    code: 'ECONNREFUSED',
    [errors]: [ [Error], [Error] ]
  }
]
[2026-08-21T19:39:06.152Z] error: <httpProxy> Error calling http://localhost:2283/...
[2026-08-21T19:39:06.152Z] error: <httpProxy> [
  500,
  AggregateError: 
      at ignore-listed frames {
    code: 'ECONNREFUSED',
    [errors]: [ [Error], [Error] ]
  }
]
[2026-08-21T19:39:06.153Z] error: <httpProxy> Error calling http://localhost:8010/...
[2026-08-21T19:39:06.154Z] error: <httpProxy> [
  500,
  AggregateError: 
      at ignore-listed frames {
    code: 'ECONNREFUSED',
    [errors]: [ [Error], [Error] ]
  }
]
[2026-08-21T19:39:06.157Z] error: <httpProxy> Error calling http://localhost:9000/...
[2026-08-21T19:39:06.157Z] error: <httpProxy> [
  500,
  AggregateError: 
      at ignore-listed frames {
    code: 'ECONNREFUSED',
    [errors]: [ [Error], [Error] ]
  }
]
[2026-08-21T19:39:06.158Z] error: <httpProxy> Error calling http://localhost:2283/...
[2026-08-21T19:39:06.158Z] error: <httpProxy> [
  500,
  AggregateError: 
      at ignore-listed frames {
    code: 'ECONNREFUSED',
    [errors]: [ [Error], [Error] ]
  }
]
[2026-08-21T19:39:06.159Z] error: <httpProxy> Error calling http://localhost:8010/...
[2026-08-21T19:39:06.159Z] error: <httpProxy> [
  500,
  AggregateError: 
      at ignore-listed frames {
    code: 'ECONNREFUSED',
    [errors]: [ [Error], [Error] ]
  }
]
[2026-08-21T19:39:06.161Z] error: <httpProxy> Error calling http://localhost:5006/...
[2026-08-21T19:39:06.162Z] error: <httpProxy> [
  500,
  AggregateError: 
      at ignore-listed frames {
    code: 'ECONNREFUSED',
    [errors]: [ [Error], [Error] ]
  }
]
[2026-08-21T19:39:06.162Z] error: <httpProxy> Error calling http://localhost:8020/...
[2026-08-21T19:39:06.163Z] error: <httpProxy> [
  500,
  AggregateError: 
      at ignore-listed frames {
    code: 'ECONNREFUSED',
    [errors]: [ [Error], [Error] ]
  }
]
[2026-08-21T19:39:06.163Z] error: <httpProxy> Error calling http://localhost:9000/...
[2026-08-21T19:39:06.164Z] error: <httpProxy> [
  500,
  AggregateError: 
      at ignore-listed frames {
    code: 'ECONNREFUSED',
    [errors]: [ [Error], [Error] ]
  }
]
[2026-08-21T19:39:06.168Z] error: <httpProxy> Error calling http://localhost:5006/...
[2026-08-21T19:39:06.169Z] error: <httpProxy> [
  500,
  AggregateError: 
      at ignore-listed frames {
    code: 'ECONNREFUSED',
    [errors]: [ [Error], [Error] ]
  }
]
[2026-08-21T19:39:06.169Z] error: <httpProxy> Error calling http://localhost:8020/...
[2026-08-21T19:39:06.170Z] error: <httpProxy> [
  500,
  AggregateError: 
      at ignore-listed frames {
    code: 'ECONNREFUSED',
    [errors]: [ [Error], [Error] ]
  }
]
[2026-08-21T19:39:06.174Z] error: <httpProxy> Error calling http://localhost:8015/...
[2026-08-21T19:39:06.174Z] error: <httpProxy> [
  500,
  AggregateError: 
      at ignore-listed frames {
    code: 'ECONNREFUSED',
    [errors]: [ [Error], [Error] ]
  }
]
[2026-08-21T19:39:06.176Z] error: <httpProxy> Error calling http://localhost:3929/...
[2026-08-21T19:39:06.176Z] error: <httpProxy> [
  500,
  AggregateError: 
      at ignore-listed frames {
    code: 'ECONNREFUSED',
    [errors]: [ [Error], [Error] ]
  }
]
[2026-08-21T19:39:06.177Z] error: <httpProxy> Error calling http://localhost:8015/...
[2026-08-21T19:39:06.177Z] error: <httpProxy> [
  500,
  AggregateError: 
      at ignore-listed frames {
    code: 'ECONNREFUSED',
    [errors]: [ [Error], [Error] ]
  }
]
[2026-08-21T19:39:06.178Z] error: <httpProxy> Error calling http://localhost:3001/...
[2026-08-21T19:39:06.179Z] error: <httpProxy> [
  500,
  AggregateError: 
      at ignore-listed frames {
    code: 'ECONNREFUSED',
    [errors]: [ [Error], [Error] ]
  }
]
[2026-08-21T19:39:06.179Z] error: <httpProxy> Error calling http://localhost:8082/...
[2026-08-21T19:39:06.180Z] error: <httpProxy> [
  500,
  AggregateError: 
      at ignore-listed frames {
    code: 'ECONNREFUSED',
    [errors]: [ [Error], [Error] ]
  }
]
[2026-08-21T19:39:06.183Z] error: <httpProxy> Error calling http://localhost:3929/...
[2026-08-21T19:39:06.183Z] error: <httpProxy> [
  500,
  AggregateError: 
      at ignore-listed frames {
    code: 'ECONNREFUSED',
    [errors]: [ [Error], [Error] ]
  }
]
[2026-08-21T19:39:06.184Z] error: <httpProxy> Error calling http://localhost:8787/...
[2026-08-21T19:39:06.184Z] error: <httpProxy> [
  500,
  AggregateError: 
      at ignore-listed frames {
    code: 'ECONNREFUSED',
    [errors]: [ [Error], [Error] ]
  }
]
[2026-08-21T19:39:06.185Z] error: <httpProxy> Error calling http://localhost:8090/...
[2026-08-21T19:39:06.185Z] error: <httpProxy> [
  500,
  AggregateError: 
      at ignore-listed frames {
    code: 'ECONNREFUSED',
    [errors]: [ [Error], [Error] ]
  }
]
[2026-08-21T19:39:06.185Z] error: <httpProxy> Error calling http://localhost:3001/...
[2026-08-21T19:39:06.186Z] error: <httpProxy> [
  500,
  AggregateError: 
      at ignore-listed frames {
    code: 'ECONNREFUSED',
    [errors]: [ [Error], [Error] ]
  }
]
[2026-08-21T19:39:06.186Z] error: <httpProxy> Error calling http://localhost:8082/...
[2026-08-21T19:39:06.187Z] error: <httpProxy> [
  500,
  AggregateError: 
      at ignore-listed frames {
    code: 'ECONNREFUSED',
    [errors]: [ [Error], [Error] ]
  }
]
[2026-08-21T19:39:06.188Z] error: <httpProxy> Error calling http://localhost:8787/...
[2026-08-21T19:39:06.188Z] error: <httpProxy> [
  500,
  AggregateError: 
      at ignore-listed frames {
    code: 'ECONNREFUSED',
    [errors]: [ [Error], [Error] ]
  }
]
[2026-08-21T19:39:06.188Z] error: <httpProxy> Error calling http://localhost:8090/...
[2026-08-21T19:39:06.189Z] error: <httpProxy> [
  500,
  AggregateError: 
      at ignore-listed frames {
    code: 'ECONNREFUSED',
    [errors]: [ [Error], [Error] ]
  }
]
[2026-08-21T19:39:06.190Z] error: <httpProxy> Error calling http://localhost:8081/...
[2026-08-21T19:39:06.190Z] error: <httpProxy> [
  500,
  AggregateError: 
      at ignore-listed frames {
    code: 'ECONNREFUSED',
    [errors]: [ [Error], [Error] ]
  }
]
[2026-08-21T19:39:06.191Z] error: <httpProxy> Error calling http://localhost:8081/...
[2026-08-21T19:39:06.191Z] error: <httpProxy> [
  500,
  AggregateError: 
      at ignore-listed frames {
    code: 'ECONNREFUSED',
    [errors]: [ [Error], [Error] ]
  }
]
[2026-08-21T19:39:18.990Z] error: <httpProxy> Error calling http://localhost:2283/...
[2026-08-21T19:39:18.990Z] error: <httpProxy> [
  500,
  AggregateError: 
      at ignore-listed frames {
    code: 'ECONNREFUSED',
    [errors]: [ [Error], [Error] ]
  }
]
[2026-08-21T19:39:18.991Z] error: <httpProxy> Error calling http://localhost:8010/...
[2026-08-21T19:39:18.991Z] error: <httpProxy> [
  500,
  AggregateError: 
      at ignore-listed frames {
    code: 'ECONNREFUSED',
    [errors]: [ [Error], [Error] ]
  }
]
[2026-08-21T19:39:18.992Z] error: <httpProxy> Error calling http://localhost:9000/...
[2026-08-21T19:39:18.992Z] error: <httpProxy> [
  500,
  AggregateError: 
      at ignore-listed frames {
    code: 'ECONNREFUSED',
    [errors]: [ [Error], [Error] ]
  }
]
[2026-08-21T19:39:18.994Z] error: <httpProxy> Error calling http://localhost:5006/...
[2026-08-21T19:39:18.994Z] error: <httpProxy> [
  500,
  AggregateError: 
      at ignore-listed frames {
    code: 'ECONNREFUSED',
    [errors]: [ [Error], [Error] ]
  }
]
[2026-08-21T19:39:18.994Z] error: <httpProxy> Error calling http://localhost:8020/...
[2026-08-21T19:39:18.995Z] error: <httpProxy> [
  500,
  AggregateError: 
      at ignore-listed frames {
    code: 'ECONNREFUSED',
    [errors]: [ [Error], [Error] ]
  }
]
[2026-08-21T19:39:18.995Z] error: <httpProxy> Error calling http://localhost:2283/...
[2026-08-21T19:39:18.995Z] error: <httpProxy> [
  500,
  AggregateError: 
      at ignore-listed frames {
    code: 'ECONNREFUSED',
    [errors]: [ [Error], [Error] ]
  }
]
[2026-08-21T19:39:18.996Z] error: <httpProxy> Error calling http://localhost:8010/...
[2026-08-21T19:39:18.996Z] error: <httpProxy> [
  500,
  AggregateError: 
      at ignore-listed frames {
    code: 'ECONNREFUSED',
    [errors]: [ [Error], [Error] ]
  }
]
[2026-08-21T19:39:18.996Z] error: <httpProxy> Error calling http://localhost:9000/...
[2026-08-21T19:39:18.997Z] error: <httpProxy> [
  500,
  AggregateError: 
      at ignore-listed frames {
    code: 'ECONNREFUSED',
    [errors]: [ [Error], [Error] ]
  }
]
[2026-08-21T19:39:19.004Z] error: <httpProxy> Error calling http://localhost:8015/...
[2026-08-21T19:39:19.005Z] error: <httpProxy> [
  500,
  AggregateError: 
      at ignore-listed frames {
    code: 'ECONNREFUSED',
    [errors]: [ [Error], [Error] ]
  }
]
[2026-08-21T19:39:19.007Z] error: <httpProxy> Error calling http://localhost:5006/...
[2026-08-21T19:39:19.008Z] error: <httpProxy> [
  500,
  AggregateError: 
      at ignore-listed frames {
    code: 'ECONNREFUSED',
    [errors]: [ [Error], [Error] ]
  }
]
[2026-08-21T19:39:19.011Z] error: <httpProxy> Error calling http://localhost:8020/...
[2026-08-21T19:39:19.012Z] error: <httpProxy> [
  500,
  AggregateError: 
      at ignore-listed frames {
    code: 'ECONNREFUSED',
    [errors]: [ [Error], [Error] ]
  }
]
[2026-08-21T19:39:19.015Z] error: <httpProxy> Error calling http://localhost:8015/...
[2026-08-21T19:39:19.016Z] error: <httpProxy> [
  500,
  AggregateError: 
      at ignore-listed frames {
    code: 'ECONNREFUSED',
    [errors]: [ [Error], [Error] ]
  }
]
[2026-08-21T19:39:19.024Z] error: <httpProxy> Error calling http://localhost:3929/...
[2026-08-21T19:39:19.024Z] error: <httpProxy> [
  500,
  AggregateError: 
      at ignore-listed frames {
    code: 'ECONNREFUSED',
    [errors]: [ [Error], [Error] ]
  }
]
[2026-08-21T19:39:19.025Z] error: <httpProxy> Error calling http://localhost:3001/...
[2026-08-21T19:39:19.025Z] error: <httpProxy> [
  500,
  AggregateError: 
      at ignore-listed frames {
    code: 'ECONNREFUSED',
    [errors]: [ [Error], [Error] ]
  }
]
[2026-08-21T19:39:19.026Z] error: <httpProxy> Error calling http://localhost:8082/...
[2026-08-21T19:39:19.026Z] error: <httpProxy> [
  500,
  AggregateError: 
      at ignore-listed frames {
    code: 'ECONNREFUSED',
    [errors]: [ [Error], [Error] ]
  }
]
[2026-08-21T19:39:19.029Z] error: <httpProxy> Error calling http://localhost:8787/...
[2026-08-21T19:39:19.030Z] error: <httpProxy> [
  500,
  AggregateError: 
      at ignore-listed frames {
    code: 'ECONNREFUSED',
    [errors]: [ [Error], [Error] ]
  }
]
[2026-08-21T19:39:19.031Z] error: <httpProxy> Error calling http://localhost:8090/...
[2026-08-21T19:39:19.031Z] error: <httpProxy> [
  500,
  AggregateError: 
      at ignore-listed frames {
    code: 'ECONNREFUSED',
    [errors]: [ [Error], [Error] ]
  }
]
[2026-08-21T19:39:19.032Z] error: <httpProxy> Error calling http://localhost:3929/...
[2026-08-21T19:39:19.032Z] error: <httpProxy> [
  500,
  AggregateError: 
      at ignore-listed frames {
    code: 'ECONNREFUSED',
    [errors]: [ [Error], [Error] ]
  }
]
[2026-08-21T19:39:19.033Z] error: <httpProxy> Error calling http://localhost:3001/...
[2026-08-21T19:39:19.033Z] error: <httpProxy> [
  500,
  AggregateError: 
      at ignore-listed frames {
    code: 'ECONNREFUSED',
    [errors]: [ [Error], [Error] ]
  }
]
[2026-08-21T19:39:19.033Z] error: <httpProxy> Error calling http://localhost:8082/...
[2026-08-21T19:39:19.034Z] error: <httpProxy> [
  500,
  AggregateError: 
      at ignore-listed frames {
    code: 'ECONNREFUSED',
    [errors]: [ [Error], [Error] ]
  }
]
[2026-08-21T19:39:19.041Z] error: <httpProxy> Error calling http://localhost:8081/...
[2026-08-21T19:39:19.041Z] error: <httpProxy> [
  500,
  AggregateError: 
      at ignore-listed frames {
    code: 'ECONNREFUSED',
    [errors]: [ [Error], [Error] ]
  }
]
[2026-08-21T19:39:19.042Z] error: <httpProxy> Error calling http://localhost:8787/...
[2026-08-21T19:39:19.042Z] error: <httpProxy> [
  500,
  AggregateError: 
      at ignore-listed frames {
    code: 'ECONNREFUSED',
    [errors]: [ [Error], [Error] ]
  }
]
[2026-08-21T19:39:19.046Z] error: <httpProxy> Error calling http://localhost:8090/...
[2026-08-21T19:39:19.046Z] error: <httpProxy> [
  500,
  AggregateError: 
      at ignore-listed frames {
    code: 'ECONNREFUSED',
    [errors]: [ [Error], [Error] ]
  }
]
[2026-08-21T19:39:19.051Z] error: <httpProxy> Error calling http://localhost:8081/...
[2026-08-21T19:39:19.052Z] error: <httpProxy> [
  500,
  AggregateError: 
      at ignore-listed frames {
    code: 'ECONNREFUSED',
    [errors]: [ [Error], [Error] ]
  }
]
[2026-08-21T19:39:21.831Z] error: <httpProxy> Error calling http://localhost:2283/...
[2026-08-21T19:39:21.831Z] error: <httpProxy> [
  500,
  AggregateError: 
      at ignore-listed frames {
    code: 'ECONNREFUSED',
    [errors]: [ [Error], [Error] ]
  }
]
[2026-08-21T19:39:21.831Z] error: <httpProxy> Error calling http://localhost:8010/...
[2026-08-21T19:39:21.832Z] error: <httpProxy> [
  500,
  AggregateError: 
      at ignore-listed frames {
    code: 'ECONNREFUSED',
    [errors]: [ [Error], [Error] ]
  }
]
[2026-08-21T19:39:21.834Z] error: <httpProxy> Error calling http://localhost:9000/...
[2026-08-21T19:39:21.834Z] error: <httpProxy> [
  500,
  AggregateError: 
      at ignore-listed frames {
    code: 'ECONNREFUSED',
    [errors]: [ [Error], [Error] ]
  }
]
[2026-08-21T19:39:21.835Z] error: <httpProxy> Error calling http://localhost:2283/...
[2026-08-21T19:39:21.836Z] error: <httpProxy> [
  500,
  AggregateError: 
      at ignore-listed frames {
    code: 'ECONNREFUSED',
    [errors]: [ [Error], [Error] ]
  }
]
[2026-08-21T19:39:21.836Z] error: <httpProxy> Error calling http://localhost:8010/...
[2026-08-21T19:39:21.837Z] error: <httpProxy> [
  500,
  AggregateError: 
      at ignore-listed frames {
    code: 'ECONNREFUSED',
    [errors]: [ [Error], [Error] ]
  }
]
[2026-08-21T19:39:21.842Z] error: <httpProxy> Error calling http://localhost:5006/...
[2026-08-21T19:39:21.842Z] error: <httpProxy> [
  500,
  AggregateError: 
      at ignore-listed frames {
    code: 'ECONNREFUSED',
    [errors]: [ [Error], [Error] ]
  }
]
[2026-08-21T19:39:21.842Z] error: <httpProxy> Error calling http://localhost:9000/...
[2026-08-21T19:39:21.843Z] error: <httpProxy> [
  500,
  AggregateError: 
      at ignore-listed frames {
    code: 'ECONNREFUSED',
    [errors]: [ [Error], [Error] ]
  }
]
[2026-08-21T19:39:21.844Z] error: <httpProxy> Error calling http://localhost:8020/...
[2026-08-21T19:39:21.844Z] error: <httpProxy> [
  500,
  AggregateError: 
      at ignore-listed frames {
    code: 'ECONNREFUSED',
    [errors]: [ [Error], [Error] ]
  }
]
[2026-08-21T19:39:21.847Z] error: <httpProxy> Error calling http://localhost:5006/...
[2026-08-21T19:39:21.848Z] error: <httpProxy> [
  500,
  AggregateError: 
      at ignore-listed frames {
    code: 'ECONNREFUSED',
    [errors]: [ [Error], [Error] ]
  }
]
[2026-08-21T19:39:21.849Z] error: <httpProxy> Error calling http://localhost:8015/...
[2026-08-21T19:39:21.849Z] error: <httpProxy> [
  500,
  AggregateError: 
      at ignore-listed frames {
    code: 'ECONNREFUSED',
    [errors]: [ [Error], [Error] ]
  }
]
[2026-08-21T19:39:21.850Z] error: <httpProxy> Error calling http://localhost:8020/...
[2026-08-21T19:39:21.850Z] error: <httpProxy> [
  500,
  AggregateError: 
      at ignore-listed frames {
    code: 'ECONNREFUSED',
    [errors]: [ [Error], [Error] ]
  }
]
[2026-08-21T19:39:21.856Z] error: <httpProxy> Error calling http://localhost:3929/...
[2026-08-21T19:39:21.856Z] error: <httpProxy> [
  500,
  AggregateError: 
      at ignore-listed frames {
    code: 'ECONNREFUSED',
    [errors]: [ [Error], [Error] ]
  }
]
[2026-08-21T19:39:21.856Z] error: <httpProxy> Error calling http://localhost:3001/...
[2026-08-21T19:39:21.857Z] error: <httpProxy> [
  500,
  AggregateError: 
      at ignore-listed frames {
    code: 'ECONNREFUSED',
    [errors]: [ [Error], [Error] ]
  }
]
[2026-08-21T19:39:21.857Z] error: <httpProxy> Error calling http://localhost:8015/...
[2026-08-21T19:39:21.858Z] error: <httpProxy> [
  500,
  AggregateError: 
      at ignore-listed frames {
    code: 'ECONNREFUSED',
    [errors]: [ [Error], [Error] ]
  }
]
[2026-08-21T19:39:21.860Z] error: <httpProxy> Error calling http://localhost:8082/...
[2026-08-21T19:39:21.861Z] error: <httpProxy> [
  500,
  AggregateError: 
      at ignore-listed frames {
    code: 'ECONNREFUSED',
    [errors]: [ [Error], [Error] ]
  }
]
[2026-08-21T19:39:21.861Z] error: <httpProxy> Error calling http://localhost:3929/...
[2026-08-21T19:39:21.862Z] error: <httpProxy> [
  500,
  AggregateError: 
      at ignore-listed frames {
    code: 'ECONNREFUSED',
    [errors]: [ [Error], [Error] ]
  }
]
[2026-08-21T19:39:21.862Z] error: <httpProxy> Error calling http://localhost:3001/...
[2026-08-21T19:39:21.863Z] error: <httpProxy> [
  500,
  AggregateError: 
      at ignore-listed frames {
    code: 'ECONNREFUSED',
    [errors]: [ [Error], [Error] ]
  }
]
[2026-08-21T19:39:21.863Z] error: <httpProxy> Error calling http://localhost:8787/...
[2026-08-21T19:39:21.864Z] error: <httpProxy> [
  500,
  AggregateError: 
      at ignore-listed frames {
    code: 'ECONNREFUSED',
    [errors]: [ [Error], [Error] ]
  }
]
[2026-08-21T19:39:21.864Z] error: <httpProxy> Error calling http://localhost:8082/...
[2026-08-21T19:39:21.865Z] error: <httpProxy> [
  500,
  AggregateError: 
      at ignore-listed frames {
    code: 'ECONNREFUSED',
    [errors]: [ [Error], [Error] ]
  }
]
[2026-08-21T19:39:21.865Z] error: <httpProxy> Error calling http://localhost:8090/...
[2026-08-21T19:39:21.866Z] error: <httpProxy> [
  500,
  AggregateError: 
      at ignore-listed frames {
    code: 'ECONNREFUSED',
    [errors]: [ [Error], [Error] ]
  }
]
[2026-08-21T19:39:21.866Z] error: <httpProxy> Error calling http://localhost:8787/...
[2026-08-21T19:39:21.867Z] error: <httpProxy> [
  500,
  AggregateError: 
      at ignore-listed frames {
    code: 'ECONNREFUSED',
    [errors]: [ [Error], [Error] ]
  }
]
[2026-08-21T19:39:21.867Z] error: <httpProxy> Error calling http://localhost:8081/...
[2026-08-21T19:39:21.867Z] error: <httpProxy> [
  500,
  AggregateError: 
      at ignore-listed frames {
    code: 'ECONNREFUSED',
    [errors]: [ [Error], [Error] ]
  }
]
[2026-08-21T19:39:21.868Z] error: <httpProxy> Error calling http://localhost:8090/...
[2026-08-21T19:39:21.868Z] error: <httpProxy> [
  500,
  AggregateError: 
      at ignore-listed frames {
    code: 'ECONNREFUSED',
    [errors]: [ [Error], [Error] ]
  }
]
[2026-08-21T19:39:21.868Z] error: <httpProxy> Error calling http://localhost:8081/...
[2026-08-21T19:39:21.869Z] error: <httpProxy> [
  500,
  AggregateError: 
      at ignore-listed frames {
    code: 'ECONNREFUSED',
    [errors]: [ [Error], [Error] ]
  }
]
[2026-08-21T19:39:33.479Z] error: <httpProxy> Error calling http://localhost:8010/...
[2026-08-21T19:39:33.481Z] error: <httpProxy> [
  500,
  AggregateError: 
      at ignore-listed frames {
    code: 'ECONNREFUSED',
    [errors]: [ [Error], [Error] ]
  }
]
[2026-08-21T19:39:33.482Z] error: <httpProxy> Error calling http://localhost:9000/...
[2026-08-21T19:39:33.482Z] error: <httpProxy> [
  500,
  AggregateError: 
      at ignore-listed frames {
    code: 'ECONNREFUSED',
    [errors]: [ [Error], [Error] ]
  }
]
[2026-08-21T19:39:33.483Z] error: <httpProxy> Error calling http://localhost:2283/...
[2026-08-21T19:39:33.483Z] error: <httpProxy> [
  500,
  AggregateError: 
      at ignore-listed frames {
    code: 'ECONNREFUSED',
    [errors]: [ [Error], [Error] ]
  }
]
[2026-08-21T19:39:33.484Z] error: <httpProxy> Error calling http://localhost:5006/...
[2026-08-21T19:39:33.485Z] error: <httpProxy> [
  500,
  AggregateError: 
      at ignore-listed frames {
    code: 'ECONNREFUSED',
    [errors]: [ [Error], [Error] ]
  }
]
[2026-08-21T19:39:33.487Z] error: <httpProxy> Error calling http://localhost:8020/...
[2026-08-21T19:39:33.487Z] error: <httpProxy> [
  500,
  AggregateError: 
      at ignore-listed frames {
    code: 'ECONNREFUSED',
    [errors]: [ [Error], [Error] ]
  }
]
[2026-08-21T19:39:33.487Z] error: <httpProxy> Error calling http://localhost:8010/...
[2026-08-21T19:39:33.488Z] error: <httpProxy> [
  500,
  AggregateError: 
      at ignore-listed frames {
    code: 'ECONNREFUSED',
    [errors]: [ [Error], [Error] ]
  }
]
[2026-08-21T19:39:33.491Z] error: <httpProxy> Error calling http://localhost:9000/...
[2026-08-21T19:39:33.491Z] error: <httpProxy> [
  500,
  AggregateError: 
      at ignore-listed frames {
    code: 'ECONNREFUSED',
    [errors]: [ [Error], [Error] ]
  }
]
[2026-08-21T19:39:33.492Z] error: <httpProxy> Error calling http://localhost:2283/...
[2026-08-21T19:39:33.492Z] error: <httpProxy> [
  500,
  AggregateError: 
      at ignore-listed frames {
    code: 'ECONNREFUSED',
    [errors]: [ [Error], [Error] ]
  }
]
[2026-08-21T19:39:33.497Z] error: <httpProxy> Error calling http://localhost:5006/...
[2026-08-21T19:39:33.497Z] error: <httpProxy> [
  500,
  AggregateError: 
      at ignore-listed frames {
    code: 'ECONNREFUSED',
    [errors]: [ [Error], [Error] ]
  }
]
[2026-08-21T19:39:33.501Z] error: <httpProxy> Error calling http://localhost:8015/...
[2026-08-21T19:39:33.501Z] error: <httpProxy> [
  500,
  AggregateError: 
      at ignore-listed frames {
    code: 'ECONNREFUSED',
    [errors]: [ [Error], [Error] ]
  }
]
[2026-08-21T19:39:33.502Z] error: <httpProxy> Error calling http://localhost:8020/...
[2026-08-21T19:39:33.502Z] error: <httpProxy> [
  500,
  AggregateError: 
      at ignore-listed frames {
    code: 'ECONNREFUSED',
    [errors]: [ [Error], [Error] ]
  }
]
[2026-08-21T19:39:33.510Z] error: <httpProxy> Error calling http://localhost:8015/...
[2026-08-21T19:39:33.511Z] error: <httpProxy> [
  500,
  AggregateError: 
      at ignore-listed frames {
    code: 'ECONNREFUSED',
    [errors]: [ [Error], [Error] ]
  }
]
[2026-08-21T19:39:33.515Z] error: <httpProxy> Error calling http://localhost:3929/...
[2026-08-21T19:39:33.515Z] error: <httpProxy> [
  500,
  AggregateError: 
      at ignore-listed frames {
    code: 'ECONNREFUSED',
    [errors]: [ [Error], [Error] ]
  }
]
[2026-08-21T19:39:33.518Z] error: <httpProxy> Error calling http://localhost:3001/...
[2026-08-21T19:39:33.518Z] error: <httpProxy> [
  500,
  AggregateError: 
      at ignore-listed frames {
    code: 'ECONNREFUSED',
    [errors]: [ [Error], [Error] ]
  }
]
[2026-08-21T19:39:33.519Z] error: <httpProxy> Error calling http://localhost:8082/...
[2026-08-21T19:39:33.519Z] error: <httpProxy> [
  500,
  AggregateError: 
      at ignore-listed frames {
    code: 'ECONNREFUSED',
    [errors]: [ [Error], [Error] ]
  }
]
[2026-08-21T19:39:33.520Z] error: <httpProxy> Error calling http://localhost:8787/...
[2026-08-21T19:39:33.521Z] error: <httpProxy> [
  500,
  AggregateError: 
      at ignore-listed frames {
    code: 'ECONNREFUSED',
    [errors]: [ [Error], [Error] ]
  }
]
[2026-08-21T19:39:33.522Z] error: <httpProxy> Error calling http://localhost:8090/...
[2026-08-21T19:39:33.522Z] error: <httpProxy> [
  500,
  AggregateError: 
      at ignore-listed frames {
    code: 'ECONNREFUSED',
    [errors]: [ [Error], [Error] ]
  }
]
[2026-08-21T19:39:33.523Z] error: <httpProxy> Error calling http://localhost:3929/...
[2026-08-21T19:39:33.523Z] error: <httpProxy> [
  500,
  AggregateError: 
      at ignore-listed frames {
    code: 'ECONNREFUSED',
    [errors]: [ [Error], [Error] ]
  }
]
[2026-08-21T19:39:33.525Z] error: <httpProxy> Error calling http://localhost:3001/...
[2026-08-21T19:39:33.525Z] error: <httpProxy> [
  500,
  AggregateError: 
      at ignore-listed frames {
    code: 'ECONNREFUSED',
    [errors]: [ [Error], [Error] ]
  }
]
[2026-08-21T19:39:33.525Z] error: <httpProxy> Error calling http://localhost:8082/...
[2026-08-21T19:39:33.526Z] error: <httpProxy> [
  500,
  AggregateError: 
      at ignore-listed frames {
    code: 'ECONNREFUSED',
    [errors]: [ [Error], [Error] ]
  }
]
[2026-08-21T19:39:33.530Z] error: <httpProxy> Error calling http://localhost:8787/...
[2026-08-21T19:39:33.530Z] error: <httpProxy> [
  500,
  AggregateError: 
      at ignore-listed frames {
    code: 'ECONNREFUSED',
    [errors]: [ [Error], [Error] ]
  }
]
[2026-08-21T19:39:33.531Z] error: <httpProxy> Error calling http://localhost:8090/...
[2026-08-21T19:39:33.532Z] error: <httpProxy> [
  500,
  AggregateError: 
      at ignore-listed frames {
    code: 'ECONNREFUSED',
    [errors]: [ [Error], [Error] ]
  }
]
[2026-08-21T19:39:33.532Z] error: <httpProxy> Error calling http://localhost:8081/...
[2026-08-21T19:39:33.533Z] error: <httpProxy> [
  500,
  AggregateError: 
      at ignore-listed frames {
    code: 'ECONNREFUSED',
    [errors]: [ [Error], [Error] ]
  }
]
[2026-08-21T19:39:33.533Z] error: <httpProxy> Error calling http://localhost:8081/...
[2026-08-21T19:39:33.534Z] error: <httpProxy> [
  500,
  AggregateError: 
      at ignore-listed frames {
    code: 'ECONNREFUSED',
    [errors]: [ [Error], [Error] ]
  }
]
[2026-08-21T19:39:46.432Z] error: <httpProxy> Error calling http://localhost:8010/...
[2026-08-21T19:39:46.433Z] error: <httpProxy> [
  500,
  AggregateError: 
      at ignore-listed frames {
    code: 'ECONNREFUSED',
    [errors]: [ [Error], [Error] ]
  }
]
[2026-08-21T19:39:46.441Z] error: <httpProxy> Error calling http://localhost:8010/...
[2026-08-21T19:39:46.442Z] error: <httpProxy> [
  500,
  AggregateError: 
      at ignore-listed frames {
    code: 'ECONNREFUSED',
    [errors]: [ [Error], [Error] ]
  }
]
[2026-08-21T19:39:46.443Z] error: <httpProxy> Error calling http://localhost:2283/...
[2026-08-21T19:39:46.443Z] error: <httpProxy> [
  500,
  AggregateError: 
      at ignore-listed frames {
    code: 'ECONNREFUSED',
    [errors]: [ [Error], [Error] ]
  }
]
[2026-08-21T19:39:46.446Z] error: <httpProxy> Error calling http://localhost:9000/...
[2026-08-21T19:39:46.446Z] error: <httpProxy> [
  500,
  AggregateError: 
      at ignore-listed frames {
    code: 'ECONNREFUSED',
    [errors]: [ [Error], [Error] ]
  }
]
[2026-08-21T19:39:46.448Z] error: <httpProxy> Error calling http://localhost:5006/...
[2026-08-21T19:39:46.449Z] error: <httpProxy> [
  500,
  AggregateError: 
      at ignore-listed frames {
    code: 'ECONNREFUSED',
    [errors]: [ [Error], [Error] ]
  }
]
[2026-08-21T19:39:46.449Z] error: <httpProxy> Error calling http://localhost:8020/...
[2026-08-21T19:39:46.450Z] error: <httpProxy> [
  500,
  AggregateError: 
      at ignore-listed frames {
    code: 'ECONNREFUSED',
    [errors]: [ [Error], [Error] ]
  }
]
[2026-08-21T19:39:46.450Z] error: <httpProxy> Error calling http://localhost:2283/...
[2026-08-21T19:39:46.451Z] error: <httpProxy> [
  500,
  AggregateError: 
      at ignore-listed frames {
    code: 'ECONNREFUSED',
    [errors]: [ [Error], [Error] ]
  }
]
[2026-08-21T19:39:46.453Z] error: <httpProxy> Error calling http://localhost:9000/...
[2026-08-21T19:39:46.454Z] error: <httpProxy> [
  500,
  AggregateError: 
      at ignore-listed frames {
    code: 'ECONNREFUSED',
    [errors]: [ [Error], [Error] ]
  }
]
[2026-08-21T19:39:46.457Z] error: <httpProxy> Error calling http://localhost:8015/...
[2026-08-21T19:39:46.457Z] error: <httpProxy> [
  500,
  AggregateError: 
      at ignore-listed frames {
    code: 'ECONNREFUSED',
    [errors]: [ [Error], [Error] ]
  }
]
[2026-08-21T19:39:46.458Z] error: <httpProxy> Error calling http://localhost:5006/...
[2026-08-21T19:39:46.458Z] error: <httpProxy> [
  500,
  AggregateError: 
      at ignore-listed frames {
    code: 'ECONNREFUSED',
    [errors]: [ [Error], [Error] ]
  }
]
[2026-08-21T19:39:46.461Z] error: <httpProxy> Error calling http://localhost:8020/...
[2026-08-21T19:39:46.461Z] error: <httpProxy> [
  500,
  AggregateError: 
      at ignore-listed frames {
    code: 'ECONNREFUSED',
    [errors]: [ [Error], [Error] ]
  }
]
[2026-08-21T19:39:46.464Z] error: <httpProxy> Error calling http://localhost:3929/...
[2026-08-21T19:39:46.464Z] error: <httpProxy> [
  500,
  AggregateError: 
      at ignore-listed frames {
    code: 'ECONNREFUSED',
    [errors]: [ [Error], [Error] ]
  }
]
[2026-08-21T19:39:46.465Z] error: <httpProxy> Error calling http://localhost:8015/...
[2026-08-21T19:39:46.465Z] error: <httpProxy> [
  500,
  AggregateError: 
      at ignore-listed frames {
    code: 'ECONNREFUSED',
    [errors]: [ [Error], [Error] ]
  }
]
[2026-08-21T19:39:46.469Z] error: <httpProxy> Error calling http://localhost:3001/...
[2026-08-21T19:39:46.469Z] error: <httpProxy> [
  500,
  AggregateError: 
      at ignore-listed frames {
    code: 'ECONNREFUSED',
    [errors]: [ [Error], [Error] ]
  }
]
[2026-08-21T19:39:46.469Z] error: <httpProxy> Error calling http://localhost:3929/...
[2026-08-21T19:39:46.470Z] error: <httpProxy> [
  500,
  AggregateError: 
      at ignore-listed frames {
    code: 'ECONNREFUSED',
    [errors]: [ [Error], [Error] ]
  }
]
[2026-08-21T19:39:46.470Z] error: <httpProxy> Error calling http://localhost:8082/...
[2026-08-21T19:39:46.471Z] error: <httpProxy> [
  500,
  AggregateError: 
      at ignore-listed frames {
    code: 'ECONNREFUSED',
    [errors]: [ [Error], [Error] ]
  }
]
[2026-08-21T19:39:46.471Z] error: <httpProxy> Error calling http://localhost:8787/...
[2026-08-21T19:39:46.472Z] error: <httpProxy> [
  500,
  AggregateError: 
      at ignore-listed frames {
    code: 'ECONNREFUSED',
    [errors]: [ [Error], [Error] ]
  }
]
[2026-08-21T19:39:46.472Z] error: <httpProxy> Error calling http://localhost:8090/...
[2026-08-21T19:39:46.473Z] error: <httpProxy> [
  500,
  AggregateError: 
      at ignore-listed frames {
    code: 'ECONNREFUSED',
    [errors]: [ [Error], [Error] ]
  }
]
[2026-08-21T19:39:46.473Z] error: <httpProxy> Error calling http://localhost:3001/...
[2026-08-21T19:39:46.473Z] error: <httpProxy> [
  500,
  AggregateError: 
      at ignore-listed frames {
    code: 'ECONNREFUSED',
    [errors]: [ [Error], [Error] ]
  }
]
[2026-08-21T19:39:46.474Z] error: <httpProxy> Error calling http://localhost:8082/...
[2026-08-21T19:39:46.474Z] error: <httpProxy> [
  500,
  AggregateError: 
      at ignore-listed frames {
    code: 'ECONNREFUSED',
    [errors]: [ [Error], [Error] ]
  }
]
[2026-08-21T19:39:46.474Z] error: <httpProxy> Error calling http://localhost:8081/...
[2026-08-21T19:39:46.475Z] error: <httpProxy> [
  500,
  AggregateError: 
      at ignore-listed frames {
    code: 'ECONNREFUSED',
    [errors]: [ [Error], [Error] ]
  }
]
[2026-08-21T19:39:46.475Z] error: <httpProxy> Error calling http://localhost:8787/...
[2026-08-21T19:39:46.476Z] error: <httpProxy> [
  500,
  AggregateError: 
      at ignore-listed frames {
    code: 'ECONNREFUSED',
    [errors]: [ [Error], [Error] ]
  }
]
[2026-08-21T19:39:46.477Z] error: <httpProxy> Error calling http://localhost:8090/...
[2026-08-21T19:39:46.477Z] error: <httpProxy> [
  500,
  AggregateError: 
      at ignore-listed frames {
    code: 'ECONNREFUSED',
    [errors]: [ [Error], [Error] ]
  }
]
[2026-08-21T19:39:46.477Z] error: <httpProxy> Error calling http://localhost:8081/...
[2026-08-21T19:39:46.478Z] error: <httpProxy> [
  500,
  AggregateError: 
      at ignore-listed frames {
    code: 'ECONNREFUSED',
    [errors]: [ [Error], [Error] ]
  }
]
[2026-08-21T19:39:57.336Z] error: <httpProxy> Error calling http://localhost:8010/...
[2026-08-21T19:39:57.336Z] error: <httpProxy> [
  500,
  AggregateError: 
      at ignore-listed frames {
    code: 'ECONNREFUSED',
    [errors]: [ [Error], [Error] ]
  }
]
[2026-08-21T19:39:57.340Z] error: <httpProxy> Error calling http://localhost:8010/...
[2026-08-21T19:39:57.340Z] error: <httpProxy> [
  500,
  AggregateError: 
      at ignore-listed frames {
    code: 'ECONNREFUSED',
    [errors]: [ [Error], [Error] ]
  }
]
[2026-08-21T19:39:57.342Z] error: <httpProxy> Error calling http://localhost:2283/...
[2026-08-21T19:39:57.343Z] error: <httpProxy> [
  500,
  AggregateError: 
      at ignore-listed frames {
    code: 'ECONNREFUSED',
    [errors]: [ [Error], [Error] ]
  }
]
[2026-08-21T19:39:57.344Z] error: <httpProxy> Error calling http://localhost:9000/...
[2026-08-21T19:39:57.344Z] error: <httpProxy> [
  500,
  AggregateError: 
      at ignore-listed frames {
    code: 'ECONNREFUSED',
    [errors]: [ [Error], [Error] ]
  }
]
[2026-08-21T19:39:57.345Z] error: <httpProxy> Error calling http://localhost:5006/...
[2026-08-21T19:39:57.345Z] error: <httpProxy> [
  500,
  AggregateError: 
      at ignore-listed frames {
    code: 'ECONNREFUSED',
    [errors]: [ [Error], [Error] ]
  }
]
[2026-08-21T19:39:57.346Z] error: <httpProxy> Error calling http://localhost:8020/...
[2026-08-21T19:39:57.346Z] error: <httpProxy> [
  500,
  AggregateError: 
      at ignore-listed frames {
    code: 'ECONNREFUSED',
    [errors]: [ [Error], [Error] ]
  }
]
[2026-08-21T19:39:57.347Z] error: <httpProxy> Error calling http://localhost:2283/...
[2026-08-21T19:39:57.347Z] error: <httpProxy> [
  500,
  AggregateError: 
      at ignore-listed frames {
    code: 'ECONNREFUSED',
    [errors]: [ [Error], [Error] ]
  }
]
[2026-08-21T19:39:57.347Z] error: <httpProxy> Error calling http://localhost:9000/...
[2026-08-21T19:39:57.348Z] error: <httpProxy> [
  500,
  AggregateError: 
      at ignore-listed frames {
    code: 'ECONNREFUSED',
    [errors]: [ [Error], [Error] ]
  }
]
[2026-08-21T19:39:57.351Z] error: <httpProxy> Error calling http://localhost:8015/...
[2026-08-21T19:39:57.352Z] error: <httpProxy> [
  500,
  AggregateError: 
      at ignore-listed frames {
    code: 'ECONNREFUSED',
    [errors]: [ [Error], [Error] ]
  }
]
[2026-08-21T19:39:57.352Z] error: <httpProxy> Error calling http://localhost:5006/...
[2026-08-21T19:39:57.353Z] error: <httpProxy> [
  500,
  AggregateError: 
      at ignore-listed frames {
    code: 'ECONNREFUSED',
    [errors]: [ [Error], [Error] ]
  }
]
[2026-08-21T19:39:57.354Z] error: <httpProxy> Error calling http://localhost:8020/...
[2026-08-21T19:39:57.355Z] error: <httpProxy> [
  500,
  AggregateError: 
      at ignore-listed frames {
    code: 'ECONNREFUSED',
    [errors]: [ [Error], [Error] ]
  }
]
[2026-08-21T19:39:57.356Z] error: <httpProxy> Error calling http://localhost:3929/...
[2026-08-21T19:39:57.357Z] error: <httpProxy> [
  500,
  AggregateError: 
      at ignore-listed frames {
    code: 'ECONNREFUSED',
    [errors]: [ [Error], [Error] ]
  }
]
[2026-08-21T19:39:57.357Z] error: <httpProxy> Error calling http://localhost:8015/...
[2026-08-21T19:39:57.357Z] error: <httpProxy> [
  500,
  AggregateError: 
      at ignore-listed frames {
    code: 'ECONNREFUSED',
    [errors]: [ [Error], [Error] ]
  }
]
[2026-08-21T19:39:57.361Z] error: <httpProxy> Error calling http://localhost:3929/...
[2026-08-21T19:39:57.361Z] error: <httpProxy> [
  500,
  AggregateError: 
      at ignore-listed frames {
    code: 'ECONNREFUSED',
    [errors]: [ [Error], [Error] ]
  }
]
[2026-08-21T19:39:57.362Z] error: <httpProxy> Error calling http://localhost:3001/...
[2026-08-21T19:39:57.362Z] error: <httpProxy> [
  500,
  AggregateError: 
      at ignore-listed frames {
    code: 'ECONNREFUSED',
    [errors]: [ [Error], [Error] ]
  }
]
[2026-08-21T19:39:57.362Z] error: <httpProxy> Error calling http://localhost:8082/...
[2026-08-21T19:39:57.363Z] error: <httpProxy> [
  500,
  AggregateError: 
      at ignore-listed frames {
    code: 'ECONNREFUSED',
    [errors]: [ [Error], [Error] ]
  }
]
[2026-08-21T19:39:57.363Z] error: <httpProxy> Error calling http://localhost:8787/...
[2026-08-21T19:39:57.364Z] error: <httpProxy> [
  500,
  AggregateError: 
      at ignore-listed frames {
    code: 'ECONNREFUSED',
    [errors]: [ [Error], [Error] ]
  }
]
[2026-08-21T19:39:57.364Z] error: <httpProxy> Error calling http://localhost:8090/...
[2026-08-21T19:39:57.365Z] error: <httpProxy> [
  500,
  AggregateError: 
      at ignore-listed frames {
    code: 'ECONNREFUSED',
    [errors]: [ [Error], [Error] ]
  }
]
[2026-08-21T19:39:57.366Z] error: <httpProxy> Error calling http://localhost:3001/...
[2026-08-21T19:39:57.366Z] error: <httpProxy> [
  500,
  AggregateError: 
      at ignore-listed frames {
    code: 'ECONNREFUSED',
    [errors]: [ [Error], [Error] ]
  }
]
[2026-08-21T19:39:57.366Z] error: <httpProxy> Error calling http://localhost:8082/...
[2026-08-21T19:39:57.367Z] error: <httpProxy> [
  500,
  AggregateError: 
      at ignore-listed frames {
    code: 'ECONNREFUSED',
    [errors]: [ [Error], [Error] ]
  }
]
[2026-08-21T19:39:57.367Z] error: <httpProxy> Error calling http://localhost:8081/...
[2026-08-21T19:39:57.368Z] error: <httpProxy> [
  500,
  AggregateError: 
      at ignore-listed frames {
    code: 'ECONNREFUSED',
    [errors]: [ [Error], [Error] ]
  }
]
[2026-08-21T19:39:57.368Z] error: <httpProxy> Error calling http://localhost:8787/...
[2026-08-21T19:39:57.368Z] error: <httpProxy> [
  500,
  AggregateError: 
      at ignore-listed frames {
    code: 'ECONNREFUSED',
    [errors]: [ [Error], [Error] ]
  }
]
[2026-08-21T19:39:57.369Z] error: <httpProxy> Error calling http://localhost:8090/...
[2026-08-21T19:39:57.369Z] error: <httpProxy> [
  500,
  AggregateError: 
      at ignore-listed frames {
    code: 'ECONNREFUSED',
    [errors]: [ [Error], [Error] ]
  }
]
[2026-08-21T19:39:57.369Z] error: <httpProxy> Error calling http://localhost:8081/...
[2026-08-21T19:39:57.370Z] error: <httpProxy> [
  500,
  AggregateError: 
      at ignore-listed frames {
    code: 'ECONNREFUSED',
    [errors]: [ [Error], [Error] ]
  }
]
[2026-08-21T19:40:02.850Z] error: <httpProxy> Error calling http://localhost:8010/...
[2026-08-21T19:40:02.851Z] error: <httpProxy> [
  500,
  AggregateError: 
      at ignore-listed frames {
    code: 'ECONNREFUSED',
    [errors]: [ [Error], [Error] ]
  }
]
[2026-08-21T19:40:02.856Z] error: <httpProxy> Error calling http://localhost:8010/...
[2026-08-21T19:40:02.857Z] error: <httpProxy> [
  500,
  AggregateError: 
      at ignore-listed frames {
    code: 'ECONNREFUSED',
    [errors]: [ [Error], [Error] ]
  }
]
[2026-08-21T19:40:02.861Z] error: <httpProxy> Error calling http://localhost:2283/...
[2026-08-21T19:40:02.862Z] error: <httpProxy> [
  500,
  AggregateError: 
      at ignore-listed frames {
    code: 'ECONNREFUSED',
    [errors]: [ [Error], [Error] ]
  }
]
[2026-08-21T19:40:02.862Z] error: <httpProxy> Error calling http://localhost:9000/...
[2026-08-21T19:40:02.863Z] error: <httpProxy> [
  500,
  AggregateError: 
      at ignore-listed frames {
    code: 'ECONNREFUSED',
    [errors]: [ [Error], [Error] ]
  }
]
[2026-08-21T19:40:02.863Z] error: <httpProxy> Error calling http://localhost:5006/...
[2026-08-21T19:40:02.864Z] error: <httpProxy> [
  500,
  AggregateError: 
      at ignore-listed frames {
    code: 'ECONNREFUSED',
    [errors]: [ [Error], [Error] ]
  }
]
[2026-08-21T19:40:02.865Z] error: <httpProxy> Error calling http://localhost:8020/...
[2026-08-21T19:40:02.865Z] error: <httpProxy> [
  500,
  AggregateError: 
      at ignore-listed frames {
    code: 'ECONNREFUSED',
    [errors]: [ [Error], [Error] ]
  }
]
[2026-08-21T19:40:02.866Z] error: <httpProxy> Error calling http://localhost:2283/...
[2026-08-21T19:40:02.866Z] error: <httpProxy> [
  500,
  AggregateError: 
      at ignore-listed frames {
    code: 'ECONNREFUSED',
    [errors]: [ [Error], [Error] ]
  }
]
[2026-08-21T19:40:02.867Z] error: <httpProxy> Error calling http://localhost:9000/...
[2026-08-21T19:40:02.867Z] error: <httpProxy> [
  500,
  AggregateError: 
      at ignore-listed frames {
    code: 'ECONNREFUSED',
    [errors]: [ [Error], [Error] ]
  }
]
[2026-08-21T19:40:02.867Z] error: <httpProxy> Error calling http://localhost:5006/...
[2026-08-21T19:40:02.868Z] error: <httpProxy> [
  500,
  AggregateError: 
      at ignore-listed frames {
    code: 'ECONNREFUSED',
    [errors]: [ [Error], [Error] ]
  }
]
[2026-08-21T19:40:02.873Z] error: <httpProxy> Error calling http://localhost:8015/...
[2026-08-21T19:40:02.873Z] error: <httpProxy> [
  500,
  AggregateError: 
      at ignore-listed frames {
    code: 'ECONNREFUSED',
    [errors]: [ [Error], [Error] ]
  }
]
[2026-08-21T19:40:02.873Z] error: <httpProxy> Error calling http://localhost:3929/...
[2026-08-21T19:40:02.874Z] error: <httpProxy> [
  500,
  AggregateError: 
      at ignore-listed frames {
    code: 'ECONNREFUSED',
    [errors]: [ [Error], [Error] ]
  }
]
[2026-08-21T19:40:02.874Z] error: <httpProxy> Error calling http://localhost:8020/...
[2026-08-21T19:40:02.874Z] error: <httpProxy> [
  500,
  AggregateError: 
      at ignore-listed frames {
    code: 'ECONNREFUSED',
    [errors]: [ [Error], [Error] ]
  }
]
[2026-08-21T19:40:02.878Z] error: <httpProxy> Error calling http://localhost:8015/...
[2026-08-21T19:40:02.878Z] error: <httpProxy> [
  500,
  AggregateError: 
      at ignore-listed frames {
    code: 'ECONNREFUSED',
    [errors]: [ [Error], [Error] ]
  }
]
[2026-08-21T19:40:02.879Z] error: <httpProxy> Error calling http://localhost:3929/...
[2026-08-21T19:40:02.879Z] error: <httpProxy> [
  500,
  AggregateError: 
      at ignore-listed frames {
    code: 'ECONNREFUSED',
    [errors]: [ [Error], [Error] ]
  }
]
[2026-08-21T19:40:02.881Z] error: <httpProxy> Error calling http://localhost:3001/...
[2026-08-21T19:40:02.882Z] error: <httpProxy> [
  500,
  AggregateError: 
      at ignore-listed frames {
    code: 'ECONNREFUSED',
    [errors]: [ [Error], [Error] ]
  }
]
[2026-08-21T19:40:02.882Z] error: <httpProxy> Error calling http://localhost:8082/...
[2026-08-21T19:40:02.882Z] error: <httpProxy> [
  500,
  AggregateError: 
      at ignore-listed frames {
    code: 'ECONNREFUSED',
    [errors]: [ [Error], [Error] ]
  }
]
[2026-08-21T19:40:02.883Z] error: <httpProxy> Error calling http://localhost:8787/...
[2026-08-21T19:40:02.883Z] error: <httpProxy> [
  500,
  AggregateError: 
      at ignore-listed frames {
    code: 'ECONNREFUSED',
    [errors]: [ [Error], [Error] ]
  }
]
[2026-08-21T19:40:02.884Z] error: <httpProxy> Error calling http://localhost:8090/...
[2026-08-21T19:40:02.885Z] error: <httpProxy> [
  500,
  AggregateError: 
      at ignore-listed frames {
    code: 'ECONNREFUSED',
    [errors]: [ [Error], [Error] ]
  }
]
[2026-08-21T19:40:02.885Z] error: <httpProxy> Error calling http://localhost:3001/...
[2026-08-21T19:40:02.885Z] error: <httpProxy> [
  500,
  AggregateError: 
      at ignore-listed frames {
    code: 'ECONNREFUSED',
    [errors]: [ [Error], [Error] ]
  }
]
[2026-08-21T19:40:02.886Z] error: <httpProxy> Error calling http://localhost:8082/...
[2026-08-21T19:40:02.886Z] error: <httpProxy> [
  500,
  AggregateError: 
      at ignore-listed frames {
    code: 'ECONNREFUSED',
    [errors]: [ [Error], [Error] ]
  }
]
[2026-08-21T19:40:02.886Z] error: <httpProxy> Error calling http://localhost:8787/...
[2026-08-21T19:40:02.887Z] error: <httpProxy> [
  500,
  AggregateError: 
      at ignore-listed frames {
    code: 'ECONNREFUSED',
    [errors]: [ [Error], [Error] ]
  }
]
[2026-08-21T19:40:02.888Z] error: <httpProxy> Error calling http://localhost:8081/...
[2026-08-21T19:40:02.888Z] error: <httpProxy> [
  500,
  AggregateError: 
      at ignore-listed frames {
    code: 'ECONNREFUSED',
    [errors]: [ [Error], [Error] ]
  }
]
[2026-08-21T19:40:02.889Z] error: <httpProxy> Error calling http://localhost:8090/...
[2026-08-21T19:40:02.889Z] error: <httpProxy> [
  500,
  AggregateError: 
      at ignore-listed frames {
    code: 'ECONNREFUSED',
    [errors]: [ [Error], [Error] ]
  }
]
[2026-08-21T19:40:02.889Z] error: <httpProxy> Error calling http://localhost:8081/...
[2026-08-21T19:40:02.890Z] error: <httpProxy> [
  500,
  AggregateError: 
      at ignore-listed frames {
    code: 'ECONNREFUSED',
    [errors]: [ [Error], [Error] ]
  }
]
[2026-08-21T19:40:09.800Z] error: <httpProxy> Error calling http://localhost:8010/...
[2026-08-21T19:40:09.801Z] error: <httpProxy> [
  500,
  AggregateError: 
      at ignore-listed frames {
    code: 'ECONNREFUSED',
    [errors]: [ [Error], [Error] ]
  }
]
[2026-08-21T19:40:09.804Z] error: <httpProxy> Error calling http://localhost:2283/...
[2026-08-21T19:40:09.805Z] error: <httpProxy> [
  500,
  AggregateError: 
      at ignore-listed frames {
    code: 'ECONNREFUSED',
    [errors]: [ [Error], [Error] ]
  }
]
[2026-08-21T19:40:09.805Z] error: <httpProxy> Error calling http://localhost:8010/...
[2026-08-21T19:40:09.805Z] error: <httpProxy> [
  500,
  AggregateError: 
      at ignore-listed frames {
    code: 'ECONNREFUSED',
    [errors]: [ [Error], [Error] ]
  }
]
[2026-08-21T19:40:09.808Z] error: <httpProxy> Error calling http://localhost:9000/...
[2026-08-21T19:40:09.808Z] error: <httpProxy> [
  500,
  AggregateError: 
      at ignore-listed frames {
    code: 'ECONNREFUSED',
    [errors]: [ [Error], [Error] ]
  }
]
[2026-08-21T19:40:09.808Z] error: <httpProxy> Error calling http://localhost:5006/...
[2026-08-21T19:40:09.809Z] error: <httpProxy> [
  500,
  AggregateError: 
      at ignore-listed frames {
    code: 'ECONNREFUSED',
    [errors]: [ [Error], [Error] ]
  }
]
[2026-08-21T19:40:09.810Z] error: <httpProxy> Error calling http://localhost:2283/...
[2026-08-21T19:40:09.810Z] error: <httpProxy> [
  500,
  AggregateError: 
      at ignore-listed frames {
    code: 'ECONNREFUSED',
    [errors]: [ [Error], [Error] ]
  }
]
[2026-08-21T19:40:09.812Z] error: <httpProxy> Error calling http://localhost:8020/...
[2026-08-21T19:40:09.812Z] error: <httpProxy> [
  500,
  AggregateError: 
      at ignore-listed frames {
    code: 'ECONNREFUSED',
    [errors]: [ [Error], [Error] ]
  }
]
[2026-08-21T19:40:09.813Z] error: <httpProxy> Error calling http://localhost:9000/...
[2026-08-21T19:40:09.813Z] error: <httpProxy> [
  500,
  AggregateError: 
      at ignore-listed frames {
    code: 'ECONNREFUSED',
    [errors]: [ [Error], [Error] ]
  }
]
[2026-08-21T19:40:09.813Z] error: <httpProxy> Error calling http://localhost:5006/...
[2026-08-21T19:40:09.814Z] error: <httpProxy> [
  500,
  AggregateError: 
      at ignore-listed frames {
    code: 'ECONNREFUSED',
    [errors]: [ [Error], [Error] ]
  }
]
[2026-08-21T19:40:09.818Z] error: <httpProxy> Error calling http://localhost:8015/...
[2026-08-21T19:40:09.819Z] error: <httpProxy> [
  500,
  AggregateError: 
      at ignore-listed frames {
    code: 'ECONNREFUSED',
    [errors]: [ [Error], [Error] ]
  }
]
[2026-08-21T19:40:09.820Z] error: <httpProxy> Error calling http://localhost:8020/...
[2026-08-21T19:40:09.820Z] error: <httpProxy> [
  500,
  AggregateError: 
      at ignore-listed frames {
    code: 'ECONNREFUSED',
    [errors]: [ [Error], [Error] ]
  }
]
[2026-08-21T19:40:09.822Z] error: <httpProxy> Error calling http://localhost:3929/...
[2026-08-21T19:40:09.822Z] error: <httpProxy> [
  500,
  AggregateError: 
      at ignore-listed frames {
    code: 'ECONNREFUSED',
    [errors]: [ [Error], [Error] ]
  }
]
[2026-08-21T19:40:09.827Z] error: <httpProxy> Error calling http://localhost:8015/...
[2026-08-21T19:40:09.827Z] error: <httpProxy> [
  500,
  AggregateError: 
      at ignore-listed frames {
    code: 'ECONNREFUSED',
    [errors]: [ [Error], [Error] ]
  }
]
[2026-08-21T19:40:09.830Z] error: <httpProxy> Error calling http://localhost:3001/...
[2026-08-21T19:40:09.830Z] error: <httpProxy> [
  500,
  AggregateError: 
      at ignore-listed frames {
    code: 'ECONNREFUSED',
    [errors]: [ [Error], [Error] ]
  }
]
[2026-08-21T19:40:09.831Z] error: <httpProxy> Error calling http://localhost:3929/...
[2026-08-21T19:40:09.831Z] error: <httpProxy> [
  500,
  AggregateError: 
      at ignore-listed frames {
    code: 'ECONNREFUSED',
    [errors]: [ [Error], [Error] ]
  }
]
[2026-08-21T19:40:09.832Z] error: <httpProxy> Error calling http://localhost:8082/...
[2026-08-21T19:40:09.832Z] error: <httpProxy> [
  500,
  AggregateError: 
      at ignore-listed frames {
    code: 'ECONNREFUSED',
    [errors]: [ [Error], [Error] ]
  }
]
[2026-08-21T19:40:09.833Z] error: <httpProxy> Error calling http://localhost:8787/...
[2026-08-21T19:40:09.833Z] error: <httpProxy> [
  500,
  AggregateError: 
      at ignore-listed frames {
    code: 'ECONNREFUSED',
    [errors]: [ [Error], [Error] ]
  }
]
[2026-08-21T19:40:09.835Z] error: <httpProxy> Error calling http://localhost:3001/...
[2026-08-21T19:40:09.836Z] error: <httpProxy> [
  500,
  AggregateError: 
      at ignore-listed frames {
    code: 'ECONNREFUSED',
    [errors]: [ [Error], [Error] ]
  }
]
[2026-08-21T19:40:09.839Z] error: <httpProxy> Error calling http://localhost:8082/...
[2026-08-21T19:40:09.840Z] error: <httpProxy> [
  500,
  AggregateError: 
      at ignore-listed frames {
    code: 'ECONNREFUSED',
    [errors]: [ [Error], [Error] ]
  }
]
[2026-08-21T19:40:09.840Z] error: <httpProxy> Error calling http://localhost:8787/...
[2026-08-21T19:40:09.840Z] error: <httpProxy> [
  500,
  AggregateError: 
      at ignore-listed frames {
    code: 'ECONNREFUSED',
    [errors]: [ [Error], [Error] ]
  }
]
[2026-08-21T19:40:09.841Z] error: <httpProxy> Error calling http://localhost:8090/...
[2026-08-21T19:40:09.842Z] error: <httpProxy> [
  500,
  AggregateError: 
      at ignore-listed frames {
    code: 'ECONNREFUSED',
    [errors]: [ [Error], [Error] ]
  }
]
[2026-08-21T19:40:09.842Z] error: <httpProxy> Error calling http://localhost:8081/...
[2026-08-21T19:40:09.843Z] error: <httpProxy> [
  500,
  AggregateError: 
      at ignore-listed frames {
    code: 'ECONNREFUSED',
    [errors]: [ [Error], [Error] ]
  }
]
[2026-08-21T19:40:09.843Z] error: <httpProxy> Error calling http://localhost:8090/...
[2026-08-21T19:40:09.844Z] error: <httpProxy> [
  500,
  AggregateError: 
      at ignore-listed frames {
    code: 'ECONNREFUSED',
    [errors]: [ [Error], [Error] ]
  }
]
[2026-08-21T19:40:09.844Z] error: <httpProxy> Error calling http://localhost:8081/...
[2026-08-21T19:40:09.844Z] error: <httpProxy> [
  500,
  AggregateError: 
      at ignore-listed frames {
    code: 'ECONNREFUSED',
    [errors]: [ [Error], [Error] ]
  }
]
[2026-08-21T19:41:22.157Z] error: <httpProxy> Error calling http://localhost:9000/...
[2026-08-21T19:41:22.158Z] error: <httpProxy> [
  500,
  AggregateError: 
      at ignore-listed frames {
    code: 'ECONNREFUSED',
    [errors]: [ [Error], [Error] ]
  }
]
[2026-08-21T19:41:22.158Z] error: <httpProxy> Error calling http://localhost:2283/...
[2026-08-21T19:41:22.159Z] error: <httpProxy> [
  500,
  AggregateError: 
      at ignore-listed frames {
    code: 'ECONNREFUSED',
    [errors]: [ [Error], [Error] ]
  }
]
[2026-08-21T19:41:22.161Z] error: <httpProxy> Error calling http://localhost:5006/...
[2026-08-21T19:41:22.162Z] error: <httpProxy> [
  500,
  AggregateError: 
      at ignore-listed frames {
    code: 'ECONNREFUSED',
    [errors]: [ [Error], [Error] ]
  }
]
[2026-08-21T19:41:22.162Z] error: <httpProxy> Error calling http://localhost:8010/...
[2026-08-21T19:41:22.163Z] error: <httpProxy> [
  500,
  AggregateError: 
      at ignore-listed frames {
    code: 'ECONNREFUSED',
    [errors]: [ [Error], [Error] ]
  }
]
[2026-08-21T19:41:22.164Z] error: <httpProxy> Error calling http://localhost:9000/...
[2026-08-21T19:41:22.164Z] error: <httpProxy> [
  500,
  AggregateError: 
      at ignore-listed frames {
    code: 'ECONNREFUSED',
    [errors]: [ [Error], [Error] ]
  }
]
[2026-08-21T19:41:22.164Z] error: <httpProxy> Error calling http://localhost:2283/...
[2026-08-21T19:41:22.165Z] error: <httpProxy> [
  500,
  AggregateError: 
      at ignore-listed frames {
    code: 'ECONNREFUSED',
    [errors]: [ [Error], [Error] ]
  }
]
[2026-08-21T19:41:22.168Z] error: <httpProxy> Error calling http://localhost:8020/...
[2026-08-21T19:41:22.169Z] error: <httpProxy> [
  500,
  AggregateError: 
      at ignore-listed frames {
    code: 'ECONNREFUSED',
    [errors]: [ [Error], [Error] ]
  }
]
[2026-08-21T19:41:22.169Z] error: <httpProxy> Error calling http://localhost:5006/...
[2026-08-21T19:41:22.169Z] error: <httpProxy> [
  500,
  AggregateError: 
      at ignore-listed frames {
    code: 'ECONNREFUSED',
    [errors]: [ [Error], [Error] ]
  }
]
[2026-08-21T19:41:22.172Z] error: <httpProxy> Error calling http://localhost:8010/...
[2026-08-21T19:41:22.172Z] error: <httpProxy> [
  500,
  AggregateError: 
      at ignore-listed frames {
    code: 'ECONNREFUSED',
    [errors]: [ [Error], [Error] ]
  }
]
[2026-08-21T19:41:22.174Z] error: <httpProxy> Error calling http://localhost:8020/...
[2026-08-21T19:41:22.175Z] error: <httpProxy> [
  500,
  AggregateError: 
      at ignore-listed frames {
    code: 'ECONNREFUSED',
    [errors]: [ [Error], [Error] ]
  }
]
[2026-08-21T19:41:22.175Z] error: <httpProxy> Error calling http://localhost:8015/...
[2026-08-21T19:41:22.176Z] error: <httpProxy> [
  500,
  AggregateError: 
      at ignore-listed frames {
    code: 'ECONNREFUSED',
    [errors]: [ [Error], [Error] ]
  }
]
[2026-08-21T19:41:22.179Z] error: <httpProxy> Error calling http://localhost:3929/...
[2026-08-21T19:41:22.179Z] error: <httpProxy> [
  500,
  AggregateError: 
      at ignore-listed frames {
    code: 'ECONNREFUSED',
    [errors]: [ [Error], [Error] ]
  }
]
[2026-08-21T19:41:22.180Z] error: <httpProxy> Error calling http://localhost:3001/...
[2026-08-21T19:41:22.180Z] error: <httpProxy> [
  500,
  AggregateError: 
      at ignore-listed frames {
    code: 'ECONNREFUSED',
    [errors]: [ [Error], [Error] ]
  }
]
[2026-08-21T19:41:22.181Z] error: <httpProxy> Error calling http://localhost:8015/...
[2026-08-21T19:41:22.181Z] error: <httpProxy> [
  500,
  AggregateError: 
      at ignore-listed frames {
    code: 'ECONNREFUSED',
    [errors]: [ [Error], [Error] ]
  }
]
[2026-08-21T19:41:22.183Z] error: <httpProxy> Error calling http://localhost:8082/...
[2026-08-21T19:41:22.183Z] error: <httpProxy> [
  500,
  AggregateError: 
      at ignore-listed frames {
    code: 'ECONNREFUSED',
    [errors]: [ [Error], [Error] ]
  }
]
[2026-08-21T19:41:22.185Z] error: <httpProxy> Error calling http://localhost:8787/...
[2026-08-21T19:41:22.185Z] error: <httpProxy> [
  500,
  AggregateError: 
      at ignore-listed frames {
    code: 'ECONNREFUSED',
    [errors]: [ [Error], [Error] ]
  }
]
[2026-08-21T19:41:22.186Z] error: <httpProxy> Error calling http://localhost:3929/...
[2026-08-21T19:41:22.186Z] error: <httpProxy> [
  500,
  AggregateError: 
      at ignore-listed frames {
    code: 'ECONNREFUSED',
    [errors]: [ [Error], [Error] ]
  }
]
[2026-08-21T19:41:22.186Z] error: <httpProxy> Error calling http://localhost:3001/...
[2026-08-21T19:41:22.187Z] error: <httpProxy> [
  500,
  AggregateError: 
      at ignore-listed frames {
    code: 'ECONNREFUSED',
    [errors]: [ [Error], [Error] ]
  }
]
[2026-08-21T19:41:22.187Z] error: <httpProxy> Error calling http://localhost:8082/...
[2026-08-21T19:41:22.188Z] error: <httpProxy> [
  500,
  AggregateError: 
      at ignore-listed frames {
    code: 'ECONNREFUSED',
    [errors]: [ [Error], [Error] ]
  }
]
[2026-08-21T19:41:22.189Z] error: <httpProxy> Error calling http://localhost:8090/...
[2026-08-21T19:41:22.189Z] error: <httpProxy> [
  500,
  AggregateError: 
      at ignore-listed frames {
    code: 'ECONNREFUSED',
    [errors]: [ [Error], [Error] ]
  }
]
[2026-08-21T19:41:22.190Z] error: <httpProxy> Error calling http://localhost:8787/...
[2026-08-21T19:41:22.190Z] error: <httpProxy> [
  500,
  AggregateError: 
      at ignore-listed frames {
    code: 'ECONNREFUSED',
    [errors]: [ [Error], [Error] ]
  }
]
[2026-08-21T19:41:22.191Z] error: <httpProxy> Error calling http://localhost:8081/...
[2026-08-21T19:41:22.191Z] error: <httpProxy> [
  500,
  AggregateError: 
      at ignore-listed frames {
    code: 'ECONNREFUSED',
    [errors]: [ [Error], [Error] ]
  }
]
[2026-08-21T19:41:22.191Z] error: <httpProxy> Error calling http://localhost:8090/...
[2026-08-21T19:41:22.192Z] error: <httpProxy> [
  500,
  AggregateError: 
      at ignore-listed frames {
    code: 'ECONNREFUSED',
    [errors]: [ [Error], [Error] ]
  }
]
[2026-08-21T19:41:22.192Z] error: <httpProxy> Error calling http://localhost:8081/...
[2026-08-21T19:41:22.193Z] error: <httpProxy> [
  500,
  AggregateError: 
      at ignore-listed frames {
    code: 'ECONNREFUSED',
    [errors]: [ [Error], [Error] ]
  }
]
[2026-08-21T19:41:23.768Z] error: <httpProxy> Error calling http://localhost:2283/...
[2026-08-21T19:41:23.769Z] error: <httpProxy> [
  500,
  AggregateError: 
      at ignore-listed frames {
    code: 'ECONNREFUSED',
    [errors]: [ [Error], [Error] ]
  }
]
[2026-08-21T19:41:23.769Z] error: <httpProxy> Error calling http://localhost:8010/...
[2026-08-21T19:41:23.770Z] error: <httpProxy> [
  500,
  AggregateError: 
      at ignore-listed frames {
    code: 'ECONNREFUSED',
    [errors]: [ [Error], [Error] ]
  }
]
[2026-08-21T19:41:23.770Z] error: <httpProxy> Error calling http://localhost:9000/...
[2026-08-21T19:41:23.771Z] error: <httpProxy> [
  500,
  AggregateError: 
      at ignore-listed frames {
    code: 'ECONNREFUSED',
    [errors]: [ [Error], [Error] ]
  }
]
[2026-08-21T19:41:23.771Z] error: <httpProxy> Error calling http://localhost:5006/...
[2026-08-21T19:41:23.772Z] error: <httpProxy> [
  500,
  AggregateError: 
      at ignore-listed frames {
    code: 'ECONNREFUSED',
    [errors]: [ [Error], [Error] ]
  }
]
[2026-08-21T19:41:23.773Z] error: <httpProxy> Error calling http://localhost:8020/...
[2026-08-21T19:41:23.773Z] error: <httpProxy> [
  500,
  AggregateError: 
      at ignore-listed frames {
    code: 'ECONNREFUSED',
    [errors]: [ [Error], [Error] ]
  }
]
[2026-08-21T19:41:23.773Z] error: <httpProxy> Error calling http://localhost:8015/...
[2026-08-21T19:41:23.774Z] error: <httpProxy> [
  500,
  AggregateError: 
      at ignore-listed frames {
    code: 'ECONNREFUSED',
    [errors]: [ [Error], [Error] ]
  }
]
[2026-08-21T19:41:23.775Z] error: <httpProxy> Error calling http://localhost:2283/...
[2026-08-21T19:41:23.775Z] error: <httpProxy> [
  500,
  AggregateError: 
      at ignore-listed frames {
    code: 'ECONNREFUSED',
    [errors]: [ [Error], [Error] ]
  }
]
[2026-08-21T19:41:23.776Z] error: <httpProxy> Error calling http://localhost:9000/...
[2026-08-21T19:41:23.776Z] error: <httpProxy> [
  500,
  AggregateError: 
      at ignore-listed frames {
    code: 'ECONNREFUSED',
    [errors]: [ [Error], [Error] ]
  }
]
[2026-08-21T19:41:23.776Z] error: <httpProxy> Error calling http://localhost:8010/...
[2026-08-21T19:41:23.777Z] error: <httpProxy> [
  500,
  AggregateError: 
      at ignore-listed frames {
    code: 'ECONNREFUSED',
    [errors]: [ [Error], [Error] ]
  }
]
[2026-08-21T19:41:23.777Z] error: <httpProxy> Error calling http://localhost:5006/...
[2026-08-21T19:41:23.778Z] error: <httpProxy> [
  500,
  AggregateError: 
      at ignore-listed frames {
    code: 'ECONNREFUSED',
    [errors]: [ [Error], [Error] ]
  }
]
[2026-08-21T19:41:23.784Z] error: <httpProxy> Error calling http://localhost:8020/...
[2026-08-21T19:41:23.784Z] error: <httpProxy> [
  500,
  AggregateError: 
      at ignore-listed frames {
    code: 'ECONNREFUSED',
    [errors]: [ [Error], [Error] ]
  }
]
[2026-08-21T19:41:23.785Z] error: <httpProxy> Error calling http://localhost:8015/...
[2026-08-21T19:41:23.785Z] error: <httpProxy> [
  500,
  AggregateError: 
      at ignore-listed frames {
    code: 'ECONNREFUSED',
    [errors]: [ [Error], [Error] ]
  }
]
[2026-08-21T19:41:23.793Z] error: <httpProxy> Error calling http://localhost:3929/...
[2026-08-21T19:41:23.794Z] error: <httpProxy> [
  500,
  AggregateError: 
      at ignore-listed frames {
    code: 'ECONNREFUSED',
    [errors]: [ [Error], [Error] ]
  }
]
[2026-08-21T19:41:23.795Z] error: <httpProxy> Error calling http://localhost:3001/...
[2026-08-21T19:41:23.795Z] error: <httpProxy> [
  500,
  AggregateError: 
      at ignore-listed frames {
    code: 'ECONNREFUSED',
    [errors]: [ [Error], [Error] ]
  }
]
[2026-08-21T19:41:23.796Z] error: <httpProxy> Error calling http://localhost:8082/...
[2026-08-21T19:41:23.797Z] error: <httpProxy> [
  500,
  AggregateError: 
      at ignore-listed frames {
    code: 'ECONNREFUSED',
    [errors]: [ [Error], [Error] ]
  }
]
[2026-08-21T19:41:23.797Z] error: <httpProxy> Error calling http://localhost:8787/...
[2026-08-21T19:41:23.798Z] error: <httpProxy> [
  500,
  AggregateError: 
      at ignore-listed frames {
    code: 'ECONNREFUSED',
    [errors]: [ [Error], [Error] ]
  }
]
[2026-08-21T19:41:23.799Z] error: <httpProxy> Error calling http://localhost:8090/...
[2026-08-21T19:41:23.799Z] error: <httpProxy> [
  500,
  AggregateError: 
      at ignore-listed frames {
    code: 'ECONNREFUSED',
    [errors]: [ [Error], [Error] ]
  }
]
[2026-08-21T19:41:23.800Z] error: <httpProxy> Error calling http://localhost:8081/...
[2026-08-21T19:41:23.801Z] error: <httpProxy> [
  500,
  AggregateError: 
      at ignore-listed frames {
    code: 'ECONNREFUSED',
    [errors]: [ [Error], [Error] ]
  }
]
[2026-08-21T19:41:23.802Z] error: <httpProxy> Error calling http://localhost:3929/...
[2026-08-21T19:41:23.802Z] error: <httpProxy> [
  500,
  AggregateError: 
      at ignore-listed frames {
    code: 'ECONNREFUSED',
    [errors]: [ [Error], [Error] ]
  }
]
[2026-08-21T19:41:23.803Z] error: <httpProxy> Error calling http://localhost:3001/...
[2026-08-21T19:41:23.803Z] error: <httpProxy> [
  500,
  AggregateError: 
      at ignore-listed frames {
    code: 'ECONNREFUSED',
    [errors]: [ [Error], [Error] ]
  }
]
[2026-08-21T19:41:23.804Z] error: <httpProxy> Error calling http://localhost:8082/...
[2026-08-21T19:41:23.805Z] error: <httpProxy> [
  500,
  AggregateError: 
      at ignore-listed frames {
    code: 'ECONNREFUSED',
    [errors]: [ [Error], [Error] ]
  }
]
[2026-08-21T19:41:23.805Z] error: <httpProxy> Error calling http://localhost:8787/...
[2026-08-21T19:41:23.806Z] error: <httpProxy> [
  500,
  AggregateError: 
      at ignore-listed frames {
    code: 'ECONNREFUSED',
    [errors]: [ [Error], [Error] ]
  }
]
[2026-08-21T19:41:23.814Z] error: <httpProxy> Error calling http://localhost:8090/...
[2026-08-21T19:41:23.815Z] error: <httpProxy> [
  500,
  AggregateError: 
      at ignore-listed frames {
    code: 'ECONNREFUSED',
    [errors]: [ [Error], [Error] ]
  }
]
[2026-08-21T19:41:23.816Z] error: <httpProxy> Error calling http://localhost:8081/...
[2026-08-21T19:41:23.816Z] error: <httpProxy> [
  500,
  AggregateError: 
      at ignore-listed frames {
    code: 'ECONNREFUSED',
    [errors]: [ [Error], [Error] ]
  }
]
[2026-08-21T19:42:10.901Z] error: <httpProxy> Error calling http://localhost:8010/...
[2026-08-21T19:42:10.902Z] error: <httpProxy> [
  500,
  AggregateError: 
      at ignore-listed frames {
    code: 'ECONNREFUSED',
    [errors]: [ [Error], [Error] ]
  }
]
[2026-08-21T19:42:10.905Z] error: <httpProxy> Error calling http://localhost:9000/...
[2026-08-21T19:42:10.905Z] error: <httpProxy> [
  500,
  AggregateError: 
      at ignore-listed frames {
    code: 'ECONNREFUSED',
    [errors]: [ [Error], [Error] ]
  }
]
[2026-08-21T19:42:10.905Z] error: <httpProxy> Error calling http://localhost:8010/...
[2026-08-21T19:42:10.906Z] error: <httpProxy> [
  500,
  AggregateError: 
      at ignore-listed frames {
    code: 'ECONNREFUSED',
    [errors]: [ [Error], [Error] ]
  }
]
[2026-08-21T19:42:10.908Z] error: <httpProxy> Error calling http://localhost:2283/...
[2026-08-21T19:42:10.908Z] error: <httpProxy> [
  500,
  AggregateError: 
      at ignore-listed frames {
    code: 'ECONNREFUSED',
    [errors]: [ [Error], [Error] ]
  }
]
[2026-08-21T19:42:10.909Z] error: <httpProxy> Error calling http://localhost:5006/...
[2026-08-21T19:42:10.910Z] error: <httpProxy> [
  500,
  AggregateError: 
      at ignore-listed frames {
    code: 'ECONNREFUSED',
    [errors]: [ [Error], [Error] ]
  }
]
[2026-08-21T19:42:10.910Z] error: <httpProxy> Error calling http://localhost:9000/...
[2026-08-21T19:42:10.911Z] error: <httpProxy> [
  500,
  AggregateError: 
      at ignore-listed frames {
    code: 'ECONNREFUSED',
    [errors]: [ [Error], [Error] ]
  }
]
[2026-08-21T19:42:10.913Z] error: <httpProxy> Error calling http://localhost:8020/...
[2026-08-21T19:42:10.913Z] error: <httpProxy> [
  500,
  AggregateError: 
      at ignore-listed frames {
    code: 'ECONNREFUSED',
    [errors]: [ [Error], [Error] ]
  }
]
[2026-08-21T19:42:10.914Z] error: <httpProxy> Error calling http://localhost:2283/...
[2026-08-21T19:42:10.914Z] error: <httpProxy> [
  500,
  AggregateError: 
      at ignore-listed frames {
    code: 'ECONNREFUSED',
    [errors]: [ [Error], [Error] ]
  }
]
[2026-08-21T19:42:10.917Z] error: <httpProxy> Error calling http://localhost:5006/...
[2026-08-21T19:42:10.917Z] error: <httpProxy> [
  500,
  AggregateError: 
      at ignore-listed frames {
    code: 'ECONNREFUSED',
    [errors]: [ [Error], [Error] ]
  }
]
[2026-08-21T19:42:10.917Z] error: <httpProxy> Error calling http://localhost:8015/...
[2026-08-21T19:42:10.918Z] error: <httpProxy> [
  500,
  AggregateError: 
      at ignore-listed frames {
    code: 'ECONNREFUSED',
    [errors]: [ [Error], [Error] ]
  }
]
[2026-08-21T19:42:10.920Z] error: <httpProxy> Error calling http://localhost:8020/...
[2026-08-21T19:42:10.920Z] error: <httpProxy> [
  500,
  AggregateError: 
      at ignore-listed frames {
    code: 'ECONNREFUSED',
    [errors]: [ [Error], [Error] ]
  }
]
[2026-08-21T19:42:10.922Z] error: <httpProxy> Error calling http://localhost:3929/...
[2026-08-21T19:42:10.923Z] error: <httpProxy> [
  500,
  AggregateError: 
      at ignore-listed frames {
    code: 'ECONNREFUSED',
    [errors]: [ [Error], [Error] ]
  }
]
[2026-08-21T19:42:10.924Z] error: <httpProxy> Error calling http://localhost:8015/...
[2026-08-21T19:42:10.924Z] error: <httpProxy> [
  500,
  AggregateError: 
      at ignore-listed frames {
    code: 'ECONNREFUSED',
    [errors]: [ [Error], [Error] ]
  }
]
[2026-08-21T19:42:10.925Z] error: <httpProxy> Error calling http://localhost:3001/...
[2026-08-21T19:42:10.925Z] error: <httpProxy> [
  500,
  AggregateError: 
      at ignore-listed frames {
    code: 'ECONNREFUSED',
    [errors]: [ [Error], [Error] ]
  }
]
[2026-08-21T19:42:10.925Z] error: <httpProxy> Error calling http://localhost:3929/...
[2026-08-21T19:42:10.926Z] error: <httpProxy> [
  500,
  AggregateError: 
      at ignore-listed frames {
    code: 'ECONNREFUSED',
    [errors]: [ [Error], [Error] ]
  }
]
[2026-08-21T19:42:10.928Z] error: <httpProxy> Error calling http://localhost:8082/...
[2026-08-21T19:42:10.929Z] error: <httpProxy> [
  500,
  AggregateError: 
      at ignore-listed frames {
    code: 'ECONNREFUSED',
    [errors]: [ [Error], [Error] ]
  }
]
[2026-08-21T19:42:10.929Z] error: <httpProxy> Error calling http://localhost:8787/...
[2026-08-21T19:42:10.930Z] error: <httpProxy> [
  500,
  AggregateError: 
      at ignore-listed frames {
    code: 'ECONNREFUSED',
    [errors]: [ [Error], [Error] ]
  }
]
[2026-08-21T19:42:10.930Z] error: <httpProxy> Error calling http://localhost:3001/...
[2026-08-21T19:42:10.930Z] error: <httpProxy> [
  500,
  AggregateError: 
      at ignore-listed frames {
    code: 'ECONNREFUSED',
    [errors]: [ [Error], [Error] ]
  }
]
[2026-08-21T19:42:10.931Z] error: <httpProxy> Error calling http://localhost:8090/...
[2026-08-21T19:42:10.931Z] error: <httpProxy> [
  500,
  AggregateError: 
      at ignore-listed frames {
    code: 'ECONNREFUSED',
    [errors]: [ [Error], [Error] ]
  }
]
[2026-08-21T19:42:10.931Z] error: <httpProxy> Error calling http://localhost:8082/...
[2026-08-21T19:42:10.932Z] error: <httpProxy> [
  500,
  AggregateError: 
      at ignore-listed frames {
    code: 'ECONNREFUSED',
    [errors]: [ [Error], [Error] ]
  }
]
[2026-08-21T19:42:10.933Z] error: <httpProxy> Error calling http://localhost:8787/...
[2026-08-21T19:42:10.933Z] error: <httpProxy> [
  500,
  AggregateError: 
      at ignore-listed frames {
    code: 'ECONNREFUSED',
    [errors]: [ [Error], [Error] ]
  }
]
[2026-08-21T19:42:10.933Z] error: <httpProxy> Error calling http://localhost:8090/...
[2026-08-21T19:42:10.934Z] error: <httpProxy> [
  500,
  AggregateError: 
      at ignore-listed frames {
    code: 'ECONNREFUSED',
    [errors]: [ [Error], [Error] ]
  }
]
[2026-08-21T19:42:10.934Z] error: <httpProxy> Error calling http://localhost:8081/...
[2026-08-21T19:42:10.934Z] error: <httpProxy> [
  500,
  AggregateError: 
      at ignore-listed frames {
    code: 'ECONNREFUSED',
    [errors]: [ [Error], [Error] ]
  }
]
[2026-08-21T19:42:10.935Z] error: <httpProxy> Error calling http://localhost:8081/...
[2026-08-21T19:42:10.935Z] error: <httpProxy> [
  500,
  AggregateError: 
      at ignore-listed frames {
    code: 'ECONNREFUSED',
    [errors]: [ [Error], [Error] ]
  }
]
[2026-08-21T19:43:05.882Z] error: <httpProxy> Error calling http://localhost:8010/...
[2026-08-21T19:43:05.882Z] error: <httpProxy> [
  500,
  AggregateError: 
      at ignore-listed frames {
    code: 'ECONNREFUSED',
    [errors]: [ [Error], [Error] ]
  }
]
[2026-08-21T19:43:05.886Z] error: <httpProxy> Error calling http://localhost:2283/...
[2026-08-21T19:43:05.887Z] error: <httpProxy> [
  500,
  AggregateError: 
      at ignore-listed frames {
    code: 'ECONNREFUSED',
    [errors]: [ [Error], [Error] ]
  }
]
[2026-08-21T19:43:05.887Z] error: <httpProxy> Error calling http://localhost:8010/...
[2026-08-21T19:43:05.888Z] error: <httpProxy> [
  500,
  AggregateError: 
      at ignore-listed frames {
    code: 'ECONNREFUSED',
    [errors]: [ [Error], [Error] ]
  }
]
[2026-08-21T19:43:05.890Z] error: <httpProxy> Error calling http://localhost:9000/...
[2026-08-21T19:43:05.891Z] error: <httpProxy> [
  500,
  AggregateError: 
      at ignore-listed frames {
    code: 'ECONNREFUSED',
    [errors]: [ [Error], [Error] ]
  }
]
[2026-08-21T19:43:05.893Z] error: <httpProxy> Error calling http://localhost:5006/...
[2026-08-21T19:43:05.894Z] error: <httpProxy> [
  500,
  AggregateError: 
      at ignore-listed frames {
    code: 'ECONNREFUSED',
    [errors]: [ [Error], [Error] ]
  }
]
[2026-08-21T19:43:05.895Z] error: <httpProxy> Error calling http://localhost:8020/...
[2026-08-21T19:43:05.895Z] error: <httpProxy> [
  500,
  AggregateError: 
      at ignore-listed frames {
    code: 'ECONNREFUSED',
    [errors]: [ [Error], [Error] ]
  }
]
[2026-08-21T19:43:05.896Z] error: <httpProxy> Error calling http://localhost:2283/...
[2026-08-21T19:43:05.896Z] error: <httpProxy> [
  500,
  AggregateError: 
      at ignore-listed frames {
    code: 'ECONNREFUSED',
    [errors]: [ [Error], [Error] ]
  }
]
[2026-08-21T19:43:05.897Z] error: <httpProxy> Error calling http://localhost:9000/...
[2026-08-21T19:43:05.898Z] error: <httpProxy> [
  500,
  AggregateError: 
      at ignore-listed frames {
    code: 'ECONNREFUSED',
    [errors]: [ [Error], [Error] ]
  }
]
[2026-08-21T19:43:05.901Z] error: <httpProxy> Error calling http://localhost:5006/...
[2026-08-21T19:43:05.902Z] error: <httpProxy> [
  500,
  AggregateError: 
      at ignore-listed frames {
    code: 'ECONNREFUSED',
    [errors]: [ [Error], [Error] ]
  }
]
[2026-08-21T19:43:05.904Z] error: <httpProxy> Error calling http://localhost:8020/...
[2026-08-21T19:43:05.904Z] error: <httpProxy> [
  500,
  AggregateError: 
      at ignore-listed frames {
    code: 'ECONNREFUSED',
    [errors]: [ [Error], [Error] ]
  }
]
[2026-08-21T19:43:05.910Z] error: <httpProxy> Error calling http://localhost:8015/...
[2026-08-21T19:43:05.910Z] error: <httpProxy> [
  500,
  AggregateError: 
      at ignore-listed frames {
    code: 'ECONNREFUSED',
    [errors]: [ [Error], [Error] ]
  }
]
[2026-08-21T19:43:05.911Z] error: <httpProxy> Error calling http://localhost:3929/...
[2026-08-21T19:43:05.911Z] error: <httpProxy> [
  500,
  AggregateError: 
      at ignore-listed frames {
    code: 'ECONNREFUSED',
    [errors]: [ [Error], [Error] ]
  }
]
[2026-08-21T19:43:05.916Z] error: <httpProxy> Error calling http://localhost:8015/...
[2026-08-21T19:43:05.916Z] error: <httpProxy> [
  500,
  AggregateError: 
      at ignore-listed frames {
    code: 'ECONNREFUSED',
    [errors]: [ [Error], [Error] ]
  }
]
[2026-08-21T19:43:05.918Z] error: <httpProxy> Error calling http://localhost:3929/...
[2026-08-21T19:43:05.918Z] error: <httpProxy> [
  500,
  AggregateError: 
      at ignore-listed frames {
    code: 'ECONNREFUSED',
    [errors]: [ [Error], [Error] ]
  }
]
[2026-08-21T19:43:05.921Z] error: <httpProxy> Error calling http://localhost:3001/...
[2026-08-21T19:43:05.921Z] error: <httpProxy> [
  500,
  AggregateError: 
      at ignore-listed frames {
    code: 'ECONNREFUSED',
    [errors]: [ [Error], [Error] ]
  }
]
[2026-08-21T19:43:05.922Z] error: <httpProxy> Error calling http://localhost:8082/...
[2026-08-21T19:43:05.922Z] error: <httpProxy> [
  500,
  AggregateError: 
      at ignore-listed frames {
    code: 'ECONNREFUSED',
    [errors]: [ [Error], [Error] ]
  }
]
[2026-08-21T19:43:05.923Z] error: <httpProxy> Error calling http://localhost:8787/...
[2026-08-21T19:43:05.923Z] error: <httpProxy> [
  500,
  AggregateError: 
      at ignore-listed frames {
    code: 'ECONNREFUSED',
    [errors]: [ [Error], [Error] ]
  }
]
[2026-08-21T19:43:05.923Z] error: <httpProxy> Error calling http://localhost:8090/...
[2026-08-21T19:43:05.924Z] error: <httpProxy> [
  500,
  AggregateError: 
      at ignore-listed frames {
    code: 'ECONNREFUSED',
    [errors]: [ [Error], [Error] ]
  }
]
[2026-08-21T19:43:05.924Z] error: <httpProxy> Error calling http://localhost:3001/...
[2026-08-21T19:43:05.924Z] error: <httpProxy> [
  500,
  AggregateError: 
      at ignore-listed frames {
    code: 'ECONNREFUSED',
    [errors]: [ [Error], [Error] ]
  }
]
[2026-08-21T19:43:05.926Z] error: <httpProxy> Error calling http://localhost:8082/...
[2026-08-21T19:43:05.926Z] error: <httpProxy> [
  500,
  AggregateError: 
      at ignore-listed frames {
    code: 'ECONNREFUSED',
    [errors]: [ [Error], [Error] ]
  }
]
[2026-08-21T19:43:05.926Z] error: <httpProxy> Error calling http://localhost:8787/...
[2026-08-21T19:43:05.927Z] error: <httpProxy> [
  500,
  AggregateError: 
      at ignore-listed frames {
    code: 'ECONNREFUSED',
    [errors]: [ [Error], [Error] ]
  }
]
[2026-08-21T19:43:05.927Z] error: <httpProxy> Error calling http://localhost:8090/...
[2026-08-21T19:43:05.927Z] error: <httpProxy> [
  500,
  AggregateError: 
      at ignore-listed frames {
    code: 'ECONNREFUSED',
    [errors]: [ [Error], [Error] ]
  }
]
[2026-08-21T19:43:05.928Z] error: <httpProxy> Error calling http://localhost:8081/...
[2026-08-21T19:43:05.928Z] error: <httpProxy> [
  500,
  AggregateError: 
      at ignore-listed frames {
    code: 'ECONNREFUSED',
    [errors]: [ [Error], [Error] ]
  }
]
[2026-08-21T19:43:05.929Z] error: <httpProxy> Error calling http://localhost:8081/...
[2026-08-21T19:43:05.929Z] error: <httpProxy> [
  500,
  AggregateError: 
      at ignore-listed frames {
    code: 'ECONNREFUSED',
    [errors]: [ [Error], [Error] ]
  }
]
[2026-08-21T19:48:02.649Z] error: <httpProxy> Error calling http://localhost:9000/...
[2026-08-21T19:48:02.650Z] error: <httpProxy> [
  500,
  AggregateError: 
      at ignore-listed frames {
    code: 'ECONNREFUSED',
    [errors]: [ [Error], [Error] ]
  }
]
[2026-08-21T19:48:02.650Z] error: <httpProxy> Error calling http://localhost:2283/...
[2026-08-21T19:48:02.652Z] error: <httpProxy> [
  500,
  AggregateError: 
      at ignore-listed frames {
    code: 'ECONNREFUSED',
    [errors]: [ [Error], [Error] ]
  }
]
[2026-08-21T19:48:02.656Z] error: <httpProxy> Error calling http://localhost:5006/...
[2026-08-21T19:48:02.657Z] error: <httpProxy> [
  500,
  AggregateError: 
      at ignore-listed frames {
    code: 'ECONNREFUSED',
    [errors]: [ [Error], [Error] ]
  }
]
[2026-08-21T19:48:02.658Z] error: <httpProxy> Error calling http://localhost:8010/...
[2026-08-21T19:48:02.659Z] error: <httpProxy> [
  500,
  AggregateError: 
      at ignore-listed frames {
    code: 'ECONNREFUSED',
    [errors]: [ [Error], [Error] ]
  }
]
[2026-08-21T19:48:02.659Z] error: <httpProxy> Error calling http://localhost:9000/...
[2026-08-21T19:48:02.660Z] error: <httpProxy> [
  500,
  AggregateError: 
      at ignore-listed frames {
    code: 'ECONNREFUSED',
    [errors]: [ [Error], [Error] ]
  }
]
[2026-08-21T19:48:02.660Z] error: <httpProxy> Error calling http://localhost:2283/...
[2026-08-21T19:48:02.661Z] error: <httpProxy> [
  500,
  AggregateError: 
      at ignore-listed frames {
    code: 'ECONNREFUSED',
    [errors]: [ [Error], [Error] ]
  }
]
[2026-08-21T19:48:02.665Z] error: <httpProxy> Error calling http://localhost:8020/...
[2026-08-21T19:48:02.666Z] error: <httpProxy> [
  500,
  AggregateError: 
      at ignore-listed frames {
    code: 'ECONNREFUSED',
    [errors]: [ [Error], [Error] ]
  }
]
[2026-08-21T19:48:02.667Z] error: <httpProxy> Error calling http://localhost:5006/...
[2026-08-21T19:48:02.667Z] error: <httpProxy> [
  500,
  AggregateError: 
      at ignore-listed frames {
    code: 'ECONNREFUSED',
    [errors]: [ [Error], [Error] ]
  }
]
[2026-08-21T19:48:02.671Z] error: <httpProxy> Error calling http://localhost:8010/...
[2026-08-21T19:48:02.671Z] error: <httpProxy> [
  500,
  AggregateError: 
      at ignore-listed frames {
    code: 'ECONNREFUSED',
    [errors]: [ [Error], [Error] ]
  }
]
[2026-08-21T19:48:02.674Z] error: <httpProxy> Error calling http://localhost:8020/...
[2026-08-21T19:48:02.674Z] error: <httpProxy> [
  500,
  AggregateError: 
      at ignore-listed frames {
    code: 'ECONNREFUSED',
    [errors]: [ [Error], [Error] ]
  }
]
[2026-08-21T19:48:02.678Z] error: <httpProxy> Error calling http://localhost:8015/...
[2026-08-21T19:48:02.678Z] error: <httpProxy> [
  500,
  AggregateError: 
      at ignore-listed frames {
    code: 'ECONNREFUSED',
    [errors]: [ [Error], [Error] ]
  }
]
[2026-08-21T19:48:02.680Z] error: <httpProxy> Error calling http://localhost:3929/...
[2026-08-21T19:48:02.680Z] error: <httpProxy> [
  500,
  AggregateError: 
      at ignore-listed frames {
    code: 'ECONNREFUSED',
    [errors]: [ [Error], [Error] ]
  }
]
[2026-08-21T19:48:02.681Z] error: <httpProxy> Error calling http://localhost:3001/...
[2026-08-21T19:48:02.681Z] error: <httpProxy> [
  500,
  AggregateError: 
      at ignore-listed frames {
    code: 'ECONNREFUSED',
    [errors]: [ [Error], [Error] ]
  }
]
[2026-08-21T19:48:02.681Z] error: <httpProxy> Error calling http://localhost:8015/...
[2026-08-21T19:48:02.682Z] error: <httpProxy> [
  500,
  AggregateError: 
      at ignore-listed frames {
    code: 'ECONNREFUSED',
    [errors]: [ [Error], [Error] ]
  }
]
[2026-08-21T19:48:02.685Z] error: <httpProxy> Error calling http://localhost:8082/...
[2026-08-21T19:48:02.685Z] error: <httpProxy> [
  500,
  AggregateError: 
      at ignore-listed frames {
    code: 'ECONNREFUSED',
    [errors]: [ [Error], [Error] ]
  }
]
[2026-08-21T19:48:02.687Z] error: <httpProxy> Error calling http://localhost:8787/...
[2026-08-21T19:48:02.687Z] error: <httpProxy> [
  500,
  AggregateError: 
      at ignore-listed frames {
    code: 'ECONNREFUSED',
    [errors]: [ [Error], [Error] ]
  }
]
[2026-08-21T19:48:02.687Z] error: <httpProxy> Error calling http://localhost:3929/...
[2026-08-21T19:48:02.688Z] error: <httpProxy> [
  500,
  AggregateError: 
      at ignore-listed frames {
    code: 'ECONNREFUSED',
    [errors]: [ [Error], [Error] ]
  }
]
[2026-08-21T19:48:02.688Z] error: <httpProxy> Error calling http://localhost:3001/...
[2026-08-21T19:48:02.689Z] error: <httpProxy> [
  500,
  AggregateError: 
      at ignore-listed frames {
    code: 'ECONNREFUSED',
    [errors]: [ [Error], [Error] ]
  }
]
[2026-08-21T19:48:02.689Z] error: <httpProxy> Error calling http://localhost:8090/...
[2026-08-21T19:48:02.689Z] error: <httpProxy> [
  500,
  AggregateError: 
      at ignore-listed frames {
    code: 'ECONNREFUSED',
    [errors]: [ [Error], [Error] ]
  }
]
[2026-08-21T19:48:02.690Z] error: <httpProxy> Error calling http://localhost:8082/...
[2026-08-21T19:48:02.690Z] error: <httpProxy> [
  500,
  AggregateError: 
      at ignore-listed frames {
    code: 'ECONNREFUSED',
    [errors]: [ [Error], [Error] ]
  }
]
[2026-08-21T19:48:02.691Z] error: <httpProxy> Error calling http://localhost:8787/...
[2026-08-21T19:48:02.692Z] error: <httpProxy> [
  500,
  AggregateError: 
      at ignore-listed frames {
    code: 'ECONNREFUSED',
    [errors]: [ [Error], [Error] ]
  }
]
[2026-08-21T19:48:02.692Z] error: <httpProxy> Error calling http://localhost:8090/...
[2026-08-21T19:48:02.692Z] error: <httpProxy> [
  500,
  AggregateError: 
      at ignore-listed frames {
    code: 'ECONNREFUSED',
    [errors]: [ [Error], [Error] ]
  }
]
[2026-08-21T19:48:02.693Z] error: <httpProxy> Error calling http://localhost:8081/...
[2026-08-21T19:48:02.693Z] error: <httpProxy> [
  500,
  AggregateError: 
      at ignore-listed frames {
    code: 'ECONNREFUSED',
    [errors]: [ [Error], [Error] ]
  }
]
[2026-08-21T19:48:02.694Z] error: <httpProxy> Error calling http://localhost:8081/...
[2026-08-21T19:48:02.694Z] error: <httpProxy> [
  500,
  AggregateError: 
      at ignore-listed frames {
    code: 'ECONNREFUSED',
    [errors]: [ [Error], [Error] ]
  }
]
[2026-08-21T19:49:39.365Z] error: <httpProxy> Error calling http://localhost:8010/...
[2026-08-21T19:49:39.366Z] error: <httpProxy> [
  500,
  AggregateError: 
      at ignore-listed frames {
    code: 'ECONNREFUSED',
    [errors]: [ [Error], [Error] ]
  }
]
[2026-08-21T19:49:39.367Z] error: <httpProxy> Error calling http://localhost:9000/...
[2026-08-21T19:49:39.367Z] error: <httpProxy> [
  500,
  AggregateError: 
      at ignore-listed frames {
    code: 'ECONNREFUSED',
    [errors]: [ [Error], [Error] ]
  }
]
[2026-08-21T19:49:39.369Z] error: <httpProxy> Error calling http://localhost:2283/...
[2026-08-21T19:49:39.369Z] error: <httpProxy> [
  500,
  AggregateError: 
      at ignore-listed frames {
    code: 'ECONNREFUSED',
    [errors]: [ [Error], [Error] ]
  }
]
[2026-08-21T19:49:39.369Z] error: <httpProxy> Error calling http://localhost:8010/...
[2026-08-21T19:49:39.370Z] error: <httpProxy> [
  500,
  AggregateError: 
      at ignore-listed frames {
    code: 'ECONNREFUSED',
    [errors]: [ [Error], [Error] ]
  }
]
[2026-08-21T19:49:39.372Z] error: <httpProxy> Error calling http://localhost:5006/...
[2026-08-21T19:49:39.372Z] error: <httpProxy> [
  500,
  AggregateError: 
      at ignore-listed frames {
    code: 'ECONNREFUSED',
    [errors]: [ [Error], [Error] ]
  }
]
[2026-08-21T19:49:39.373Z] error: <httpProxy> Error calling http://localhost:9000/...
[2026-08-21T19:49:39.373Z] error: <httpProxy> [
  500,
  AggregateError: 
      at ignore-listed frames {
    code: 'ECONNREFUSED',
    [errors]: [ [Error], [Error] ]
  }
]
[2026-08-21T19:49:39.375Z] error: <httpProxy> Error calling http://localhost:8020/...
[2026-08-21T19:49:39.376Z] error: <httpProxy> [
  500,
  AggregateError: 
      at ignore-listed frames {
    code: 'ECONNREFUSED',
    [errors]: [ [Error], [Error] ]
  }
]
[2026-08-21T19:49:39.376Z] error: <httpProxy> Error calling http://localhost:2283/...
[2026-08-21T19:49:39.376Z] error: <httpProxy> [
  500,
  AggregateError: 
      at ignore-listed frames {
    code: 'ECONNREFUSED',
    [errors]: [ [Error], [Error] ]
  }
]
[2026-08-21T19:49:39.379Z] error: <httpProxy> Error calling http://localhost:5006/...
[2026-08-21T19:49:39.379Z] error: <httpProxy> [
  500,
  AggregateError: 
      at ignore-listed frames {
    code: 'ECONNREFUSED',
    [errors]: [ [Error], [Error] ]
  }
]
[2026-08-21T19:49:39.381Z] error: <httpProxy> Error calling http://localhost:8020/...
[2026-08-21T19:49:39.382Z] error: <httpProxy> [
  500,
  AggregateError: 
      at ignore-listed frames {
    code: 'ECONNREFUSED',
    [errors]: [ [Error], [Error] ]
  }
]
[2026-08-21T19:49:39.384Z] error: <httpProxy> Error calling http://localhost:8015/...
[2026-08-21T19:49:39.385Z] error: <httpProxy> [
  500,
  AggregateError: 
      at ignore-listed frames {
    code: 'ECONNREFUSED',
    [errors]: [ [Error], [Error] ]
  }
]
[2026-08-21T19:49:39.386Z] error: <httpProxy> Error calling http://localhost:3929/...
[2026-08-21T19:49:39.386Z] error: <httpProxy> [
  500,
  AggregateError: 
      at ignore-listed frames {
    code: 'ECONNREFUSED',
    [errors]: [ [Error], [Error] ]
  }
]
[2026-08-21T19:49:39.386Z] error: <httpProxy> Error calling http://localhost:3001/...
[2026-08-21T19:49:39.387Z] error: <httpProxy> [
  500,
  AggregateError: 
      at ignore-listed frames {
    code: 'ECONNREFUSED',
    [errors]: [ [Error], [Error] ]
  }
]
[2026-08-21T19:49:39.387Z] error: <httpProxy> Error calling http://localhost:8082/...
[2026-08-21T19:49:39.388Z] error: <httpProxy> [
  500,
  AggregateError: 
      at ignore-listed frames {
    code: 'ECONNREFUSED',
    [errors]: [ [Error], [Error] ]
  }
]
[2026-08-21T19:49:39.388Z] error: <httpProxy> Error calling http://localhost:8015/...
[2026-08-21T19:49:39.388Z] error: <httpProxy> [
  500,
  AggregateError: 
      at ignore-listed frames {
    code: 'ECONNREFUSED',
    [errors]: [ [Error], [Error] ]
  }
]
[2026-08-21T19:49:39.391Z] error: <httpProxy> Error calling http://localhost:8787/...
[2026-08-21T19:49:39.392Z] error: <httpProxy> [
  500,
  AggregateError: 
      at ignore-listed frames {
    code: 'ECONNREFUSED',
    [errors]: [ [Error], [Error] ]
  }
]
[2026-08-21T19:49:39.392Z] error: <httpProxy> Error calling http://localhost:3929/...
[2026-08-21T19:49:39.393Z] error: <httpProxy> [
  500,
  AggregateError: 
      at ignore-listed frames {
    code: 'ECONNREFUSED',
    [errors]: [ [Error], [Error] ]
  }
]
[2026-08-21T19:49:39.393Z] error: <httpProxy> Error calling http://localhost:3001/...
[2026-08-21T19:49:39.394Z] error: <httpProxy> [
  500,
  AggregateError: 
      at ignore-listed frames {
    code: 'ECONNREFUSED',
    [errors]: [ [Error], [Error] ]
  }
]
[2026-08-21T19:49:39.394Z] error: <httpProxy> Error calling http://localhost:8082/...
[2026-08-21T19:49:39.395Z] error: <httpProxy> [
  500,
  AggregateError: 
      at ignore-listed frames {
    code: 'ECONNREFUSED',
    [errors]: [ [Error], [Error] ]
  }
]
[2026-08-21T19:49:39.395Z] error: <httpProxy> Error calling http://localhost:8090/...
[2026-08-21T19:49:39.396Z] error: <httpProxy> [
  500,
  AggregateError: 
      at ignore-listed frames {
    code: 'ECONNREFUSED',
    [errors]: [ [Error], [Error] ]
  }
]
[2026-08-21T19:49:39.397Z] error: <httpProxy> Error calling http://localhost:8787/...
[2026-08-21T19:49:39.398Z] error: <httpProxy> [
  500,
  AggregateError: 
      at ignore-listed frames {
    code: 'ECONNREFUSED',
    [errors]: [ [Error], [Error] ]
  }
]
[2026-08-21T19:49:39.398Z] error: <httpProxy> Error calling http://localhost:8090/...
[2026-08-21T19:49:39.399Z] error: <httpProxy> [
  500,
  AggregateError: 
      at ignore-listed frames {
    code: 'ECONNREFUSED',
    [errors]: [ [Error], [Error] ]
  }
]
[2026-08-21T19:49:39.399Z] error: <httpProxy> Error calling http://localhost:8081/...
[2026-08-21T19:49:39.400Z] error: <httpProxy> [
  500,
  AggregateError: 
      at ignore-listed frames {
    code: 'ECONNREFUSED',
    [errors]: [ [Error], [Error] ]
  }
]
[2026-08-21T19:49:39.400Z] error: <httpProxy> Error calling http://localhost:8081/...
[2026-08-21T19:49:39.401Z] error: <httpProxy> [
  500,
  AggregateError: 
      at ignore-listed frames {
    code: 'ECONNREFUSED',
    [errors]: [ [Error], [Error] ]
  }
]
[2026-08-21T19:49:41.658Z] error: <httpProxy> Error calling http://localhost:2283/...
[2026-08-21T19:49:41.659Z] error: <httpProxy> [
  500,
  AggregateError: 
      at ignore-listed frames {
    code: 'ECONNREFUSED',
    [errors]: [ [Error], [Error] ]
  }
]
[2026-08-21T19:49:41.660Z] error: <httpProxy> Error calling http://localhost:8010/...
[2026-08-21T19:49:41.660Z] error: <httpProxy> [
  500,
  AggregateError: 
      at ignore-listed frames {
    code: 'ECONNREFUSED',
    [errors]: [ [Error], [Error] ]
  }
]
[2026-08-21T19:49:41.661Z] error: <httpProxy> Error calling http://localhost:9000/...
[2026-08-21T19:49:41.661Z] error: <httpProxy> [
  500,
  AggregateError: 
      at ignore-listed frames {
    code: 'ECONNREFUSED',
    [errors]: [ [Error], [Error] ]
  }
]
[2026-08-21T19:49:41.662Z] error: <httpProxy> Error calling http://localhost:5006/...
[2026-08-21T19:49:41.662Z] error: <httpProxy> [
  500,
  AggregateError: 
      at ignore-listed frames {
    code: 'ECONNREFUSED',
    [errors]: [ [Error], [Error] ]
  }
]
[2026-08-21T19:49:41.663Z] error: <httpProxy> Error calling http://localhost:8020/...
[2026-08-21T19:49:41.663Z] error: <httpProxy> [
  500,
  AggregateError: 
      at ignore-listed frames {
    code: 'ECONNREFUSED',
    [errors]: [ [Error], [Error] ]
  }
]
[2026-08-21T19:49:41.663Z] error: <httpProxy> Error calling http://localhost:8015/...
[2026-08-21T19:49:41.664Z] error: <httpProxy> [
  500,
  AggregateError: 
      at ignore-listed frames {
    code: 'ECONNREFUSED',
    [errors]: [ [Error], [Error] ]
  }
]
[2026-08-21T19:49:41.665Z] error: <httpProxy> Error calling http://localhost:2283/...
[2026-08-21T19:49:41.666Z] error: <httpProxy> [
  500,
  AggregateError: 
      at ignore-listed frames {
    code: 'ECONNREFUSED',
    [errors]: [ [Error], [Error] ]
  }
]
[2026-08-21T19:49:41.666Z] error: <httpProxy> Error calling http://localhost:8010/...
[2026-08-21T19:49:41.667Z] error: <httpProxy> [
  500,
  AggregateError: 
      at ignore-listed frames {
    code: 'ECONNREFUSED',
    [errors]: [ [Error], [Error] ]
  }
]
[2026-08-21T19:49:41.669Z] error: <httpProxy> Error calling http://localhost:9000/...
[2026-08-21T19:49:41.669Z] error: <httpProxy> [
  500,
  AggregateError: 
      at ignore-listed frames {
    code: 'ECONNREFUSED',
    [errors]: [ [Error], [Error] ]
  }
]
[2026-08-21T19:49:41.669Z] error: <httpProxy> Error calling http://localhost:5006/...
[2026-08-21T19:49:41.670Z] error: <httpProxy> [
  500,
  AggregateError: 
      at ignore-listed frames {
    code: 'ECONNREFUSED',
    [errors]: [ [Error], [Error] ]
  }
]
[2026-08-21T19:49:41.670Z] error: <httpProxy> Error calling http://localhost:8020/...
[2026-08-21T19:49:41.670Z] error: <httpProxy> [
  500,
  AggregateError: 
      at ignore-listed frames {
    code: 'ECONNREFUSED',
    [errors]: [ [Error], [Error] ]
  }
]
[2026-08-21T19:49:41.671Z] error: <httpProxy> Error calling http://localhost:8015/...
[2026-08-21T19:49:41.671Z] error: <httpProxy> [
  500,
  AggregateError: 
      at ignore-listed frames {
    code: 'ECONNREFUSED',
    [errors]: [ [Error], [Error] ]
  }
]
[2026-08-21T19:49:41.686Z] error: <httpProxy> Error calling http://localhost:3929/...
[2026-08-21T19:49:41.687Z] error: <httpProxy> [
  500,
  AggregateError: 
      at ignore-listed frames {
    code: 'ECONNREFUSED',
    [errors]: [ [Error], [Error] ]
  }
]
[2026-08-21T19:49:41.688Z] error: <httpProxy> Error calling http://localhost:3001/...
[2026-08-21T19:49:41.688Z] error: <httpProxy> [
  500,
  AggregateError: 
      at ignore-listed frames {
    code: 'ECONNREFUSED',
    [errors]: [ [Error], [Error] ]
  }
]
[2026-08-21T19:49:41.689Z] error: <httpProxy> Error calling http://localhost:8082/...
[2026-08-21T19:49:41.689Z] error: <httpProxy> [
  500,
  AggregateError: 
      at ignore-listed frames {
    code: 'ECONNREFUSED',
    [errors]: [ [Error], [Error] ]
  }
]
[2026-08-21T19:49:41.690Z] error: <httpProxy> Error calling http://localhost:8787/...
[2026-08-21T19:49:41.690Z] error: <httpProxy> [
  500,
  AggregateError: 
      at ignore-listed frames {
    code: 'ECONNREFUSED',
    [errors]: [ [Error], [Error] ]
  }
]
[2026-08-21T19:49:41.691Z] error: <httpProxy> Error calling http://localhost:8090/...
[2026-08-21T19:49:41.691Z] error: <httpProxy> [
  500,
  AggregateError: 
      at ignore-listed frames {
    code: 'ECONNREFUSED',
    [errors]: [ [Error], [Error] ]
  }
]
[2026-08-21T19:49:41.692Z] error: <httpProxy> Error calling http://localhost:8081/...
[2026-08-21T19:49:41.693Z] error: <httpProxy> [
  500,
  AggregateError: 
      at ignore-listed frames {
    code: 'ECONNREFUSED',
    [errors]: [ [Error], [Error] ]
  }
]
[2026-08-21T19:49:41.694Z] error: <httpProxy> Error calling http://localhost:3929/...
[2026-08-21T19:49:41.695Z] error: <httpProxy> [
  500,
  AggregateError: 
      at ignore-listed frames {
    code: 'ECONNREFUSED',
    [errors]: [ [Error], [Error] ]
  }
]
[2026-08-21T19:49:41.695Z] error: <httpProxy> Error calling http://localhost:3001/...
[2026-08-21T19:49:41.696Z] error: <httpProxy> [
  500,
  AggregateError: 
      at ignore-listed frames {
    code: 'ECONNREFUSED',
    [errors]: [ [Error], [Error] ]
  }
]
[2026-08-21T19:49:41.696Z] error: <httpProxy> Error calling http://localhost:8082/...
[2026-08-21T19:49:41.697Z] error: <httpProxy> [
  500,
  AggregateError: 
      at ignore-listed frames {
    code: 'ECONNREFUSED',
    [errors]: [ [Error], [Error] ]
  }
]
[2026-08-21T19:49:41.697Z] error: <httpProxy> Error calling http://localhost:8787/...
[2026-08-21T19:49:41.698Z] error: <httpProxy> [
  500,
  AggregateError: 
      at ignore-listed frames {
    code: 'ECONNREFUSED',
    [errors]: [ [Error], [Error] ]
  }
]
[2026-08-21T19:49:41.698Z] error: <httpProxy> Error calling http://localhost:8090/...
[2026-08-21T19:49:41.699Z] error: <httpProxy> [
  500,
  AggregateError: 
      at ignore-listed frames {
    code: 'ECONNREFUSED',
    [errors]: [ [Error], [Error] ]
  }
]
[2026-08-21T19:49:41.699Z] error: <httpProxy> Error calling http://localhost:8081/...
[2026-08-21T19:49:41.700Z] error: <httpProxy> [
  500,
  AggregateError: 
      at ignore-listed frames {
    code: 'ECONNREFUSED',
    [errors]: [ [Error], [Error] ]
  }
]
[2026-08-21T19:49:46.641Z] error: <httpProxy> Error calling http://localhost:2283/...
[2026-08-21T19:49:46.642Z] error: <httpProxy> [
  500,
  AggregateError: 
      at ignore-listed frames {
    code: 'ECONNREFUSED',
    [errors]: [ [Error], [Error] ]
  }
]
[2026-08-21T19:49:46.642Z] error: <httpProxy> Error calling http://localhost:8010/...
[2026-08-21T19:49:46.643Z] error: <httpProxy> [
  500,
  AggregateError: 
      at ignore-listed frames {
    code: 'ECONNREFUSED',
    [errors]: [ [Error], [Error] ]
  }
]
[2026-08-21T19:49:46.643Z] error: <httpProxy> Error calling http://localhost:9000/...
[2026-08-21T19:49:46.644Z] error: <httpProxy> [
  500,
  AggregateError: 
      at ignore-listed frames {
    code: 'ECONNREFUSED',
    [errors]: [ [Error], [Error] ]
  }
]
[2026-08-21T19:49:46.644Z] error: <httpProxy> Error calling http://localhost:5006/...
[2026-08-21T19:49:46.645Z] error: <httpProxy> [
  500,
  AggregateError: 
      at ignore-listed frames {
    code: 'ECONNREFUSED',
    [errors]: [ [Error], [Error] ]
  }
]
[2026-08-21T19:49:46.645Z] error: <httpProxy> Error calling http://localhost:8020/...
[2026-08-21T19:49:46.646Z] error: <httpProxy> [
  500,
  AggregateError: 
      at ignore-listed frames {
    code: 'ECONNREFUSED',
    [errors]: [ [Error], [Error] ]
  }
]
[2026-08-21T19:49:46.646Z] error: <httpProxy> Error calling http://localhost:8015/...
[2026-08-21T19:49:46.647Z] error: <httpProxy> [
  500,
  AggregateError: 
      at ignore-listed frames {
    code: 'ECONNREFUSED',
    [errors]: [ [Error], [Error] ]
  }
]
[2026-08-21T19:49:46.647Z] error: <httpProxy> Error calling http://localhost:2283/...
[2026-08-21T19:49:46.647Z] error: <httpProxy> [
  500,
  AggregateError: 
      at ignore-listed frames {
    code: 'ECONNREFUSED',
    [errors]: [ [Error], [Error] ]
  }
]
[2026-08-21T19:49:46.648Z] error: <httpProxy> Error calling http://localhost:8010/...
[2026-08-21T19:49:46.648Z] error: <httpProxy> [
  500,
  AggregateError: 
      at ignore-listed frames {
    code: 'ECONNREFUSED',
    [errors]: [ [Error], [Error] ]
  }
]
[2026-08-21T19:49:46.648Z] error: <httpProxy> Error calling http://localhost:9000/...
[2026-08-21T19:49:46.649Z] error: <httpProxy> [
  500,
  AggregateError: 
      at ignore-listed frames {
    code: 'ECONNREFUSED',
    [errors]: [ [Error], [Error] ]
  }
]
[2026-08-21T19:49:46.655Z] error: <httpProxy> Error calling http://localhost:5006/...
[2026-08-21T19:49:46.656Z] error: <httpProxy> [
  500,
  AggregateError: 
      at ignore-listed frames {
    code: 'ECONNREFUSED',
    [errors]: [ [Error], [Error] ]
  }
]
[2026-08-21T19:49:46.659Z] error: <httpProxy> Error calling http://localhost:8020/...
[2026-08-21T19:49:46.659Z] error: <httpProxy> [
  500,
  AggregateError: 
      at ignore-listed frames {
    code: 'ECONNREFUSED',
    [errors]: [ [Error], [Error] ]
  }
]
[2026-08-21T19:49:46.660Z] error: <httpProxy> Error calling http://localhost:8015/...
[2026-08-21T19:49:46.661Z] error: <httpProxy> [
  500,
  AggregateError: 
      at ignore-listed frames {
    code: 'ECONNREFUSED',
    [errors]: [ [Error], [Error] ]
  }
]
[2026-08-21T19:49:46.669Z] error: <httpProxy> Error calling http://localhost:3929/...
[2026-08-21T19:49:46.669Z] error: <httpProxy> [
  500,
  AggregateError: 
      at ignore-listed frames {
    code: 'ECONNREFUSED',
    [errors]: [ [Error], [Error] ]
  }
]
[2026-08-21T19:49:46.670Z] error: <httpProxy> Error calling http://localhost:3001/...
[2026-08-21T19:49:46.670Z] error: <httpProxy> [
  500,
  AggregateError: 
      at ignore-listed frames {
    code: 'ECONNREFUSED',
    [errors]: [ [Error], [Error] ]
  }
]
[2026-08-21T19:49:46.671Z] error: <httpProxy> Error calling http://localhost:8082/...
[2026-08-21T19:49:46.672Z] error: <httpProxy> [
  500,
  AggregateError: 
      at ignore-listed frames {
    code: 'ECONNREFUSED',
    [errors]: [ [Error], [Error] ]
  }
]
[2026-08-21T19:49:46.674Z] error: <httpProxy> Error calling http://localhost:8787/...
[2026-08-21T19:49:46.675Z] error: <httpProxy> [
  500,
  AggregateError: 
      at ignore-listed frames {
    code: 'ECONNREFUSED',
    [errors]: [ [Error], [Error] ]
  }
]
[2026-08-21T19:49:46.676Z] error: <httpProxy> Error calling http://localhost:3929/...
[2026-08-21T19:49:46.676Z] error: <httpProxy> [
  500,
  AggregateError: 
      at ignore-listed frames {
    code: 'ECONNREFUSED',
    [errors]: [ [Error], [Error] ]
  }
]
[2026-08-21T19:49:46.677Z] error: <httpProxy> Error calling http://localhost:3001/...
[2026-08-21T19:49:46.678Z] error: <httpProxy> [
  500,
  AggregateError: 
      at ignore-listed frames {
    code: 'ECONNREFUSED',
    [errors]: [ [Error], [Error] ]
  }
]
[2026-08-21T19:49:46.678Z] error: <httpProxy> Error calling http://localhost:8082/...
[2026-08-21T19:49:46.679Z] error: <httpProxy> [
  500,
  AggregateError: 
      at ignore-listed frames {
    code: 'ECONNREFUSED',
    [errors]: [ [Error], [Error] ]
  }
]
[2026-08-21T19:49:46.685Z] error: <httpProxy> Error calling http://localhost:8090/...
[2026-08-21T19:49:46.686Z] error: <httpProxy> [
  500,
  AggregateError: 
      at ignore-listed frames {
    code: 'ECONNREFUSED',
    [errors]: [ [Error], [Error] ]
  }
]
[2026-08-21T19:49:46.686Z] error: <httpProxy> Error calling http://localhost:8081/...
[2026-08-21T19:49:46.687Z] error: <httpProxy> [
  500,
  AggregateError: 
      at ignore-listed frames {
    code: 'ECONNREFUSED',
    [errors]: [ [Error], [Error] ]
  }
]
[2026-08-21T19:49:46.688Z] error: <httpProxy> Error calling http://localhost:8787/...
[2026-08-21T19:49:46.688Z] error: <httpProxy> [
  500,
  AggregateError: 
      at ignore-listed frames {
    code: 'ECONNREFUSED',
    [errors]: [ [Error], [Error] ]
  }
]
[2026-08-21T19:49:46.692Z] error: <httpProxy> Error calling http://localhost:8090/...
[2026-08-21T19:49:46.692Z] error: <httpProxy> [
  500,
  AggregateError: 
      at ignore-listed frames {
    code: 'ECONNREFUSED',
    [errors]: [ [Error], [Error] ]
  }
]
[2026-08-21T19:49:46.692Z] error: <httpProxy> Error calling http://localhost:8081/...
[2026-08-21T19:49:46.693Z] error: <httpProxy> [
  500,
  AggregateError: 
      at ignore-listed frames {
    code: 'ECONNREFUSED',
    [errors]: [ [Error], [Error] ]
  }
]
[2026-08-21T19:50:16.681Z] error: <httpProxy> Error calling http://localhost:2283/...
[2026-08-21T19:50:16.682Z] error: <httpProxy> [
  500,
  AggregateError: 
      at ignore-listed frames {
    code: 'ECONNREFUSED',
    [errors]: [ [Error], [Error] ]
  }
]
[2026-08-21T19:50:16.683Z] error: <httpProxy> Error calling http://localhost:9000/...
[2026-08-21T19:50:16.683Z] error: <httpProxy> [
  500,
  AggregateError: 
      at ignore-listed frames {
    code: 'ECONNREFUSED',
    [errors]: [ [Error], [Error] ]
  }
]
[2026-08-21T19:50:16.684Z] error: <httpProxy> Error calling http://localhost:5006/...
[2026-08-21T19:50:16.685Z] error: <httpProxy> [
  500,
  AggregateError: 
      at ignore-listed frames {
    code: 'ECONNREFUSED',
    [errors]: [ [Error], [Error] ]
  }
]
[2026-08-21T19:50:16.686Z] error: <httpProxy> Error calling http://localhost:8010/...
[2026-08-21T19:50:16.686Z] error: <httpProxy> [
  500,
  AggregateError: 
      at ignore-listed frames {
    code: 'ECONNREFUSED',
    [errors]: [ [Error], [Error] ]
  }
]
[2026-08-21T19:50:16.686Z] error: <httpProxy> Error calling http://localhost:2283/...
[2026-08-21T19:50:16.687Z] error: <httpProxy> [
  500,
  AggregateError: 
      at ignore-listed frames {
    code: 'ECONNREFUSED',
    [errors]: [ [Error], [Error] ]
  }
]
[2026-08-21T19:50:16.687Z] error: <httpProxy> Error calling http://localhost:8020/...
[2026-08-21T19:50:16.687Z] error: <httpProxy> [
  500,
  AggregateError: 
      at ignore-listed frames {
    code: 'ECONNREFUSED',
    [errors]: [ [Error], [Error] ]
  }
]
[2026-08-21T19:50:16.688Z] error: <httpProxy> Error calling http://localhost:9000/...
[2026-08-21T19:50:16.688Z] error: <httpProxy> [
  500,
  AggregateError: 
      at ignore-listed frames {
    code: 'ECONNREFUSED',
    [errors]: [ [Error], [Error] ]
  }
]
[2026-08-21T19:50:16.692Z] error: <httpProxy> Error calling http://localhost:8015/...
[2026-08-21T19:50:16.693Z] error: <httpProxy> [
  500,
  AggregateError: 
      at ignore-listed frames {
    code: 'ECONNREFUSED',
    [errors]: [ [Error], [Error] ]
  }
]
[2026-08-21T19:50:16.693Z] error: <httpProxy> Error calling http://localhost:5006/...
[2026-08-21T19:50:16.694Z] error: <httpProxy> [
  500,
  AggregateError: 
      at ignore-listed frames {
    code: 'ECONNREFUSED',
    [errors]: [ [Error], [Error] ]
  }
]
[2026-08-21T19:50:16.696Z] error: <httpProxy> Error calling http://localhost:8010/...
[2026-08-21T19:50:16.696Z] error: <httpProxy> [
  500,
  AggregateError: 
      at ignore-listed frames {
    code: 'ECONNREFUSED',
    [errors]: [ [Error], [Error] ]
  }
]
[2026-08-21T19:50:16.698Z] error: <httpProxy> Error calling http://localhost:8020/...
[2026-08-21T19:50:16.699Z] error: <httpProxy> [
  500,
  AggregateError: 
      at ignore-listed frames {
    code: 'ECONNREFUSED',
    [errors]: [ [Error], [Error] ]
  }
]
[2026-08-21T19:50:16.701Z] error: <httpProxy> Error calling http://localhost:8015/...
[2026-08-21T19:50:16.702Z] error: <httpProxy> [
  500,
  AggregateError: 
      at ignore-listed frames {
    code: 'ECONNREFUSED',
    [errors]: [ [Error], [Error] ]
  }
]
[2026-08-21T19:50:16.707Z] error: <httpProxy> Error calling http://localhost:3929/...
[2026-08-21T19:50:16.707Z] error: <httpProxy> [
  500,
  AggregateError: 
      at ignore-listed frames {
    code: 'ECONNREFUSED',
    [errors]: [ [Error], [Error] ]
  }
]
[2026-08-21T19:50:16.707Z] error: <httpProxy> Error calling http://localhost:3001/...
[2026-08-21T19:50:16.708Z] error: <httpProxy> [
  500,
  AggregateError: 
      at ignore-listed frames {
    code: 'ECONNREFUSED',
    [errors]: [ [Error], [Error] ]
  }
]
[2026-08-21T19:50:16.710Z] error: <httpProxy> Error calling http://localhost:8082/...
[2026-08-21T19:50:16.711Z] error: <httpProxy> [
  500,
  AggregateError: 
      at ignore-listed frames {
    code: 'ECONNREFUSED',
    [errors]: [ [Error], [Error] ]
  }
]
[2026-08-21T19:50:16.712Z] error: <httpProxy> Error calling http://localhost:8787/...
[2026-08-21T19:50:16.713Z] error: <httpProxy> [
  500,
  AggregateError: 
      at ignore-listed frames {
    code: 'ECONNREFUSED',
    [errors]: [ [Error], [Error] ]
  }
]
[2026-08-21T19:50:16.713Z] error: <httpProxy> Error calling http://localhost:8090/...
[2026-08-21T19:50:16.714Z] error: <httpProxy> [
  500,
  AggregateError: 
      at ignore-listed frames {
    code: 'ECONNREFUSED',
    [errors]: [ [Error], [Error] ]
  }
]
[2026-08-21T19:50:16.714Z] error: <httpProxy> Error calling http://localhost:3929/...
[2026-08-21T19:50:16.715Z] error: <httpProxy> [
  500,
  AggregateError: 
      at ignore-listed frames {
    code: 'ECONNREFUSED',
    [errors]: [ [Error], [Error] ]
  }
]
[2026-08-21T19:50:16.715Z] error: <httpProxy> Error calling http://localhost:3001/...
[2026-08-21T19:50:16.715Z] error: <httpProxy> [
  500,
  AggregateError: 
      at ignore-listed frames {
    code: 'ECONNREFUSED',
    [errors]: [ [Error], [Error] ]
  }
]
[2026-08-21T19:50:16.716Z] error: <httpProxy> Error calling http://localhost:8082/...
[2026-08-21T19:50:16.717Z] error: <httpProxy> [
  500,
  AggregateError: 
      at ignore-listed frames {
    code: 'ECONNREFUSED',
    [errors]: [ [Error], [Error] ]
  }
]
[2026-08-21T19:50:16.717Z] error: <httpProxy> Error calling http://localhost:8081/...
[2026-08-21T19:50:16.718Z] error: <httpProxy> [
  500,
  AggregateError: 
      at ignore-listed frames {
    code: 'ECONNREFUSED',
    [errors]: [ [Error], [Error] ]
  }
]
[2026-08-21T19:50:16.718Z] error: <httpProxy> Error calling http://localhost:8787/...
[2026-08-21T19:50:16.718Z] error: <httpProxy> [
  500,
  AggregateError: 
      at ignore-listed frames {
    code: 'ECONNREFUSED',
    [errors]: [ [Error], [Error] ]
  }
]
[2026-08-21T19:50:16.719Z] error: <httpProxy> Error calling http://localhost:8090/...
[2026-08-21T19:50:16.720Z] error: <httpProxy> [
  500,
  AggregateError: 
      at ignore-listed frames {
    code: 'ECONNREFUSED',
    [errors]: [ [Error], [Error] ]
  }
]
[2026-08-21T19:50:16.720Z] error: <httpProxy> Error calling http://localhost:8081/...
[2026-08-21T19:50:16.720Z] error: <httpProxy> [
  500,
  AggregateError: 
      at ignore-listed frames {
    code: 'ECONNREFUSED',
    [errors]: [ [Error], [Error] ]
  }
]
[2026-08-21T19:50:46.707Z] error: <httpProxy> Error calling http://localhost:2283/...
[2026-08-21T19:50:46.708Z] error: <httpProxy> [
  500,
  AggregateError: 
      at ignore-listed frames {
    code: 'ECONNREFUSED',
    [errors]: [ [Error], [Error] ]
  }
]
[2026-08-21T19:50:46.708Z] error: <httpProxy> Error calling http://localhost:9000/...
[2026-08-21T19:50:46.708Z] error: <httpProxy> [
  500,
  AggregateError: 
      at ignore-listed frames {
    code: 'ECONNREFUSED',
    [errors]: [ [Error], [Error] ]
  }
]
[2026-08-21T19:50:46.710Z] error: <httpProxy> Error calling http://localhost:5006/...
[2026-08-21T19:50:46.710Z] error: <httpProxy> [
  500,
  AggregateError: 
      at ignore-listed frames {
    code: 'ECONNREFUSED',
    [errors]: [ [Error], [Error] ]
  }
]
[2026-08-21T19:50:46.710Z] error: <httpProxy> Error calling http://localhost:8010/...
[2026-08-21T19:50:46.711Z] error: <httpProxy> [
  500,
  AggregateError: 
      at ignore-listed frames {
    code: 'ECONNREFUSED',
    [errors]: [ [Error], [Error] ]
  }
]
[2026-08-21T19:50:46.711Z] error: <httpProxy> Error calling http://localhost:2283/...
[2026-08-21T19:50:46.711Z] error: <httpProxy> [
  500,
  AggregateError: 
      at ignore-listed frames {
    code: 'ECONNREFUSED',
    [errors]: [ [Error], [Error] ]
  }
]
[2026-08-21T19:50:46.712Z] error: <httpProxy> Error calling http://localhost:9000/...
[2026-08-21T19:50:46.712Z] error: <httpProxy> [
  500,
  AggregateError: 
      at ignore-listed frames {
    code: 'ECONNREFUSED',
    [errors]: [ [Error], [Error] ]
  }
]
[2026-08-21T19:50:46.713Z] error: <httpProxy> Error calling http://localhost:8020/...
[2026-08-21T19:50:46.714Z] error: <httpProxy> [
  500,
  AggregateError: 
      at ignore-listed frames {
    code: 'ECONNREFUSED',
    [errors]: [ [Error], [Error] ]
  }
]
[2026-08-21T19:50:46.714Z] error: <httpProxy> Error calling http://localhost:5006/...
[2026-08-21T19:50:46.714Z] error: <httpProxy> [
  500,
  AggregateError: 
      at ignore-listed frames {
    code: 'ECONNREFUSED',
    [errors]: [ [Error], [Error] ]
  }
]
[2026-08-21T19:50:46.715Z] error: <httpProxy> Error calling http://localhost:8010/...
[2026-08-21T19:50:46.715Z] error: <httpProxy> [
  500,
  AggregateError: 
      at ignore-listed frames {
    code: 'ECONNREFUSED',
    [errors]: [ [Error], [Error] ]
  }
]
[2026-08-21T19:50:46.715Z] error: <httpProxy> Error calling http://localhost:8015/...
[2026-08-21T19:50:46.716Z] error: <httpProxy> [
  500,
  AggregateError: 
      at ignore-listed frames {
    code: 'ECONNREFUSED',
    [errors]: [ [Error], [Error] ]
  }
]
[2026-08-21T19:50:46.716Z] error: <httpProxy> Error calling http://localhost:8020/...
[2026-08-21T19:50:46.717Z] error: <httpProxy> [
  500,
  AggregateError: 
      at ignore-listed frames {
    code: 'ECONNREFUSED',
    [errors]: [ [Error], [Error] ]
  }
]
[2026-08-21T19:50:46.717Z] error: <httpProxy> Error calling http://localhost:8015/...
[2026-08-21T19:50:46.717Z] error: <httpProxy> [
  500,
  AggregateError: 
      at ignore-listed frames {
    code: 'ECONNREFUSED',
    [errors]: [ [Error], [Error] ]
  }
]
[2026-08-21T19:50:46.732Z] error: <httpProxy> Error calling http://localhost:3929/...
[2026-08-21T19:50:46.733Z] error: <httpProxy> [
  500,
  AggregateError: 
      at ignore-listed frames {
    code: 'ECONNREFUSED',
    [errors]: [ [Error], [Error] ]
  }
]
[2026-08-21T19:50:46.733Z] error: <httpProxy> Error calling http://localhost:3001/...
[2026-08-21T19:50:46.734Z] error: <httpProxy> [
  500,
  AggregateError: 
      at ignore-listed frames {
    code: 'ECONNREFUSED',
    [errors]: [ [Error], [Error] ]
  }
]
[2026-08-21T19:50:46.734Z] error: <httpProxy> Error calling http://localhost:8082/...
[2026-08-21T19:50:46.734Z] error: <httpProxy> [
  500,
  AggregateError: 
      at ignore-listed frames {
    code: 'ECONNREFUSED',
    [errors]: [ [Error], [Error] ]
  }
]
[2026-08-21T19:50:46.734Z] error: <httpProxy> Error calling http://localhost:8787/...
[2026-08-21T19:50:46.735Z] error: <httpProxy> [
  500,
  AggregateError: 
      at ignore-listed frames {
    code: 'ECONNREFUSED',
    [errors]: [ [Error], [Error] ]
  }
]
[2026-08-21T19:50:46.736Z] error: <httpProxy> Error calling http://localhost:8090/...
[2026-08-21T19:50:46.736Z] error: <httpProxy> [
  500,
  AggregateError: 
      at ignore-listed frames {
    code: 'ECONNREFUSED',
    [errors]: [ [Error], [Error] ]
  }
]
[2026-08-21T19:50:46.736Z] error: <httpProxy> Error calling http://localhost:8081/...
[2026-08-21T19:50:46.737Z] error: <httpProxy> [
  500,
  AggregateError: 
      at ignore-listed frames {
    code: 'ECONNREFUSED',
    [errors]: [ [Error], [Error] ]
  }
]
[2026-08-21T19:50:46.737Z] error: <httpProxy> Error calling http://localhost:3929/...
[2026-08-21T19:50:46.738Z] error: <httpProxy> [
  500,
  AggregateError: 
      at ignore-listed frames {
    code: 'ECONNREFUSED',
    [errors]: [ [Error], [Error] ]
  }
]
[2026-08-21T19:50:46.739Z] error: <httpProxy> Error calling http://localhost:3001/...
[2026-08-21T19:50:46.739Z] error: <httpProxy> [
  500,
  AggregateError: 
      at ignore-listed frames {
    code: 'ECONNREFUSED',
    [errors]: [ [Error], [Error] ]
  }
]
[2026-08-21T19:50:46.740Z] error: <httpProxy> Error calling http://localhost:8082/...
[2026-08-21T19:50:46.740Z] error: <httpProxy> [
  500,
  AggregateError: 
      at ignore-listed frames {
    code: 'ECONNREFUSED',
    [errors]: [ [Error], [Error] ]
  }
]
[2026-08-21T19:50:46.740Z] error: <httpProxy> Error calling http://localhost:8787/...
[2026-08-21T19:50:46.741Z] error: <httpProxy> [
  500,
  AggregateError: 
      at ignore-listed frames {
    code: 'ECONNREFUSED',
    [errors]: [ [Error], [Error] ]
  }
]
[2026-08-21T19:50:46.741Z] error: <httpProxy> Error calling http://localhost:8090/...
[2026-08-21T19:50:46.742Z] error: <httpProxy> [
  500,
  AggregateError: 
      at ignore-listed frames {
    code: 'ECONNREFUSED',
    [errors]: [ [Error], [Error] ]
  }
]
[2026-08-21T19:50:46.742Z] error: <httpProxy> Error calling http://localhost:8081/...
[2026-08-21T19:50:46.742Z] error: <httpProxy> [
  500,
  AggregateError: 
      at ignore-listed frames {
    code: 'ECONNREFUSED',
    [errors]: [ [Error], [Error] ]
  }
]
[2026-08-21T19:51:16.731Z] error: <httpProxy> Error calling http://localhost:2283/...
[2026-08-21T19:51:16.731Z] error: <httpProxy> [
  500,
  AggregateError: 
      at ignore-listed frames {
    code: 'ECONNREFUSED',
    [errors]: [ [Error], [Error] ]
  }
]
[2026-08-21T19:51:16.733Z] error: <httpProxy> Error calling http://localhost:9000/...
[2026-08-21T19:51:16.733Z] error: <httpProxy> [
  500,
  AggregateError: 
      at ignore-listed frames {
    code: 'ECONNREFUSED',
    [errors]: [ [Error], [Error] ]
  }
]
[2026-08-21T19:51:16.734Z] error: <httpProxy> Error calling http://localhost:5006/...
[2026-08-21T19:51:16.735Z] error: <httpProxy> [
  500,
  AggregateError: 
      at ignore-listed frames {
    code: 'ECONNREFUSED',
    [errors]: [ [Error], [Error] ]
  }
]
[2026-08-21T19:51:16.735Z] error: <httpProxy> Error calling http://localhost:2283/...
[2026-08-21T19:51:16.736Z] error: <httpProxy> [
  500,
  AggregateError: 
      at ignore-listed frames {
    code: 'ECONNREFUSED',
    [errors]: [ [Error], [Error] ]
  }
]
[2026-08-21T19:51:16.736Z] error: <httpProxy> Error calling http://localhost:8010/...
[2026-08-21T19:51:16.737Z] error: <httpProxy> [
  500,
  AggregateError: 
      at ignore-listed frames {
    code: 'ECONNREFUSED',
    [errors]: [ [Error], [Error] ]
  }
]
[2026-08-21T19:51:16.738Z] error: <httpProxy> Error calling http://localhost:8020/...
[2026-08-21T19:51:16.739Z] error: <httpProxy> [
  500,
  AggregateError: 
      at ignore-listed frames {
    code: 'ECONNREFUSED',
    [errors]: [ [Error], [Error] ]
  }
]
[2026-08-21T19:51:16.739Z] error: <httpProxy> Error calling http://localhost:9000/...
[2026-08-21T19:51:16.739Z] error: <httpProxy> [
  500,
  AggregateError: 
      at ignore-listed frames {
    code: 'ECONNREFUSED',
    [errors]: [ [Error], [Error] ]
  }
]
[2026-08-21T19:51:16.740Z] error: <httpProxy> Error calling http://localhost:8015/...
[2026-08-21T19:51:16.741Z] error: <httpProxy> [
  500,
  AggregateError: 
      at ignore-listed frames {
    code: 'ECONNREFUSED',
    [errors]: [ [Error], [Error] ]
  }
]
[2026-08-21T19:51:16.741Z] error: <httpProxy> Error calling http://localhost:5006/...
[2026-08-21T19:51:16.741Z] error: <httpProxy> [
  500,
  AggregateError: 
      at ignore-listed frames {
    code: 'ECONNREFUSED',
    [errors]: [ [Error], [Error] ]
  }
]
[2026-08-21T19:51:16.742Z] error: <httpProxy> Error calling http://localhost:8010/...
[2026-08-21T19:51:16.743Z] error: <httpProxy> [
  500,
  AggregateError: 
      at ignore-listed frames {
    code: 'ECONNREFUSED',
    [errors]: [ [Error], [Error] ]
  }
]
[2026-08-21T19:51:16.743Z] error: <httpProxy> Error calling http://localhost:8020/...
[2026-08-21T19:51:16.744Z] error: <httpProxy> [
  500,
  AggregateError: 
      at ignore-listed frames {
    code: 'ECONNREFUSED',
    [errors]: [ [Error], [Error] ]
  }
]
[2026-08-21T19:51:16.744Z] error: <httpProxy> Error calling http://localhost:8015/...
[2026-08-21T19:51:16.745Z] error: <httpProxy> [
  500,
  AggregateError: 
      at ignore-listed frames {
    code: 'ECONNREFUSED',
    [errors]: [ [Error], [Error] ]
  }
]
[2026-08-21T19:51:16.761Z] error: <httpProxy> Error calling http://localhost:3929/...
[2026-08-21T19:51:16.762Z] error: <httpProxy> [
  500,
  AggregateError: 
      at ignore-listed frames {
    code: 'ECONNREFUSED',
    [errors]: [ [Error], [Error] ]
  }
]
[2026-08-21T19:51:16.762Z] error: <httpProxy> Error calling http://localhost:3001/...
[2026-08-21T19:51:16.763Z] error: <httpProxy> [
  500,
  AggregateError: 
      at ignore-listed frames {
    code: 'ECONNREFUSED',
    [errors]: [ [Error], [Error] ]
  }
]
[2026-08-21T19:51:16.763Z] error: <httpProxy> Error calling http://localhost:8082/...
[2026-08-21T19:51:16.763Z] error: <httpProxy> [
  500,
  AggregateError: 
      at ignore-listed frames {
    code: 'ECONNREFUSED',
    [errors]: [ [Error], [Error] ]
  }
]
[2026-08-21T19:51:16.764Z] error: <httpProxy> Error calling http://localhost:8787/...
[2026-08-21T19:51:16.765Z] error: <httpProxy> [
  500,
  AggregateError: 
      at ignore-listed frames {
    code: 'ECONNREFUSED',
    [errors]: [ [Error], [Error] ]
  }
]
[2026-08-21T19:51:16.765Z] error: <httpProxy> Error calling http://localhost:8090/...
[2026-08-21T19:51:16.765Z] error: <httpProxy> [
  500,
  AggregateError: 
      at ignore-listed frames {
    code: 'ECONNREFUSED',
    [errors]: [ [Error], [Error] ]
  }
]
[2026-08-21T19:51:16.765Z] error: <httpProxy> Error calling http://localhost:8081/...
[2026-08-21T19:51:16.766Z] error: <httpProxy> [
  500,
  AggregateError: 
      at ignore-listed frames {
    code: 'ECONNREFUSED',
    [errors]: [ [Error], [Error] ]
  }
]
[2026-08-21T19:51:16.766Z] error: <httpProxy> Error calling http://localhost:3929/...
[2026-08-21T19:51:16.767Z] error: <httpProxy> [
  500,
  AggregateError: 
      at ignore-listed frames {
    code: 'ECONNREFUSED',
    [errors]: [ [Error], [Error] ]
  }
]
[2026-08-21T19:51:16.767Z] error: <httpProxy> Error calling http://localhost:3001/...
[2026-08-21T19:51:16.767Z] error: <httpProxy> [
  500,
  AggregateError: 
      at ignore-listed frames {
    code: 'ECONNREFUSED',
    [errors]: [ [Error], [Error] ]
  }
]
[2026-08-21T19:51:16.768Z] error: <httpProxy> Error calling http://localhost:8082/...
[2026-08-21T19:51:16.768Z] error: <httpProxy> [
  500,
  AggregateError: 
      at ignore-listed frames {
    code: 'ECONNREFUSED',
    [errors]: [ [Error], [Error] ]
  }
]
[2026-08-21T19:51:16.768Z] error: <httpProxy> Error calling http://localhost:8787/...
[2026-08-21T19:51:16.769Z] error: <httpProxy> [
  500,
  AggregateError: 
      at ignore-listed frames {
    code: 'ECONNREFUSED',
    [errors]: [ [Error], [Error] ]
  }
]
[2026-08-21T19:51:16.769Z] error: <httpProxy> Error calling http://localhost:8090/...
[2026-08-21T19:51:16.770Z] error: <httpProxy> [
  500,
  AggregateError: 
      at ignore-listed frames {
    code: 'ECONNREFUSED',
    [errors]: [ [Error], [Error] ]
  }
]
[2026-08-21T19:51:16.770Z] error: <httpProxy> Error calling http://localhost:8081/...
[2026-08-21T19:51:16.771Z] error: <httpProxy> [
  500,
  AggregateError: 
      at ignore-listed frames {
    code: 'ECONNREFUSED',
    [errors]: [ [Error], [Error] ]
  }
]
[2026-08-21T19:51:46.757Z] error: <httpProxy> Error calling http://localhost:2283/...
[2026-08-21T19:51:46.758Z] error: <httpProxy> [
  500,
  AggregateError: 
      at ignore-listed frames {
    code: 'ECONNREFUSED',
    [errors]: [ [Error], [Error] ]
  }
]
[2026-08-21T19:51:46.760Z] error: <httpProxy> Error calling http://localhost:9000/...
[2026-08-21T19:51:46.760Z] error: <httpProxy> [
  500,
  AggregateError: 
      at ignore-listed frames {
    code: 'ECONNREFUSED',
    [errors]: [ [Error], [Error] ]
  }
]
[2026-08-21T19:51:46.761Z] error: <httpProxy> Error calling http://localhost:2283/...
[2026-08-21T19:51:46.762Z] error: <httpProxy> [
  500,
  AggregateError: 
      at ignore-listed frames {
    code: 'ECONNREFUSED',
    [errors]: [ [Error], [Error] ]
  }
]
[2026-08-21T19:51:46.763Z] error: <httpProxy> Error calling http://localhost:5006/...
[2026-08-21T19:51:46.763Z] error: <httpProxy> [
  500,
  AggregateError: 
      at ignore-listed frames {
    code: 'ECONNREFUSED',
    [errors]: [ [Error], [Error] ]
  }
]
[2026-08-21T19:51:46.764Z] error: <httpProxy> Error calling http://localhost:8010/...
[2026-08-21T19:51:46.765Z] error: <httpProxy> [
  500,
  AggregateError: 
      at ignore-listed frames {
    code: 'ECONNREFUSED',
    [errors]: [ [Error], [Error] ]
  }
]
[2026-08-21T19:51:46.765Z] error: <httpProxy> Error calling http://localhost:9000/...
[2026-08-21T19:51:46.765Z] error: <httpProxy> [
  500,
  AggregateError: 
      at ignore-listed frames {
    code: 'ECONNREFUSED',
    [errors]: [ [Error], [Error] ]
  }
]
[2026-08-21T19:51:46.766Z] error: <httpProxy> Error calling http://localhost:8020/...
[2026-08-21T19:51:46.766Z] error: <httpProxy> [
  500,
  AggregateError: 
      at ignore-listed frames {
    code: 'ECONNREFUSED',
    [errors]: [ [Error], [Error] ]
  }
]
[2026-08-21T19:51:46.767Z] error: <httpProxy> Error calling http://localhost:8015/...
[2026-08-21T19:51:46.767Z] error: <httpProxy> [
  500,
  AggregateError: 
      at ignore-listed frames {
    code: 'ECONNREFUSED',
    [errors]: [ [Error], [Error] ]
  }
]
[2026-08-21T19:51:46.768Z] error: <httpProxy> Error calling http://localhost:5006/...
[2026-08-21T19:51:46.768Z] error: <httpProxy> [
  500,
  AggregateError: 
      at ignore-listed frames {
    code: 'ECONNREFUSED',
    [errors]: [ [Error], [Error] ]
  }
]
[2026-08-21T19:51:46.768Z] error: <httpProxy> Error calling http://localhost:8010/...
[2026-08-21T19:51:46.769Z] error: <httpProxy> [
  500,
  AggregateError: 
      at ignore-listed frames {
    code: 'ECONNREFUSED',
    [errors]: [ [Error], [Error] ]
  }
]
[2026-08-21T19:51:46.769Z] error: <httpProxy> Error calling http://localhost:8020/...
[2026-08-21T19:51:46.769Z] error: <httpProxy> [
  500,
  AggregateError: 
      at ignore-listed frames {
    code: 'ECONNREFUSED',
    [errors]: [ [Error], [Error] ]
  }
]
[2026-08-21T19:51:46.770Z] error: <httpProxy> Error calling http://localhost:8015/...
[2026-08-21T19:51:46.770Z] error: <httpProxy> [
  500,
  AggregateError: 
      at ignore-listed frames {
    code: 'ECONNREFUSED',
    [errors]: [ [Error], [Error] ]
  }
]
[2026-08-21T19:51:46.785Z] error: <httpProxy> Error calling http://localhost:3929/...
[2026-08-21T19:51:46.786Z] error: <httpProxy> [
  500,
  AggregateError: 
      at ignore-listed frames {
    code: 'ECONNREFUSED',
    [errors]: [ [Error], [Error] ]
  }
]
[2026-08-21T19:51:46.786Z] error: <httpProxy> Error calling http://localhost:3001/...
[2026-08-21T19:51:46.787Z] error: <httpProxy> [
  500,
  AggregateError: 
      at ignore-listed frames {
    code: 'ECONNREFUSED',
    [errors]: [ [Error], [Error] ]
  }
]
[2026-08-21T19:51:46.787Z] error: <httpProxy> Error calling http://localhost:8082/...
[2026-08-21T19:51:46.788Z] error: <httpProxy> [
  500,
  AggregateError: 
      at ignore-listed frames {
    code: 'ECONNREFUSED',
    [errors]: [ [Error], [Error] ]
  }
]
[2026-08-21T19:51:46.788Z] error: <httpProxy> Error calling http://localhost:8787/...
[2026-08-21T19:51:46.789Z] error: <httpProxy> [
  500,
  AggregateError: 
      at ignore-listed frames {
    code: 'ECONNREFUSED',
    [errors]: [ [Error], [Error] ]
  }
]
[2026-08-21T19:51:46.790Z] error: <httpProxy> Error calling http://localhost:8090/...
[2026-08-21T19:51:46.790Z] error: <httpProxy> [
  500,
  AggregateError: 
      at ignore-listed frames {
    code: 'ECONNREFUSED',
    [errors]: [ [Error], [Error] ]
  }
]
[2026-08-21T19:51:46.791Z] error: <httpProxy> Error calling http://localhost:8081/...
[2026-08-21T19:51:46.792Z] error: <httpProxy> [
  500,
  AggregateError: 
      at ignore-listed frames {
    code: 'ECONNREFUSED',
    [errors]: [ [Error], [Error] ]
  }
]
[2026-08-21T19:51:46.792Z] error: <httpProxy> Error calling http://localhost:3929/...
[2026-08-21T19:51:46.793Z] error: <httpProxy> [
  500,
  AggregateError: 
      at ignore-listed frames {
    code: 'ECONNREFUSED',
    [errors]: [ [Error], [Error] ]
  }
]
[2026-08-21T19:51:46.793Z] error: <httpProxy> Error calling http://localhost:3001/...
[2026-08-21T19:51:46.794Z] error: <httpProxy> [
  500,
  AggregateError: 
      at ignore-listed frames {
    code: 'ECONNREFUSED',
    [errors]: [ [Error], [Error] ]
  }
]
[2026-08-21T19:51:46.794Z] error: <httpProxy> Error calling http://localhost:8082/...
[2026-08-21T19:51:46.794Z] error: <httpProxy> [
  500,
  AggregateError: 
      at ignore-listed frames {
    code: 'ECONNREFUSED',
    [errors]: [ [Error], [Error] ]
  }
]
[2026-08-21T19:51:46.795Z] error: <httpProxy> Error calling http://localhost:8787/...
[2026-08-21T19:51:46.795Z] error: <httpProxy> [
  500,
  AggregateError: 
      at ignore-listed frames {
    code: 'ECONNREFUSED',
    [errors]: [ [Error], [Error] ]
  }
]
[2026-08-21T19:51:46.797Z] error: <httpProxy> Error calling http://localhost:8090/...
[2026-08-21T19:51:46.798Z] error: <httpProxy> [
  500,
  AggregateError: 
      at ignore-listed frames {
    code: 'ECONNREFUSED',
    [errors]: [ [Error], [Error] ]
  }
]
[2026-08-21T19:51:46.799Z] error: <httpProxy> Error calling http://localhost:8081/...
[2026-08-21T19:51:46.800Z] error: <httpProxy> [
  500,
  AggregateError: 
      at ignore-listed frames {
    code: 'ECONNREFUSED',
    [errors]: [ [Error], [Error] ]
  }
]
[2026-08-21T19:52:16.775Z] error: <httpProxy> Error calling http://localhost:2283/...
[2026-08-21T19:52:16.776Z] error: <httpProxy> [
  500,
  AggregateError: 
      at ignore-listed frames {
    code: 'ECONNREFUSED',
    [errors]: [ [Error], [Error] ]
  }
]
[2026-08-21T19:52:16.779Z] error: <httpProxy> Error calling http://localhost:9000/...
[2026-08-21T19:52:16.780Z] error: <httpProxy> [
  500,
  AggregateError: 
      at ignore-listed frames {
    code: 'ECONNREFUSED',
    [errors]: [ [Error], [Error] ]
  }
]
[2026-08-21T19:52:16.780Z] error: <httpProxy> Error calling http://localhost:2283/...
[2026-08-21T19:52:16.781Z] error: <httpProxy> [
  500,
  AggregateError: 
      at ignore-listed frames {
    code: 'ECONNREFUSED',
    [errors]: [ [Error], [Error] ]
  }
]
[2026-08-21T19:52:16.782Z] error: <httpProxy> Error calling http://localhost:5006/...
[2026-08-21T19:52:16.783Z] error: <httpProxy> [
  500,
  AggregateError: 
      at ignore-listed frames {
    code: 'ECONNREFUSED',
    [errors]: [ [Error], [Error] ]
  }
]
[2026-08-21T19:52:16.783Z] error: <httpProxy> Error calling http://localhost:9000/...
[2026-08-21T19:52:16.783Z] error: <httpProxy> [
  500,
  AggregateError: 
      at ignore-listed frames {
    code: 'ECONNREFUSED',
    [errors]: [ [Error], [Error] ]
  }
]
[2026-08-21T19:52:16.784Z] error: <httpProxy> Error calling http://localhost:8010/...
[2026-08-21T19:52:16.785Z] error: <httpProxy> [
  500,
  AggregateError: 
      at ignore-listed frames {
    code: 'ECONNREFUSED',
    [errors]: [ [Error], [Error] ]
  }
]
[2026-08-21T19:52:16.786Z] error: <httpProxy> Error calling http://localhost:8020/...
[2026-08-21T19:52:16.786Z] error: <httpProxy> [
  500,
  AggregateError: 
      at ignore-listed frames {
    code: 'ECONNREFUSED',
    [errors]: [ [Error], [Error] ]
  }
]
[2026-08-21T19:52:16.786Z] error: <httpProxy> Error calling http://localhost:5006/...
[2026-08-21T19:52:16.787Z] error: <httpProxy> [
  500,
  AggregateError: 
      at ignore-listed frames {
    code: 'ECONNREFUSED',
    [errors]: [ [Error], [Error] ]
  }
]
[2026-08-21T19:52:16.788Z] error: <httpProxy> Error calling http://localhost:8015/...
[2026-08-21T19:52:16.788Z] error: <httpProxy> [
  500,
  AggregateError: 
      at ignore-listed frames {
    code: 'ECONNREFUSED',
    [errors]: [ [Error], [Error] ]
  }
]
[2026-08-21T19:52:16.788Z] error: <httpProxy> Error calling http://localhost:8010/...
[2026-08-21T19:52:16.789Z] error: <httpProxy> [
  500,
  AggregateError: 
      at ignore-listed frames {
    code: 'ECONNREFUSED',
    [errors]: [ [Error], [Error] ]
  }
]
[2026-08-21T19:52:16.789Z] error: <httpProxy> Error calling http://localhost:8020/...
[2026-08-21T19:52:16.790Z] error: <httpProxy> [
  500,
  AggregateError: 
      at ignore-listed frames {
    code: 'ECONNREFUSED',
    [errors]: [ [Error], [Error] ]
  }
]
[2026-08-21T19:52:16.790Z] error: <httpProxy> Error calling http://localhost:8015/...
[2026-08-21T19:52:16.791Z] error: <httpProxy> [
  500,
  AggregateError: 
      at ignore-listed frames {
    code: 'ECONNREFUSED',
    [errors]: [ [Error], [Error] ]
  }
]
[2026-08-21T19:52:16.814Z] error: <httpProxy> Error calling http://localhost:3929/...
[2026-08-21T19:52:16.814Z] error: <httpProxy> [
  500,
  AggregateError: 
      at ignore-listed frames {
    code: 'ECONNREFUSED',
    [errors]: [ [Error], [Error] ]
  }
]
[2026-08-21T19:52:16.814Z] error: <httpProxy> Error calling http://localhost:3001/...
[2026-08-21T19:52:16.815Z] error: <httpProxy> [
  500,
  AggregateError: 
      at ignore-listed frames {
    code: 'ECONNREFUSED',
    [errors]: [ [Error], [Error] ]
  }
]
[2026-08-21T19:52:16.815Z] error: <httpProxy> Error calling http://localhost:8082/...
[2026-08-21T19:52:16.815Z] error: <httpProxy> [
  500,
  AggregateError: 
      at ignore-listed frames {
    code: 'ECONNREFUSED',
    [errors]: [ [Error], [Error] ]
  }
]
[2026-08-21T19:52:16.815Z] error: <httpProxy> Error calling http://localhost:8787/...
[2026-08-21T19:52:16.816Z] error: <httpProxy> [
  500,
  AggregateError: 
      at ignore-listed frames {
    code: 'ECONNREFUSED',
    [errors]: [ [Error], [Error] ]
  }
]
[2026-08-21T19:52:16.816Z] error: <httpProxy> Error calling http://localhost:8090/...
[2026-08-21T19:52:16.816Z] error: <httpProxy> [
  500,
  AggregateError: 
      at ignore-listed frames {
    code: 'ECONNREFUSED',
    [errors]: [ [Error], [Error] ]
  }
]
[2026-08-21T19:52:16.817Z] error: <httpProxy> Error calling http://localhost:8081/...
[2026-08-21T19:52:16.818Z] error: <httpProxy> [
  500,
  AggregateError: 
      at ignore-listed frames {
    code: 'ECONNREFUSED',
    [errors]: [ [Error], [Error] ]
  }
]
[2026-08-21T19:52:16.818Z] error: <httpProxy> Error calling http://localhost:3929/...
[2026-08-21T19:52:16.819Z] error: <httpProxy> [
  500,
  AggregateError: 
      at ignore-listed frames {
    code: 'ECONNREFUSED',
    [errors]: [ [Error], [Error] ]
  }
]
[2026-08-21T19:52:16.819Z] error: <httpProxy> Error calling http://localhost:3001/...
[2026-08-21T19:52:16.819Z] error: <httpProxy> [
  500,
  AggregateError: 
      at ignore-listed frames {
    code: 'ECONNREFUSED',
    [errors]: [ [Error], [Error] ]
  }
]
[2026-08-21T19:52:16.819Z] error: <httpProxy> Error calling http://localhost:8082/...
[2026-08-21T19:52:16.820Z] error: <httpProxy> [
  500,
  AggregateError: 
      at ignore-listed frames {
    code: 'ECONNREFUSED',
    [errors]: [ [Error], [Error] ]
  }
]
[2026-08-21T19:52:16.820Z] error: <httpProxy> Error calling http://localhost:8787/...
[2026-08-21T19:52:16.820Z] error: <httpProxy> [
  500,
  AggregateError: 
      at ignore-listed frames {
    code: 'ECONNREFUSED',
    [errors]: [ [Error], [Error] ]
  }
]
[2026-08-21T19:52:16.820Z] error: <httpProxy> Error calling http://localhost:8090/...
[2026-08-21T19:52:16.821Z] error: <httpProxy> [
  500,
  AggregateError: 
      at ignore-listed frames {
    code: 'ECONNREFUSED',
    [errors]: [ [Error], [Error] ]
  }
]
[2026-08-21T19:52:16.821Z] error: <httpProxy> Error calling http://localhost:8081/...
[2026-08-21T19:52:16.821Z] error: <httpProxy> [
  500,
  AggregateError: 
      at ignore-listed frames {
    code: 'ECONNREFUSED',
    [errors]: [ [Error], [Error] ]
  }
]
[2026-08-21T19:52:34.083Z] error: <httpProxy> Error calling http://localhost:8010/...
[2026-08-21T19:52:34.084Z] error: <httpProxy> [
  500,
  AggregateError: 
      at ignore-listed frames {
    code: 'ECONNREFUSED',
    [errors]: [ [Error], [Error] ]
  }
]
[2026-08-21T19:52:34.087Z] error: <httpProxy> Error calling http://localhost:8010/...
[2026-08-21T19:52:34.087Z] error: <httpProxy> [
  500,
  AggregateError: 
      at ignore-listed frames {
    code: 'ECONNREFUSED',
    [errors]: [ [Error], [Error] ]
  }
]
[2026-08-21T19:52:34.088Z] error: <httpProxy> Error calling http://localhost:2283/...
[2026-08-21T19:52:34.088Z] error: <httpProxy> [
  500,
  AggregateError: 
      at ignore-listed frames {
    code: 'ECONNREFUSED',
    [errors]: [ [Error], [Error] ]
  }
]
[2026-08-21T19:52:34.090Z] error: <httpProxy> Error calling http://localhost:9000/...
[2026-08-21T19:52:34.091Z] error: <httpProxy> [
  500,
  AggregateError: 
      at ignore-listed frames {
    code: 'ECONNREFUSED',
    [errors]: [ [Error], [Error] ]
  }
]
[2026-08-21T19:52:34.091Z] error: <httpProxy> Error calling http://localhost:5006/...
[2026-08-21T19:52:34.091Z] error: <httpProxy> [
  500,
  AggregateError: 
      at ignore-listed frames {
    code: 'ECONNREFUSED',
    [errors]: [ [Error], [Error] ]
  }
]
[2026-08-21T19:52:34.093Z] error: <httpProxy> Error calling http://localhost:8020/...
[2026-08-21T19:52:34.093Z] error: <httpProxy> [
  500,
  AggregateError: 
      at ignore-listed frames {
    code: 'ECONNREFUSED',
    [errors]: [ [Error], [Error] ]
  }
]
[2026-08-21T19:52:34.094Z] error: <httpProxy> Error calling http://localhost:2283/...
[2026-08-21T19:52:34.094Z] error: <httpProxy> [
  500,
  AggregateError: 
      at ignore-listed frames {
    code: 'ECONNREFUSED',
    [errors]: [ [Error], [Error] ]
  }
]
[2026-08-21T19:52:34.095Z] error: <httpProxy> Error calling http://localhost:9000/...
[2026-08-21T19:52:34.095Z] error: <httpProxy> [
  500,
  AggregateError: 
      at ignore-listed frames {
    code: 'ECONNREFUSED',
    [errors]: [ [Error], [Error] ]
  }
]
[2026-08-21T19:52:34.095Z] error: <httpProxy> Error calling http://localhost:5006/...
[2026-08-21T19:52:34.096Z] error: <httpProxy> [
  500,
  AggregateError: 
      at ignore-listed frames {
    code: 'ECONNREFUSED',
    [errors]: [ [Error], [Error] ]
  }
]
[2026-08-21T19:52:34.100Z] error: <httpProxy> Error calling http://localhost:8020/...
[2026-08-21T19:52:34.101Z] error: <httpProxy> [
  500,
  AggregateError: 
      at ignore-listed frames {
    code: 'ECONNREFUSED',
    [errors]: [ [Error], [Error] ]
  }
]
[2026-08-21T19:52:34.103Z] error: <httpProxy> Error calling http://localhost:8015/...
[2026-08-21T19:52:34.104Z] error: <httpProxy> [
  500,
  AggregateError: 
      at ignore-listed frames {
    code: 'ECONNREFUSED',
    [errors]: [ [Error], [Error] ]
  }
]
[2026-08-21T19:52:34.106Z] error: <httpProxy> Error calling http://localhost:3929/...
[2026-08-21T19:52:34.106Z] error: <httpProxy> [
  500,
  AggregateError: 
      at ignore-listed frames {
    code: 'ECONNREFUSED',
    [errors]: [ [Error], [Error] ]
  }
]
[2026-08-21T19:52:34.107Z] error: <httpProxy> Error calling http://localhost:8015/...
[2026-08-21T19:52:34.107Z] error: <httpProxy> [
  500,
  AggregateError: 
      at ignore-listed frames {
    code: 'ECONNREFUSED',
    [errors]: [ [Error], [Error] ]
  }
]
[2026-08-21T19:52:34.108Z] error: <httpProxy> Error calling http://localhost:3001/...
[2026-08-21T19:52:34.108Z] error: <httpProxy> [
  500,
  AggregateError: 
      at ignore-listed frames {
    code: 'ECONNREFUSED',
    [errors]: [ [Error], [Error] ]
  }
]
[2026-08-21T19:52:34.108Z] error: <httpProxy> Error calling http://localhost:8082/...
[2026-08-21T19:52:34.109Z] error: <httpProxy> [
  500,
  AggregateError: 
      at ignore-listed frames {
    code: 'ECONNREFUSED',
    [errors]: [ [Error], [Error] ]
  }
]
[2026-08-21T19:52:34.109Z] error: <httpProxy> Error calling http://localhost:8787/...
[2026-08-21T19:52:34.109Z] error: <httpProxy> [
  500,
  AggregateError: 
      at ignore-listed frames {
    code: 'ECONNREFUSED',
    [errors]: [ [Error], [Error] ]
  }
]
[2026-08-21T19:52:34.109Z] error: <httpProxy> Error calling http://localhost:3929/...
[2026-08-21T19:52:34.110Z] error: <httpProxy> [
  500,
  AggregateError: 
      at ignore-listed frames {
    code: 'ECONNREFUSED',
    [errors]: [ [Error], [Error] ]
  }
]
[2026-08-21T19:52:34.112Z] error: <httpProxy> Error calling http://localhost:8090/...
[2026-08-21T19:52:34.112Z] error: <httpProxy> [
  500,
  AggregateError: 
      at ignore-listed frames {
    code: 'ECONNREFUSED',
    [errors]: [ [Error], [Error] ]
  }
]
[2026-08-21T19:52:34.112Z] error: <httpProxy> Error calling http://localhost:3001/...
[2026-08-21T19:52:34.113Z] error: <httpProxy> [
  500,
  AggregateError: 
      at ignore-listed frames {
    code: 'ECONNREFUSED',
    [errors]: [ [Error], [Error] ]
  }
]
[2026-08-21T19:52:34.113Z] error: <httpProxy> Error calling http://localhost:8082/...
[2026-08-21T19:52:34.113Z] error: <httpProxy> [
  500,
  AggregateError: 
      at ignore-listed frames {
    code: 'ECONNREFUSED',
    [errors]: [ [Error], [Error] ]
  }
]
[2026-08-21T19:52:34.113Z] error: <httpProxy> Error calling http://localhost:8787/...
[2026-08-21T19:52:34.114Z] error: <httpProxy> [
  500,
  AggregateError: 
      at ignore-listed frames {
    code: 'ECONNREFUSED',
    [errors]: [ [Error], [Error] ]
  }
]
[2026-08-21T19:52:34.115Z] error: <httpProxy> Error calling http://localhost:8090/...
[2026-08-21T19:52:34.115Z] error: <httpProxy> [
  500,
  AggregateError: 
      at ignore-listed frames {
    code: 'ECONNREFUSED',
    [errors]: [ [Error], [Error] ]
  }
]
[2026-08-21T19:52:34.116Z] error: <httpProxy> Error calling http://localhost:8081/...
[2026-08-21T19:52:34.116Z] error: <httpProxy> [
  500,
  AggregateError: 
      at ignore-listed frames {
    code: 'ECONNREFUSED',
    [errors]: [ [Error], [Error] ]
  }
]
[2026-08-21T19:52:34.116Z] error: <httpProxy> Error calling http://localhost:8081/...
[2026-08-21T19:52:34.117Z] error: <httpProxy> [
  500,
  AggregateError: 
      at ignore-listed frames {
    code: 'ECONNREFUSED',
    [errors]: [ [Error], [Error] ]
  }
]
[2026-08-21T19:52:45.254Z] error: <httpProxy> Error calling http://localhost:8010/...
[2026-08-21T19:52:45.254Z] error: <httpProxy> [
  500,
  AggregateError: 
      at ignore-listed frames {
    code: 'ECONNREFUSED',
    [errors]: [ [Error], [Error] ]
  }
]
[2026-08-21T19:52:45.258Z] error: <httpProxy> Error calling http://localhost:9000/...
[2026-08-21T19:52:45.259Z] error: <httpProxy> [
  500,
  AggregateError: 
      at ignore-listed frames {
    code: 'ECONNREFUSED',
    [errors]: [ [Error], [Error] ]
  }
]
[2026-08-21T19:52:45.259Z] error: <httpProxy> Error calling http://localhost:8010/...
[2026-08-21T19:52:45.260Z] error: <httpProxy> [
  500,
  AggregateError: 
      at ignore-listed frames {
    code: 'ECONNREFUSED',
    [errors]: [ [Error], [Error] ]
  }
]
[2026-08-21T19:52:45.260Z] error: <httpProxy> Error calling http://localhost:2283/...
[2026-08-21T19:52:45.261Z] error: <httpProxy> [
  500,
  AggregateError: 
      at ignore-listed frames {
    code: 'ECONNREFUSED',
    [errors]: [ [Error], [Error] ]
  }
]
[2026-08-21T19:52:45.264Z] error: <httpProxy> Error calling http://localhost:9000/...
[2026-08-21T19:52:45.265Z] error: <httpProxy> [
  500,
  AggregateError: 
      at ignore-listed frames {
    code: 'ECONNREFUSED',
    [errors]: [ [Error], [Error] ]
  }
]
[2026-08-21T19:52:45.265Z] error: <httpProxy> Error calling http://localhost:5006/...
[2026-08-21T19:52:45.265Z] error: <httpProxy> [
  500,
  AggregateError: 
      at ignore-listed frames {
    code: 'ECONNREFUSED',
    [errors]: [ [Error], [Error] ]
  }
]
[2026-08-21T19:52:45.266Z] error: <httpProxy> Error calling http://localhost:2283/...
[2026-08-21T19:52:45.266Z] error: <httpProxy> [
  500,
  AggregateError: 
      at ignore-listed frames {
    code: 'ECONNREFUSED',
    [errors]: [ [Error], [Error] ]
  }
]
[2026-08-21T19:52:45.269Z] error: <httpProxy> Error calling http://localhost:8020/...
[2026-08-21T19:52:45.270Z] error: <httpProxy> [
  500,
  AggregateError: 
      at ignore-listed frames {
    code: 'ECONNREFUSED',
    [errors]: [ [Error], [Error] ]
  }
]
[2026-08-21T19:52:45.271Z] error: <httpProxy> Error calling http://localhost:8015/...
[2026-08-21T19:52:45.271Z] error: <httpProxy> [
  500,
  AggregateError: 
      at ignore-listed frames {
    code: 'ECONNREFUSED',
    [errors]: [ [Error], [Error] ]
  }
]
[2026-08-21T19:52:45.272Z] error: <httpProxy> Error calling http://localhost:5006/...
[2026-08-21T19:52:45.272Z] error: <httpProxy> [
  500,
  AggregateError: 
      at ignore-listed frames {
    code: 'ECONNREFUSED',
    [errors]: [ [Error], [Error] ]
  }
]
[2026-08-21T19:52:45.272Z] error: <httpProxy> Error calling http://localhost:8020/...
[2026-08-21T19:52:45.273Z] error: <httpProxy> [
  500,
  AggregateError: 
      at ignore-listed frames {
    code: 'ECONNREFUSED',
    [errors]: [ [Error], [Error] ]
  }
]
[2026-08-21T19:52:45.275Z] error: <httpProxy> Error calling http://localhost:3929/...
[2026-08-21T19:52:45.276Z] error: <httpProxy> [
  500,
  AggregateError: 
      at ignore-listed frames {
    code: 'ECONNREFUSED',
    [errors]: [ [Error], [Error] ]
  }
]
[2026-08-21T19:52:45.276Z] error: <httpProxy> Error calling http://localhost:8015/...
[2026-08-21T19:52:45.276Z] error: <httpProxy> [
  500,
  AggregateError: 
      at ignore-listed frames {
    code: 'ECONNREFUSED',
    [errors]: [ [Error], [Error] ]
  }
]
[2026-08-21T19:52:45.280Z] error: <httpProxy> Error calling http://localhost:3001/...
[2026-08-21T19:52:45.281Z] error: <httpProxy> [
  500,
  AggregateError: 
      at ignore-listed frames {
    code: 'ECONNREFUSED',
    [errors]: [ [Error], [Error] ]
  }
]
[2026-08-21T19:52:45.281Z] error: <httpProxy> Error calling http://localhost:8082/...
[2026-08-21T19:52:45.281Z] error: <httpProxy> [
  500,
  AggregateError: 
      at ignore-listed frames {
    code: 'ECONNREFUSED',
    [errors]: [ [Error], [Error] ]
  }
]
[2026-08-21T19:52:45.282Z] error: <httpProxy> Error calling http://localhost:3929/...
[2026-08-21T19:52:45.282Z] error: <httpProxy> [
  500,
  AggregateError: 
      at ignore-listed frames {
    code: 'ECONNREFUSED',
    [errors]: [ [Error], [Error] ]
  }
]
[2026-08-21T19:52:45.284Z] error: <httpProxy> Error calling http://localhost:3001/...
[2026-08-21T19:52:45.284Z] error: <httpProxy> [
  500,
  AggregateError: 
      at ignore-listed frames {
    code: 'ECONNREFUSED',
    [errors]: [ [Error], [Error] ]
  }
]
[2026-08-21T19:52:45.285Z] error: <httpProxy> Error calling http://localhost:8082/...
[2026-08-21T19:52:45.285Z] error: <httpProxy> [
  500,
  AggregateError: 
      at ignore-listed frames {
    code: 'ECONNREFUSED',
    [errors]: [ [Error], [Error] ]
  }
]
[2026-08-21T19:52:45.286Z] error: <httpProxy> Error calling http://localhost:8787/...
[2026-08-21T19:52:45.286Z] error: <httpProxy> [
  500,
  AggregateError: 
      at ignore-listed frames {
    code: 'ECONNREFUSED',
    [errors]: [ [Error], [Error] ]
  }
]
[2026-08-21T19:52:45.287Z] error: <httpProxy> Error calling http://localhost:8090/...
[2026-08-21T19:52:45.287Z] error: <httpProxy> [
  500,
  AggregateError: 
      at ignore-listed frames {
    code: 'ECONNREFUSED',
    [errors]: [ [Error], [Error] ]
  }
]
[2026-08-21T19:52:45.287Z] error: <httpProxy> Error calling http://localhost:8081/...
[2026-08-21T19:52:45.288Z] error: <httpProxy> [
  500,
  AggregateError: 
      at ignore-listed frames {
    code: 'ECONNREFUSED',
    [errors]: [ [Error], [Error] ]
  }
]
[2026-08-21T19:52:45.288Z] error: <httpProxy> Error calling http://localhost:8787/...
[2026-08-21T19:52:45.288Z] error: <httpProxy> [
  500,
  AggregateError: 
      at ignore-listed frames {
    code: 'ECONNREFUSED',
    [errors]: [ [Error], [Error] ]
  }
]
[2026-08-21T19:52:45.289Z] error: <httpProxy> Error calling http://localhost:8090/...
[2026-08-21T19:52:45.289Z] error: <httpProxy> [
  500,
  AggregateError: 
      at ignore-listed frames {
    code: 'ECONNREFUSED',
    [errors]: [ [Error], [Error] ]
  }
]
[2026-08-21T19:52:45.290Z] error: <httpProxy> Error calling http://localhost:8081/...
[2026-08-21T19:52:45.290Z] error: <httpProxy> [
  500,
  AggregateError: 
      at ignore-listed frames {
    code: 'ECONNREFUSED',
    [errors]: [ [Error], [Error] ]
  }
]
[2026-08-21T19:52:55.431Z] error: <httpProxy> Error calling http://localhost:2283/...
[2026-08-21T19:52:55.431Z] error: <httpProxy> [
  500,
  AggregateError: 
      at ignore-listed frames {
    code: 'ECONNREFUSED',
    [errors]: [ [Error], [Error] ]
  }
]
[2026-08-21T19:52:55.431Z] error: <httpProxy> Error calling http://localhost:9000/...
[2026-08-21T19:52:55.432Z] error: <httpProxy> [
  500,
  AggregateError: 
      at ignore-listed frames {
    code: 'ECONNREFUSED',
    [errors]: [ [Error], [Error] ]
  }
]
[2026-08-21T19:52:55.432Z] error: <httpProxy> Error calling http://localhost:5006/...
[2026-08-21T19:52:55.432Z] error: <httpProxy> [
  500,
  AggregateError: 
      at ignore-listed frames {
    code: 'ECONNREFUSED',
    [errors]: [ [Error], [Error] ]
  }
]
[2026-08-21T19:52:55.433Z] error: <httpProxy> Error calling http://localhost:8010/...
[2026-08-21T19:52:55.433Z] error: <httpProxy> [
  500,
  AggregateError: 
      at ignore-listed frames {
    code: 'ECONNREFUSED',
    [errors]: [ [Error], [Error] ]
  }
]
[2026-08-21T19:52:55.434Z] error: <httpProxy> Error calling http://localhost:2283/...
[2026-08-21T19:52:55.435Z] error: <httpProxy> [
  500,
  AggregateError: 
      at ignore-listed frames {
    code: 'ECONNREFUSED',
    [errors]: [ [Error], [Error] ]
  }
]
[2026-08-21T19:52:55.435Z] error: <httpProxy> Error calling http://localhost:9000/...
[2026-08-21T19:52:55.435Z] error: <httpProxy> [
  500,
  AggregateError: 
      at ignore-listed frames {
    code: 'ECONNREFUSED',
    [errors]: [ [Error], [Error] ]
  }
]
[2026-08-21T19:52:55.436Z] error: <httpProxy> Error calling http://localhost:5006/...
[2026-08-21T19:52:55.436Z] error: <httpProxy> [
  500,
  AggregateError: 
      at ignore-listed frames {
    code: 'ECONNREFUSED',
    [errors]: [ [Error], [Error] ]
  }
]
[2026-08-21T19:52:55.440Z] error: <httpProxy> Error calling http://localhost:8020/...
[2026-08-21T19:52:55.440Z] error: <httpProxy> [
  500,
  AggregateError: 
      at ignore-listed frames {
    code: 'ECONNREFUSED',
    [errors]: [ [Error], [Error] ]
  }
]
[2026-08-21T19:52:55.441Z] error: <httpProxy> Error calling http://localhost:8010/...
[2026-08-21T19:52:55.441Z] error: <httpProxy> [
  500,
  AggregateError: 
      at ignore-listed frames {
    code: 'ECONNREFUSED',
    [errors]: [ [Error], [Error] ]
  }
]
[2026-08-21T19:52:55.443Z] error: <httpProxy> Error calling http://localhost:8015/...
[2026-08-21T19:52:55.444Z] error: <httpProxy> [
  500,
  AggregateError: 
      at ignore-listed frames {
    code: 'ECONNREFUSED',
    [errors]: [ [Error], [Error] ]
  }
]
[2026-08-21T19:52:55.444Z] error: <httpProxy> Error calling http://localhost:8020/...
[2026-08-21T19:52:55.445Z] error: <httpProxy> [
  500,
  AggregateError: 
      at ignore-listed frames {
    code: 'ECONNREFUSED',
    [errors]: [ [Error], [Error] ]
  }
]
[2026-08-21T19:52:55.446Z] error: <httpProxy> Error calling http://localhost:8015/...
[2026-08-21T19:52:55.447Z] error: <httpProxy> [
  500,
  AggregateError: 
      at ignore-listed frames {
    code: 'ECONNREFUSED',
    [errors]: [ [Error], [Error] ]
  }
]
[2026-08-21T19:52:55.450Z] error: <httpProxy> Error calling http://localhost:3929/...
[2026-08-21T19:52:55.451Z] error: <httpProxy> [
  500,
  AggregateError: 
      at ignore-listed frames {
    code: 'ECONNREFUSED',
    [errors]: [ [Error], [Error] ]
  }
]
[2026-08-21T19:52:55.451Z] error: <httpProxy> Error calling http://localhost:3001/...
[2026-08-21T19:52:55.451Z] error: <httpProxy> [
  500,
  AggregateError: 
      at ignore-listed frames {
    code: 'ECONNREFUSED',
    [errors]: [ [Error], [Error] ]
  }
]
[2026-08-21T19:52:55.452Z] error: <httpProxy> Error calling http://localhost:8082/...
[2026-08-21T19:52:55.452Z] error: <httpProxy> [
  500,
  AggregateError: 
      at ignore-listed frames {
    code: 'ECONNREFUSED',
    [errors]: [ [Error], [Error] ]
  }
]
[2026-08-21T19:52:55.453Z] error: <httpProxy> Error calling http://localhost:8787/...
[2026-08-21T19:52:55.453Z] error: <httpProxy> [
  500,
  AggregateError: 
      at ignore-listed frames {
    code: 'ECONNREFUSED',
    [errors]: [ [Error], [Error] ]
  }
]
[2026-08-21T19:52:55.454Z] error: <httpProxy> Error calling http://localhost:3929/...
[2026-08-21T19:52:55.455Z] error: <httpProxy> [
  500,
  AggregateError: 
      at ignore-listed frames {
    code: 'ECONNREFUSED',
    [errors]: [ [Error], [Error] ]
  }
]
[2026-08-21T19:52:55.455Z] error: <httpProxy> Error calling http://localhost:3001/...
[2026-08-21T19:52:55.455Z] error: <httpProxy> [
  500,
  AggregateError: 
      at ignore-listed frames {
    code: 'ECONNREFUSED',
    [errors]: [ [Error], [Error] ]
  }
]
[2026-08-21T19:52:55.456Z] error: <httpProxy> Error calling http://localhost:8082/...
[2026-08-21T19:52:55.456Z] error: <httpProxy> [
  500,
  AggregateError: 
      at ignore-listed frames {
    code: 'ECONNREFUSED',
    [errors]: [ [Error], [Error] ]
  }
]
[2026-08-21T19:52:55.456Z] error: <httpProxy> Error calling http://localhost:8787/...
[2026-08-21T19:52:55.457Z] error: <httpProxy> [
  500,
  AggregateError: 
      at ignore-listed frames {
    code: 'ECONNREFUSED',
    [errors]: [ [Error], [Error] ]
  }
]
[2026-08-21T19:52:55.458Z] error: <httpProxy> Error calling http://localhost:8090/...
[2026-08-21T19:52:55.458Z] error: <httpProxy> [
  500,
  AggregateError: 
      at ignore-listed frames {
    code: 'ECONNREFUSED',
    [errors]: [ [Error], [Error] ]
  }
]
[2026-08-21T19:52:55.458Z] error: <httpProxy> Error calling http://localhost:8081/...
[2026-08-21T19:52:55.459Z] error: <httpProxy> [
  500,
  AggregateError: 
      at ignore-listed frames {
    code: 'ECONNREFUSED',
    [errors]: [ [Error], [Error] ]
  }
]
[2026-08-21T19:52:55.459Z] error: <httpProxy> Error calling http://localhost:8090/...
[2026-08-21T19:52:55.459Z] error: <httpProxy> [
  500,
  AggregateError: 
      at ignore-listed frames {
    code: 'ECONNREFUSED',
    [errors]: [ [Error], [Error] ]
  }
]
[2026-08-21T19:52:55.460Z] error: <httpProxy> Error calling http://localhost:8081/...
[2026-08-21T19:52:55.460Z] error: <httpProxy> [
  500,
  AggregateError: 
      at ignore-listed frames {
    code: 'ECONNREFUSED',
    [errors]: [ [Error], [Error] ]
  }
]
[2026-08-21T19:54:04.036Z] error: <httpProxy> Error calling http://localhost:2283/...
[2026-08-21T19:54:04.037Z] error: <httpProxy> [
  500,
  AggregateError: 
      at ignore-listed frames {
    code: 'ECONNREFUSED',
    [errors]: [ [Error], [Error] ]
  }
]
[2026-08-21T19:54:04.039Z] error: <httpProxy> Error calling http://localhost:9000/...
[2026-08-21T19:54:04.039Z] error: <httpProxy> [
  500,
  AggregateError: 
      at ignore-listed frames {
    code: 'ECONNREFUSED',
    [errors]: [ [Error], [Error] ]
  }
]
[2026-08-21T19:54:04.040Z] error: <httpProxy> Error calling http://localhost:5006/...
[2026-08-21T19:54:04.040Z] error: <httpProxy> [
  500,
  AggregateError: 
      at ignore-listed frames {
    code: 'ECONNREFUSED',
    [errors]: [ [Error], [Error] ]
  }
]
[2026-08-21T19:54:04.041Z] error: <httpProxy> Error calling http://localhost:8010/...
[2026-08-21T19:54:04.041Z] error: <httpProxy> [
  500,
  AggregateError: 
      at ignore-listed frames {
    code: 'ECONNREFUSED',
    [errors]: [ [Error], [Error] ]
  }
]
[2026-08-21T19:54:04.042Z] error: <httpProxy> Error calling http://localhost:2283/...
[2026-08-21T19:54:04.042Z] error: <httpProxy> [
  500,
  AggregateError: 
      at ignore-listed frames {
    code: 'ECONNREFUSED',
    [errors]: [ [Error], [Error] ]
  }
]
[2026-08-21T19:54:04.043Z] error: <httpProxy> Error calling http://localhost:8020/...
[2026-08-21T19:54:04.044Z] error: <httpProxy> [
  500,
  AggregateError: 
      at ignore-listed frames {
    code: 'ECONNREFUSED',
    [errors]: [ [Error], [Error] ]
  }
]
[2026-08-21T19:54:04.044Z] error: <httpProxy> Error calling http://localhost:9000/...
[2026-08-21T19:54:04.045Z] error: <httpProxy> [
  500,
  AggregateError: 
      at ignore-listed frames {
    code: 'ECONNREFUSED',
    [errors]: [ [Error], [Error] ]
  }
]
[2026-08-21T19:54:04.045Z] error: <httpProxy> Error calling http://localhost:5006/...
[2026-08-21T19:54:04.045Z] error: <httpProxy> [
  500,
  AggregateError: 
      at ignore-listed frames {
    code: 'ECONNREFUSED',
    [errors]: [ [Error], [Error] ]
  }
]
[2026-08-21T19:54:04.048Z] error: <httpProxy> Error calling http://localhost:8010/...
[2026-08-21T19:54:04.049Z] error: <httpProxy> [
  500,
  AggregateError: 
      at ignore-listed frames {
    code: 'ECONNREFUSED',
    [errors]: [ [Error], [Error] ]
  }
]
[2026-08-21T19:54:04.051Z] error: <httpProxy> Error calling http://localhost:8020/...
[2026-08-21T19:54:04.051Z] error: <httpProxy> [
  500,
  AggregateError: 
      at ignore-listed frames {
    code: 'ECONNREFUSED',
    [errors]: [ [Error], [Error] ]
  }
]
[2026-08-21T19:54:04.052Z] error: <httpProxy> Error calling http://localhost:8015/...
[2026-08-21T19:54:04.052Z] error: <httpProxy> [
  500,
  AggregateError: 
      at ignore-listed frames {
    code: 'ECONNREFUSED',
    [errors]: [ [Error], [Error] ]
  }
]
[2026-08-21T19:54:04.055Z] error: <httpProxy> Error calling http://localhost:3929/...
[2026-08-21T19:54:04.056Z] error: <httpProxy> [
  500,
  AggregateError: 
      at ignore-listed frames {
    code: 'ECONNREFUSED',
    [errors]: [ [Error], [Error] ]
  }
]
[2026-08-21T19:54:04.056Z] error: <httpProxy> Error calling http://localhost:8015/...
[2026-08-21T19:54:04.057Z] error: <httpProxy> [
  500,
  AggregateError: 
      at ignore-listed frames {
    code: 'ECONNREFUSED',
    [errors]: [ [Error], [Error] ]
  }
]
[2026-08-21T19:54:04.057Z] error: <httpProxy> Error calling http://localhost:3001/...
[2026-08-21T19:54:04.057Z] error: <httpProxy> [
  500,
  AggregateError: 
      at ignore-listed frames {
    code: 'ECONNREFUSED',
    [errors]: [ [Error], [Error] ]
  }
]
[2026-08-21T19:54:04.058Z] error: <httpProxy> Error calling http://localhost:8082/...
[2026-08-21T19:54:04.058Z] error: <httpProxy> [
  500,
  AggregateError: 
      at ignore-listed frames {
    code: 'ECONNREFUSED',
    [errors]: [ [Error], [Error] ]
  }
]
[2026-08-21T19:54:04.062Z] error: <httpProxy> Error calling http://localhost:8787/...
[2026-08-21T19:54:04.063Z] error: <httpProxy> [
  500,
  AggregateError: 
      at ignore-listed frames {
    code: 'ECONNREFUSED',
    [errors]: [ [Error], [Error] ]
  }
]
[2026-08-21T19:54:04.064Z] error: <httpProxy> Error calling http://localhost:3929/...
[2026-08-21T19:54:04.064Z] error: <httpProxy> [
  500,
  AggregateError: 
      at ignore-listed frames {
    code: 'ECONNREFUSED',
    [errors]: [ [Error], [Error] ]
  }
]
[2026-08-21T19:54:04.065Z] error: <httpProxy> Error calling http://localhost:3001/...
[2026-08-21T19:54:04.065Z] error: <httpProxy> [
  500,
  AggregateError: 
      at ignore-listed frames {
    code: 'ECONNREFUSED',
    [errors]: [ [Error], [Error] ]
  }
]
[2026-08-21T19:54:04.066Z] error: <httpProxy> Error calling http://localhost:8082/...
[2026-08-21T19:54:04.066Z] error: <httpProxy> [
  500,
  AggregateError: 
      at ignore-listed frames {
    code: 'ECONNREFUSED',
    [errors]: [ [Error], [Error] ]
  }
]
[2026-08-21T19:54:04.067Z] error: <httpProxy> Error calling http://localhost:8090/...
[2026-08-21T19:54:04.067Z] error: <httpProxy> [
  500,
  AggregateError: 
      at ignore-listed frames {
    code: 'ECONNREFUSED',
    [errors]: [ [Error], [Error] ]
  }
]
[2026-08-21T19:54:04.067Z] error: <httpProxy> Error calling http://localhost:8787/...
[2026-08-21T19:54:04.068Z] error: <httpProxy> [
  500,
  AggregateError: 
      at ignore-listed frames {
    code: 'ECONNREFUSED',
    [errors]: [ [Error], [Error] ]
  }
]
[2026-08-21T19:54:04.069Z] error: <httpProxy> Error calling http://localhost:8090/...
[2026-08-21T19:54:04.069Z] error: <httpProxy> [
  500,
  AggregateError: 
      at ignore-listed frames {
    code: 'ECONNREFUSED',
    [errors]: [ [Error], [Error] ]
  }
]
[2026-08-21T19:54:04.070Z] error: <httpProxy> Error calling http://localhost:8081/...
[2026-08-21T19:54:04.070Z] error: <httpProxy> [
  500,
  AggregateError: 
      at ignore-listed frames {
    code: 'ECONNREFUSED',
    [errors]: [ [Error], [Error] ]
  }
]
[2026-08-21T19:54:04.071Z] error: <httpProxy> Error calling http://localhost:8081/...
[2026-08-21T19:54:04.072Z] error: <httpProxy> [
  500,
  AggregateError: 
      at ignore-listed frames {
    code: 'ECONNREFUSED',
    [errors]: [ [Error], [Error] ]
  }
]
[2026-08-21T19:54:25.740Z] error: <httpProxy> Error calling http://localhost:8010/...
[2026-08-21T19:54:25.740Z] error: <httpProxy> [
  500,
  AggregateError: 
      at ignore-listed frames {
    code: 'ECONNREFUSED',
    [errors]: [ [Error], [Error] ]
  }
]
[2026-08-21T19:54:25.744Z] error: <httpProxy> Error calling http://localhost:2283/...
[2026-08-21T19:54:25.744Z] error: <httpProxy> [
  500,
  AggregateError: 
      at ignore-listed frames {
    code: 'ECONNREFUSED',
    [errors]: [ [Error], [Error] ]
  }
]
[2026-08-21T19:54:25.745Z] error: <httpProxy> Error calling http://localhost:8010/...
[2026-08-21T19:54:25.745Z] error: <httpProxy> [
  500,
  AggregateError: 
      at ignore-listed frames {
    code: 'ECONNREFUSED',
    [errors]: [ [Error], [Error] ]
  }
]
[2026-08-21T19:54:25.748Z] error: <httpProxy> Error calling http://localhost:9000/...
[2026-08-21T19:54:25.748Z] error: <httpProxy> [
  500,
  AggregateError: 
      at ignore-listed frames {
    code: 'ECONNREFUSED',
    [errors]: [ [Error], [Error] ]
  }
]
[2026-08-21T19:54:25.749Z] error: <httpProxy> Error calling http://localhost:5006/...
[2026-08-21T19:54:25.749Z] error: <httpProxy> [
  500,
  AggregateError: 
      at ignore-listed frames {
    code: 'ECONNREFUSED',
    [errors]: [ [Error], [Error] ]
  }
]
[2026-08-21T19:54:25.749Z] error: <httpProxy> Error calling http://localhost:8020/...
[2026-08-21T19:54:25.750Z] error: <httpProxy> [
  500,
  AggregateError: 
      at ignore-listed frames {
    code: 'ECONNREFUSED',
    [errors]: [ [Error], [Error] ]
  }
]
[2026-08-21T19:54:25.750Z] error: <httpProxy> Error calling http://localhost:2283/...
[2026-08-21T19:54:25.750Z] error: <httpProxy> [
  500,
  AggregateError: 
      at ignore-listed frames {
    code: 'ECONNREFUSED',
    [errors]: [ [Error], [Error] ]
  }
]
[2026-08-21T19:54:25.753Z] error: <httpProxy> Error calling http://localhost:9000/...
[2026-08-21T19:54:25.753Z] error: <httpProxy> [
  500,
  AggregateError: 
      at ignore-listed frames {
    code: 'ECONNREFUSED',
    [errors]: [ [Error], [Error] ]
  }
]
[2026-08-21T19:54:25.755Z] error: <httpProxy> Error calling http://localhost:5006/...
[2026-08-21T19:54:25.756Z] error: <httpProxy> [
  500,
  AggregateError: 
      at ignore-listed frames {
    code: 'ECONNREFUSED',
    [errors]: [ [Error], [Error] ]
  }
]
[2026-08-21T19:54:25.758Z] error: <httpProxy> Error calling http://localhost:8020/...
[2026-08-21T19:54:25.758Z] error: <httpProxy> [
  500,
  AggregateError: 
      at ignore-listed frames {
    code: 'ECONNREFUSED',
    [errors]: [ [Error], [Error] ]
  }
]
[2026-08-21T19:54:25.759Z] error: <httpProxy> Error calling http://localhost:8015/...
[2026-08-21T19:54:25.759Z] error: <httpProxy> [
  500,
  AggregateError: 
      at ignore-listed frames {
    code: 'ECONNREFUSED',
    [errors]: [ [Error], [Error] ]
  }
]
[2026-08-21T19:54:25.761Z] error: <httpProxy> Error calling http://localhost:3929/...
[2026-08-21T19:54:25.761Z] error: <httpProxy> [
  500,
  AggregateError: 
      at ignore-listed frames {
    code: 'ECONNREFUSED',
    [errors]: [ [Error], [Error] ]
  }
]
[2026-08-21T19:54:25.762Z] error: <httpProxy> Error calling http://localhost:8015/...
[2026-08-21T19:54:25.763Z] error: <httpProxy> [
  500,
  AggregateError: 
      at ignore-listed frames {
    code: 'ECONNREFUSED',
    [errors]: [ [Error], [Error] ]
  }
]
[2026-08-21T19:54:25.763Z] error: <httpProxy> Error calling http://localhost:3001/...
[2026-08-21T19:54:25.763Z] error: <httpProxy> [
  500,
  AggregateError: 
      at ignore-listed frames {
    code: 'ECONNREFUSED',
    [errors]: [ [Error], [Error] ]
  }
]
[2026-08-21T19:54:25.764Z] error: <httpProxy> Error calling http://localhost:3929/...
[2026-08-21T19:54:25.764Z] error: <httpProxy> [
  500,
  AggregateError: 
      at ignore-listed frames {
    code: 'ECONNREFUSED',
    [errors]: [ [Error], [Error] ]
  }
]
[2026-08-21T19:54:25.766Z] error: <httpProxy> Error calling http://localhost:8082/...
[2026-08-21T19:54:25.767Z] error: <httpProxy> [
  500,
  AggregateError: 
      at ignore-listed frames {
    code: 'ECONNREFUSED',
    [errors]: [ [Error], [Error] ]
  }
]
[2026-08-21T19:54:25.767Z] error: <httpProxy> Error calling http://localhost:8787/...
[2026-08-21T19:54:25.767Z] error: <httpProxy> [
  500,
  AggregateError: 
      at ignore-listed frames {
    code: 'ECONNREFUSED',
    [errors]: [ [Error], [Error] ]
  }
]
[2026-08-21T19:54:25.768Z] error: <httpProxy> Error calling http://localhost:3001/...
[2026-08-21T19:54:25.768Z] error: <httpProxy> [
  500,
  AggregateError: 
      at ignore-listed frames {
    code: 'ECONNREFUSED',
    [errors]: [ [Error], [Error] ]
  }
]
[2026-08-21T19:54:25.769Z] error: <httpProxy> Error calling http://localhost:8090/...
[2026-08-21T19:54:25.769Z] error: <httpProxy> [
  500,
  AggregateError: 
      at ignore-listed frames {
    code: 'ECONNREFUSED',
    [errors]: [ [Error], [Error] ]
  }
]
[2026-08-21T19:54:25.769Z] error: <httpProxy> Error calling http://localhost:8082/...
[2026-08-21T19:54:25.769Z] error: <httpProxy> [
  500,
  AggregateError: 
      at ignore-listed frames {
    code: 'ECONNREFUSED',
    [errors]: [ [Error], [Error] ]
  }
]
[2026-08-21T19:54:25.770Z] error: <httpProxy> Error calling http://localhost:8787/...
[2026-08-21T19:54:25.770Z] error: <httpProxy> [
  500,
  AggregateError: 
      at ignore-listed frames {
    code: 'ECONNREFUSED',
    [errors]: [ [Error], [Error] ]
  }
]
[2026-08-21T19:54:25.771Z] error: <httpProxy> Error calling http://localhost:8090/...
[2026-08-21T19:54:25.771Z] error: <httpProxy> [
  500,
  AggregateError: 
      at ignore-listed frames {
    code: 'ECONNREFUSED',
    [errors]: [ [Error], [Error] ]
  }
]
[2026-08-21T19:54:25.772Z] error: <httpProxy> Error calling http://localhost:8081/...
[2026-08-21T19:54:25.772Z] error: <httpProxy> [
  500,
  AggregateError: 
      at ignore-listed frames {
    code: 'ECONNREFUSED',
    [errors]: [ [Error], [Error] ]
  }
]
[2026-08-21T19:54:25.772Z] error: <httpProxy> Error calling http://localhost:8081/...
[2026-08-21T19:54:25.773Z] error: <httpProxy> [
  500,
  AggregateError: 
      at ignore-listed frames {
    code: 'ECONNREFUSED',
    [errors]: [ [Error], [Error] ]
  }
]
[2026-08-21T19:56:47.779Z] error: <httpProxy> Error calling http://localhost:8010/...
[2026-08-21T19:56:47.779Z] error: <httpProxy> [
  500,
  AggregateError: 
      at ignore-listed frames {
    code: 'ECONNREFUSED',
    [errors]: [ [Error], [Error] ]
  }
]
[2026-08-21T19:56:47.780Z] error: <httpProxy> Error calling http://localhost:9000/...
[2026-08-21T19:56:47.781Z] error: <httpProxy> [
  500,
  AggregateError: 
      at ignore-listed frames {
    code: 'ECONNREFUSED',
    [errors]: [ [Error], [Error] ]
  }
]
[2026-08-21T19:56:47.781Z] error: <httpProxy> Error calling http://localhost:2283/...
[2026-08-21T19:56:47.782Z] error: <httpProxy> [
  500,
  AggregateError: 
      at ignore-listed frames {
    code: 'ECONNREFUSED',
    [errors]: [ [Error], [Error] ]
  }
]
[2026-08-21T19:56:47.783Z] error: <httpProxy> Error calling http://localhost:5006/...
[2026-08-21T19:56:47.784Z] error: <httpProxy> [
  500,
  AggregateError: 
      at ignore-listed frames {
    code: 'ECONNREFUSED',
    [errors]: [ [Error], [Error] ]
  }
]
[2026-08-21T19:56:47.785Z] error: <httpProxy> Error calling http://localhost:8010/...
[2026-08-21T19:56:47.786Z] error: <httpProxy> [
  500,
  AggregateError: 
      at ignore-listed frames {
    code: 'ECONNREFUSED',
    [errors]: [ [Error], [Error] ]
  }
]
[2026-08-21T19:56:47.787Z] error: <httpProxy> Error calling http://localhost:8020/...
[2026-08-21T19:56:47.789Z] error: <httpProxy> [
  500,
  AggregateError: 
      at ignore-listed frames {
    code: 'ECONNREFUSED',
    [errors]: [ [Error], [Error] ]
  }
]
[2026-08-21T19:56:47.790Z] error: <httpProxy> Error calling http://localhost:9000/...
[2026-08-21T19:56:47.791Z] error: <httpProxy> [
  500,
  AggregateError: 
      at ignore-listed frames {
    code: 'ECONNREFUSED',
    [errors]: [ [Error], [Error] ]
  }
]
[2026-08-21T19:56:47.791Z] error: <httpProxy> Error calling http://localhost:2283/...
[2026-08-21T19:56:47.792Z] error: <httpProxy> [
  500,
  AggregateError: 
      at ignore-listed frames {
    code: 'ECONNREFUSED',
    [errors]: [ [Error], [Error] ]
  }
]
[2026-08-21T19:56:47.799Z] error: <httpProxy> Error calling http://localhost:5006/...
[2026-08-21T19:56:47.800Z] error: <httpProxy> [
  500,
  AggregateError: 
      at ignore-listed frames {
    code: 'ECONNREFUSED',
    [errors]: [ [Error], [Error] ]
  }
]
[2026-08-21T19:56:47.803Z] error: <httpProxy> Error calling http://localhost:8015/...
[2026-08-21T19:56:47.804Z] error: <httpProxy> [
  500,
  AggregateError: 
      at ignore-listed frames {
    code: 'ECONNREFUSED',
    [errors]: [ [Error], [Error] ]
  }
]
[2026-08-21T19:56:47.804Z] error: <httpProxy> Error calling http://localhost:8020/...
[2026-08-21T19:56:47.805Z] error: <httpProxy> [
  500,
  AggregateError: 
      at ignore-listed frames {
    code: 'ECONNREFUSED',
    [errors]: [ [Error], [Error] ]
  }
]
[2026-08-21T19:56:47.810Z] error: <httpProxy> Error calling http://localhost:8015/...
[2026-08-21T19:56:47.811Z] error: <httpProxy> [
  500,
  AggregateError: 
      at ignore-listed frames {
    code: 'ECONNREFUSED',
    [errors]: [ [Error], [Error] ]
  }
]
[2026-08-21T19:56:47.814Z] error: <httpProxy> Error calling http://localhost:3929/...
[2026-08-21T19:56:47.814Z] error: <httpProxy> [
  500,
  AggregateError: 
      at ignore-listed frames {
    code: 'ECONNREFUSED',
    [errors]: [ [Error], [Error] ]
  }
]
[2026-08-21T19:56:47.815Z] error: <httpProxy> Error calling http://localhost:3001/...
[2026-08-21T19:56:47.815Z] error: <httpProxy> [
  500,
  AggregateError: 
      at ignore-listed frames {
    code: 'ECONNREFUSED',
    [errors]: [ [Error], [Error] ]
  }
]
[2026-08-21T19:56:47.816Z] error: <httpProxy> Error calling http://localhost:8082/...
[2026-08-21T19:56:47.817Z] error: <httpProxy> [
  500,
  AggregateError: 
      at ignore-listed frames {
    code: 'ECONNREFUSED',
    [errors]: [ [Error], [Error] ]
  }
]
[2026-08-21T19:56:47.818Z] error: <httpProxy> Error calling http://localhost:8787/...
[2026-08-21T19:56:47.819Z] error: <httpProxy> [
  500,
  AggregateError: 
      at ignore-listed frames {
    code: 'ECONNREFUSED',
    [errors]: [ [Error], [Error] ]
  }
]
[2026-08-21T19:56:47.819Z] error: <httpProxy> Error calling http://localhost:3929/...
[2026-08-21T19:56:47.820Z] error: <httpProxy> [
  500,
  AggregateError: 
      at ignore-listed frames {
    code: 'ECONNREFUSED',
    [errors]: [ [Error], [Error] ]
  }
]
[2026-08-21T19:56:47.820Z] error: <httpProxy> Error calling http://localhost:3001/...
[2026-08-21T19:56:47.821Z] error: <httpProxy> [
  500,
  AggregateError: 
      at ignore-listed frames {
    code: 'ECONNREFUSED',
    [errors]: [ [Error], [Error] ]
  }
]
[2026-08-21T19:56:47.822Z] error: <httpProxy> Error calling http://localhost:8082/...
[2026-08-21T19:56:47.823Z] error: <httpProxy> [
  500,
  AggregateError: 
      at ignore-listed frames {
    code: 'ECONNREFUSED',
    [errors]: [ [Error], [Error] ]
  }
]
[2026-08-21T19:56:47.825Z] error: <httpProxy> Error calling http://localhost:8090/...
[2026-08-21T19:56:47.825Z] error: <httpProxy> [
  500,
  AggregateError: 
      at ignore-listed frames {
    code: 'ECONNREFUSED',
    [errors]: [ [Error], [Error] ]
  }
]
[2026-08-21T19:56:47.826Z] error: <httpProxy> Error calling http://localhost:8787/...
[2026-08-21T19:56:47.826Z] error: <httpProxy> [
  500,
  AggregateError: 
      at ignore-listed frames {
    code: 'ECONNREFUSED',
    [errors]: [ [Error], [Error] ]
  }
]
[2026-08-21T19:56:47.827Z] error: <httpProxy> Error calling http://localhost:8081/...
[2026-08-21T19:56:47.827Z] error: <httpProxy> [
  500,
  AggregateError: 
      at ignore-listed frames {
    code: 'ECONNREFUSED',
    [errors]: [ [Error], [Error] ]
  }
]
[2026-08-21T19:56:47.828Z] error: <httpProxy> Error calling http://localhost:8090/...
[2026-08-21T19:56:47.828Z] error: <httpProxy> [
  500,
  AggregateError: 
      at ignore-listed frames {
    code: 'ECONNREFUSED',
    [errors]: [ [Error], [Error] ]
  }
]
[2026-08-21T19:56:47.829Z] error: <httpProxy> Error calling http://localhost:8081/...
[2026-08-21T19:56:47.829Z] error: <httpProxy> [
  500,
  AggregateError: 
      at ignore-listed frames {
    code: 'ECONNREFUSED',
    [errors]: [ [Error], [Error] ]
  }
]
[2026-08-21T19:56:55.970Z] error: <httpProxy> Error calling http://localhost:8010/...
[2026-08-21T19:56:55.972Z] error: <httpProxy> [
  500,
  AggregateError: 
      at ignore-listed frames {
    code: 'ECONNREFUSED',
    [errors]: [ [Error], [Error] ]
  }
]
[2026-08-21T19:56:55.978Z] error: <httpProxy> Error calling http://localhost:8010/...
[2026-08-21T19:56:55.978Z] error: <httpProxy> [
  500,
  AggregateError: 
      at ignore-listed frames {
    code: 'ECONNREFUSED',
    [errors]: [ [Error], [Error] ]
  }
]
[2026-08-21T19:56:55.979Z] error: <httpProxy> Error calling http://localhost:2283/...
[2026-08-21T19:56:55.979Z] error: <httpProxy> [
  500,
  AggregateError: 
      at ignore-listed frames {
    code: 'ECONNREFUSED',
    [errors]: [ [Error], [Error] ]
  }
]
[2026-08-21T19:56:55.981Z] error: <httpProxy> Error calling http://localhost:9000/...
[2026-08-21T19:56:55.981Z] error: <httpProxy> [
  500,
  AggregateError: 
      at ignore-listed frames {
    code: 'ECONNREFUSED',
    [errors]: [ [Error], [Error] ]
  }
]
[2026-08-21T19:56:55.982Z] error: <httpProxy> Error calling http://localhost:5006/...
[2026-08-21T19:56:55.983Z] error: <httpProxy> [
  500,
  AggregateError: 
      at ignore-listed frames {
    code: 'ECONNREFUSED',
    [errors]: [ [Error], [Error] ]
  }
]
[2026-08-21T19:56:55.983Z] error: <httpProxy> Error calling http://localhost:8020/...
[2026-08-21T19:56:55.983Z] error: <httpProxy> [
  500,
  AggregateError: 
      at ignore-listed frames {
    code: 'ECONNREFUSED',
    [errors]: [ [Error], [Error] ]
  }
]
[2026-08-21T19:56:55.984Z] error: <httpProxy> Error calling http://localhost:2283/...
[2026-08-21T19:56:55.984Z] error: <httpProxy> [
  500,
  AggregateError: 
      at ignore-listed frames {
    code: 'ECONNREFUSED',
    [errors]: [ [Error], [Error] ]
  }
]
[2026-08-21T19:56:55.986Z] error: <httpProxy> Error calling http://localhost:9000/...
[2026-08-21T19:56:55.986Z] error: <httpProxy> [
  500,
  AggregateError: 
      at ignore-listed frames {
    code: 'ECONNREFUSED',
    [errors]: [ [Error], [Error] ]
  }
]
[2026-08-21T19:56:55.988Z] error: <httpProxy> Error calling http://localhost:8015/...
[2026-08-21T19:56:55.989Z] error: <httpProxy> [
  500,
  AggregateError: 
      at ignore-listed frames {
    code: 'ECONNREFUSED',
    [errors]: [ [Error], [Error] ]
  }
]
[2026-08-21T19:56:55.989Z] error: <httpProxy> Error calling http://localhost:5006/...
[2026-08-21T19:56:55.990Z] error: <httpProxy> [
  500,
  AggregateError: 
      at ignore-listed frames {
    code: 'ECONNREFUSED',
    [errors]: [ [Error], [Error] ]
  }
]
[2026-08-21T19:56:55.992Z] error: <httpProxy> Error calling http://localhost:8020/...
[2026-08-21T19:56:55.992Z] error: <httpProxy> [
  500,
  AggregateError: 
      at ignore-listed frames {
    code: 'ECONNREFUSED',
    [errors]: [ [Error], [Error] ]
  }
]
[2026-08-21T19:56:55.995Z] error: <httpProxy> Error calling http://localhost:3929/...
[2026-08-21T19:56:55.995Z] error: <httpProxy> [
  500,
  AggregateError: 
      at ignore-listed frames {
    code: 'ECONNREFUSED',
    [errors]: [ [Error], [Error] ]
  }
]
[2026-08-21T19:56:55.995Z] error: <httpProxy> Error calling http://localhost:8015/...
[2026-08-21T19:56:55.996Z] error: <httpProxy> [
  500,
  AggregateError: 
      at ignore-listed frames {
    code: 'ECONNREFUSED',
    [errors]: [ [Error], [Error] ]
  }
]
[2026-08-21T19:56:55.999Z] error: <httpProxy> Error calling http://localhost:3001/...
[2026-08-21T19:56:56.000Z] error: <httpProxy> [
  500,
  AggregateError: 
      at ignore-listed frames {
    code: 'ECONNREFUSED',
    [errors]: [ [Error], [Error] ]
  }
]
[2026-08-21T19:56:56.000Z] error: <httpProxy> Error calling http://localhost:3929/...
[2026-08-21T19:56:56.000Z] error: <httpProxy> [
  500,
  AggregateError: 
      at ignore-listed frames {
    code: 'ECONNREFUSED',
    [errors]: [ [Error], [Error] ]
  }
]
[2026-08-21T19:56:56.001Z] error: <httpProxy> Error calling http://localhost:8082/...
[2026-08-21T19:56:56.001Z] error: <httpProxy> [
  500,
  AggregateError: 
      at ignore-listed frames {
    code: 'ECONNREFUSED',
    [errors]: [ [Error], [Error] ]
  }
]
[2026-08-21T19:56:56.002Z] error: <httpProxy> Error calling http://localhost:8787/...
[2026-08-21T19:56:56.002Z] error: <httpProxy> [
  500,
  AggregateError: 
      at ignore-listed frames {
    code: 'ECONNREFUSED',
    [errors]: [ [Error], [Error] ]
  }
]
[2026-08-21T19:56:56.003Z] error: <httpProxy> Error calling http://localhost:8090/...
[2026-08-21T19:56:56.003Z] error: <httpProxy> [
  500,
  AggregateError: 
      at ignore-listed frames {
    code: 'ECONNREFUSED',
    [errors]: [ [Error], [Error] ]
  }
]
[2026-08-21T19:56:56.003Z] error: <httpProxy> Error calling http://localhost:3001/...
[2026-08-21T19:56:56.004Z] error: <httpProxy> [
  500,
  AggregateError: 
      at ignore-listed frames {
    code: 'ECONNREFUSED',
    [errors]: [ [Error], [Error] ]
  }
]
[2026-08-21T19:56:56.004Z] error: <httpProxy> Error calling http://localhost:8082/...
[2026-08-21T19:56:56.005Z] error: <httpProxy> [
  500,
  AggregateError: 
      at ignore-listed frames {
    code: 'ECONNREFUSED',
    [errors]: [ [Error], [Error] ]
  }
]
[2026-08-21T19:56:56.005Z] error: <httpProxy> Error calling http://localhost:8081/...
[2026-08-21T19:56:56.005Z] error: <httpProxy> [
  500,
  AggregateError: 
      at ignore-listed frames {
    code: 'ECONNREFUSED',
    [errors]: [ [Error], [Error] ]
  }
]
[2026-08-21T19:56:56.006Z] error: <httpProxy> Error calling http://localhost:8787/...
[2026-08-21T19:56:56.006Z] error: <httpProxy> [
  500,
  AggregateError: 
      at ignore-listed frames {
    code: 'ECONNREFUSED',
    [errors]: [ [Error], [Error] ]
  }
]
[2026-08-21T19:56:56.006Z] error: <httpProxy> Error calling http://localhost:8090/...
[2026-08-21T19:56:56.007Z] error: <httpProxy> [
  500,
  AggregateError: 
      at ignore-listed frames {
    code: 'ECONNREFUSED',
    [errors]: [ [Error], [Error] ]
  }
]
[2026-08-21T19:56:56.008Z] error: <httpProxy> Error calling http://localhost:8081/...
[2026-08-21T19:56:56.008Z] error: <httpProxy> [
  500,
  AggregateError: 
      at ignore-listed frames {
    code: 'ECONNREFUSED',
    [errors]: [ [Error], [Error] ]
  }
]
[2026-08-21T19:57:02.629Z] error: <httpProxy> Error calling http://localhost:8010/...
[2026-08-21T19:57:02.630Z] error: <httpProxy> [
  500,
  AggregateError: 
      at ignore-listed frames {
    code: 'ECONNREFUSED',
    [errors]: [ [Error], [Error] ]
  }
]
[2026-08-21T19:57:02.633Z] error: <httpProxy> Error calling http://localhost:2283/...
[2026-08-21T19:57:02.633Z] error: <httpProxy> [
  500,
  AggregateError: 
      at ignore-listed frames {
    code: 'ECONNREFUSED',
    [errors]: [ [Error], [Error] ]
  }
]
[2026-08-21T19:57:02.634Z] error: <httpProxy> Error calling http://localhost:8010/...
[2026-08-21T19:57:02.634Z] error: <httpProxy> [
  500,
  AggregateError: 
      at ignore-listed frames {
    code: 'ECONNREFUSED',
    [errors]: [ [Error], [Error] ]
  }
]
[2026-08-21T19:57:02.639Z] error: <httpProxy> Error calling http://localhost:9000/...
[2026-08-21T19:57:02.640Z] error: <httpProxy> [
  500,
  AggregateError: 
      at ignore-listed frames {
    code: 'ECONNREFUSED',
    [errors]: [ [Error], [Error] ]
  }
]
[2026-08-21T19:57:02.640Z] error: <httpProxy> Error calling http://localhost:5006/...
[2026-08-21T19:57:02.641Z] error: <httpProxy> [
  500,
  AggregateError: 
      at ignore-listed frames {
    code: 'ECONNREFUSED',
    [errors]: [ [Error], [Error] ]
  }
]
[2026-08-21T19:57:02.642Z] error: <httpProxy> Error calling http://localhost:2283/...
[2026-08-21T19:57:02.642Z] error: <httpProxy> [
  500,
  AggregateError: 
      at ignore-listed frames {
    code: 'ECONNREFUSED',
    [errors]: [ [Error], [Error] ]
  }
]
[2026-08-21T19:57:02.643Z] error: <httpProxy> Error calling http://localhost:8020/...
[2026-08-21T19:57:02.643Z] error: <httpProxy> [
  500,
  AggregateError: 
      at ignore-listed frames {
    code: 'ECONNREFUSED',
    [errors]: [ [Error], [Error] ]
  }
]
[2026-08-21T19:57:02.644Z] error: <httpProxy> Error calling http://localhost:9000/...
[2026-08-21T19:57:02.644Z] error: <httpProxy> [
  500,
  AggregateError: 
      at ignore-listed frames {
    code: 'ECONNREFUSED',
    [errors]: [ [Error], [Error] ]
  }
]
[2026-08-21T19:57:02.644Z] error: <httpProxy> Error calling http://localhost:5006/...
[2026-08-21T19:57:02.645Z] error: <httpProxy> [
  500,
  AggregateError: 
      at ignore-listed frames {
    code: 'ECONNREFUSED',
    [errors]: [ [Error], [Error] ]
  }
]
[2026-08-21T19:57:02.652Z] error: <httpProxy> Error calling http://localhost:8020/...
[2026-08-21T19:57:02.652Z] error: <httpProxy> [
  500,
  AggregateError: 
      at ignore-listed frames {
    code: 'ECONNREFUSED',
    [errors]: [ [Error], [Error] ]
  }
]
[2026-08-21T19:57:02.653Z] error: <httpProxy> Error calling http://localhost:8015/...
[2026-08-21T19:57:02.653Z] error: <httpProxy> [
  500,
  AggregateError: 
      at ignore-listed frames {
    code: 'ECONNREFUSED',
    [errors]: [ [Error], [Error] ]
  }
]
[2026-08-21T19:57:02.654Z] error: <httpProxy> Error calling http://localhost:3929/...
[2026-08-21T19:57:02.654Z] error: <httpProxy> [
  500,
  AggregateError: 
      at ignore-listed frames {
    code: 'ECONNREFUSED',
    [errors]: [ [Error], [Error] ]
  }
]
[2026-08-21T19:57:02.659Z] error: <httpProxy> Error calling http://localhost:8015/...
[2026-08-21T19:57:02.660Z] error: <httpProxy> [
  500,
  AggregateError: 
      at ignore-listed frames {
    code: 'ECONNREFUSED',
    [errors]: [ [Error], [Error] ]
  }
]
[2026-08-21T19:57:02.660Z] error: <httpProxy> Error calling http://localhost:3929/...
[2026-08-21T19:57:02.660Z] error: <httpProxy> [
  500,
  AggregateError: 
      at ignore-listed frames {
    code: 'ECONNREFUSED',
    [errors]: [ [Error], [Error] ]
  }
]
[2026-08-21T19:57:02.662Z] error: <httpProxy> Error calling http://localhost:3001/...
[2026-08-21T19:57:02.662Z] error: <httpProxy> [
  500,
  AggregateError: 
      at ignore-listed frames {
    code: 'ECONNREFUSED',
    [errors]: [ [Error], [Error] ]
  }
]
[2026-08-21T19:57:02.663Z] error: <httpProxy> Error calling http://localhost:8082/...
[2026-08-21T19:57:02.663Z] error: <httpProxy> [
  500,
  AggregateError: 
      at ignore-listed frames {
    code: 'ECONNREFUSED',
    [errors]: [ [Error], [Error] ]
  }
]
[2026-08-21T19:57:02.663Z] error: <httpProxy> Error calling http://localhost:8787/...
[2026-08-21T19:57:02.663Z] error: <httpProxy> [
  500,
  AggregateError: 
      at ignore-listed frames {
    code: 'ECONNREFUSED',
    [errors]: [ [Error], [Error] ]
  }
]
[2026-08-21T19:57:02.665Z] error: <httpProxy> Error calling http://localhost:3001/...
[2026-08-21T19:57:02.665Z] error: <httpProxy> [
  500,
  AggregateError: 
      at ignore-listed frames {
    code: 'ECONNREFUSED',
    [errors]: [ [Error], [Error] ]
  }
]
[2026-08-21T19:57:02.666Z] error: <httpProxy> Error calling http://localhost:8082/...
[2026-08-21T19:57:02.666Z] error: <httpProxy> [
  500,
  AggregateError: 
      at ignore-listed frames {
    code: 'ECONNREFUSED',
    [errors]: [ [Error], [Error] ]
  }
]
[2026-08-21T19:57:02.666Z] error: <httpProxy> Error calling http://localhost:8787/...
[2026-08-21T19:57:02.666Z] error: <httpProxy> [
  500,
  AggregateError: 
      at ignore-listed frames {
    code: 'ECONNREFUSED',
    [errors]: [ [Error], [Error] ]
  }
]
[2026-08-21T19:57:02.667Z] error: <httpProxy> Error calling http://localhost:8090/...
[2026-08-21T19:57:02.668Z] error: <httpProxy> [
  500,
  AggregateError: 
      at ignore-listed frames {
    code: 'ECONNREFUSED',
    [errors]: [ [Error], [Error] ]
  }
]
[2026-08-21T19:57:02.668Z] error: <httpProxy> Error calling http://localhost:8081/...
[2026-08-21T19:57:02.669Z] error: <httpProxy> [
  500,
  AggregateError: 
      at ignore-listed frames {
    code: 'ECONNREFUSED',
    [errors]: [ [Error], [Error] ]
  }
]
[2026-08-21T19:57:02.669Z] error: <httpProxy> Error calling http://localhost:8090/...
[2026-08-21T19:57:02.670Z] error: <httpProxy> [
  500,
  AggregateError: 
      at ignore-listed frames {
    code: 'ECONNREFUSED',
    [errors]: [ [Error], [Error] ]
  }
]
[2026-08-21T19:57:02.670Z] error: <httpProxy> Error calling http://localhost:8081/...
[2026-08-21T19:57:02.671Z] error: <httpProxy> [
  500,
  AggregateError: 
      at ignore-listed frames {
    code: 'ECONNREFUSED',
    [errors]: [ [Error], [Error] ]
  }
]
[2026-08-21T19:57:06.351Z] error: <httpProxy> Error calling http://localhost:2283/...
[2026-08-21T19:57:06.351Z] error: <httpProxy> [
  500,
  AggregateError: 
      at ignore-listed frames {
    code: 'ECONNREFUSED',
    [errors]: [ [Error], [Error] ]
  }
]
[2026-08-21T19:57:06.352Z] error: <httpProxy> Error calling http://localhost:8010/...
[2026-08-21T19:57:06.352Z] error: <httpProxy> [
  500,
  AggregateError: 
      at ignore-listed frames {
    code: 'ECONNREFUSED',
    [errors]: [ [Error], [Error] ]
  }
]
[2026-08-21T19:57:06.352Z] error: <httpProxy> Error calling http://localhost:9000/...
[2026-08-21T19:57:06.353Z] error: <httpProxy> [
  500,
  AggregateError: 
      at ignore-listed frames {
    code: 'ECONNREFUSED',
    [errors]: [ [Error], [Error] ]
  }
]
[2026-08-21T19:57:06.354Z] error: <httpProxy> Error calling http://localhost:5006/...
[2026-08-21T19:57:06.355Z] error: <httpProxy> [
  500,
  AggregateError: 
      at ignore-listed frames {
    code: 'ECONNREFUSED',
    [errors]: [ [Error], [Error] ]
  }
]
[2026-08-21T19:57:06.355Z] error: <httpProxy> Error calling http://localhost:8020/...
[2026-08-21T19:57:06.356Z] error: <httpProxy> [
  500,
  AggregateError: 
      at ignore-listed frames {
    code: 'ECONNREFUSED',
    [errors]: [ [Error], [Error] ]
  }
]
[2026-08-21T19:57:06.356Z] error: <httpProxy> Error calling http://localhost:8015/...
[2026-08-21T19:57:06.356Z] error: <httpProxy> [
  500,
  AggregateError: 
      at ignore-listed frames {
    code: 'ECONNREFUSED',
    [errors]: [ [Error], [Error] ]
  }
]
[2026-08-21T19:57:06.357Z] error: <httpProxy> Error calling http://localhost:2283/...
[2026-08-21T19:57:06.357Z] error: <httpProxy> [
  500,
  AggregateError: 
      at ignore-listed frames {
    code: 'ECONNREFUSED',
    [errors]: [ [Error], [Error] ]
  }
]
[2026-08-21T19:57:06.358Z] error: <httpProxy> Error calling http://localhost:8010/...
[2026-08-21T19:57:06.358Z] error: <httpProxy> [
  500,
  AggregateError: 
      at ignore-listed frames {
    code: 'ECONNREFUSED',
    [errors]: [ [Error], [Error] ]
  }
]
[2026-08-21T19:57:06.358Z] error: <httpProxy> Error calling http://localhost:9000/...
[2026-08-21T19:57:06.359Z] error: <httpProxy> [
  500,
  AggregateError: 
      at ignore-listed frames {
    code: 'ECONNREFUSED',
    [errors]: [ [Error], [Error] ]
  }
]
[2026-08-21T19:57:06.362Z] error: <httpProxy> Error calling http://localhost:5006/...
[2026-08-21T19:57:06.362Z] error: <httpProxy> [
  500,
  AggregateError: 
      at ignore-listed frames {
    code: 'ECONNREFUSED',
    [errors]: [ [Error], [Error] ]
  }
]
[2026-08-21T19:57:06.363Z] error: <httpProxy> Error calling http://localhost:8020/...
[2026-08-21T19:57:06.363Z] error: <httpProxy> [
  500,
  AggregateError: 
      at ignore-listed frames {
    code: 'ECONNREFUSED',
    [errors]: [ [Error], [Error] ]
  }
]
[2026-08-21T19:57:06.364Z] error: <httpProxy> Error calling http://localhost:8015/...
[2026-08-21T19:57:06.364Z] error: <httpProxy> [
  500,
  AggregateError: 
      at ignore-listed frames {
    code: 'ECONNREFUSED',
    [errors]: [ [Error], [Error] ]
  }
]
[2026-08-21T19:57:06.380Z] error: <httpProxy> Error calling http://localhost:3929/...
[2026-08-21T19:57:06.380Z] error: <httpProxy> [
  500,
  AggregateError: 
      at ignore-listed frames {
    code: 'ECONNREFUSED',
    [errors]: [ [Error], [Error] ]
  }
]
[2026-08-21T19:57:06.381Z] error: <httpProxy> Error calling http://localhost:3001/...
[2026-08-21T19:57:06.381Z] error: <httpProxy> [
  500,
  AggregateError: 
      at ignore-listed frames {
    code: 'ECONNREFUSED',
    [errors]: [ [Error], [Error] ]
  }
]
[2026-08-21T19:57:06.382Z] error: <httpProxy> Error calling http://localhost:8082/...
[2026-08-21T19:57:06.382Z] error: <httpProxy> [
  500,
  AggregateError: 
      at ignore-listed frames {
    code: 'ECONNREFUSED',
    [errors]: [ [Error], [Error] ]
  }
]
[2026-08-21T19:57:06.383Z] error: <httpProxy> Error calling http://localhost:8787/...
[2026-08-21T19:57:06.383Z] error: <httpProxy> [
  500,
  AggregateError: 
      at ignore-listed frames {
    code: 'ECONNREFUSED',
    [errors]: [ [Error], [Error] ]
  }
]
[2026-08-21T19:57:06.383Z] error: <httpProxy> Error calling http://localhost:8090/...
[2026-08-21T19:57:06.384Z] error: <httpProxy> [
  500,
  AggregateError: 
      at ignore-listed frames {
    code: 'ECONNREFUSED',
    [errors]: [ [Error], [Error] ]
  }
]
[2026-08-21T19:57:06.384Z] error: <httpProxy> Error calling http://localhost:8081/...
[2026-08-21T19:57:06.385Z] error: <httpProxy> [
  500,
  AggregateError: 
      at ignore-listed frames {
    code: 'ECONNREFUSED',
    [errors]: [ [Error], [Error] ]
  }
]
[2026-08-21T19:57:06.386Z] error: <httpProxy> Error calling http://localhost:3929/...
[2026-08-21T19:57:06.386Z] error: <httpProxy> [
  500,
  AggregateError: 
      at ignore-listed frames {
    code: 'ECONNREFUSED',
    [errors]: [ [Error], [Error] ]
  }
]
[2026-08-21T19:57:06.387Z] error: <httpProxy> Error calling http://localhost:3001/...
[2026-08-21T19:57:06.387Z] error: <httpProxy> [
  500,
  AggregateError: 
      at ignore-listed frames {
    code: 'ECONNREFUSED',
    [errors]: [ [Error], [Error] ]
  }
]
[2026-08-21T19:57:06.387Z] error: <httpProxy> Error calling http://localhost:8082/...
[2026-08-21T19:57:06.388Z] error: <httpProxy> [
  500,
  AggregateError: 
      at ignore-listed frames {
    code: 'ECONNREFUSED',
    [errors]: [ [Error], [Error] ]
  }
]
[2026-08-21T19:57:06.395Z] error: <httpProxy> Error calling http://localhost:8787/...
[2026-08-21T19:57:06.396Z] error: <httpProxy> [
  500,
  AggregateError: 
      at ignore-listed frames {
    code: 'ECONNREFUSED',
    [errors]: [ [Error], [Error] ]
  }
]
[2026-08-21T19:57:06.396Z] error: <httpProxy> Error calling http://localhost:8090/...
[2026-08-21T19:57:06.397Z] error: <httpProxy> [
  500,
  AggregateError: 
      at ignore-listed frames {
    code: 'ECONNREFUSED',
    [errors]: [ [Error], [Error] ]
  }
]
[2026-08-21T19:57:06.397Z] error: <httpProxy> Error calling http://localhost:8081/...
[2026-08-21T19:57:06.397Z] error: <httpProxy> [
  500,
  AggregateError: 
      at ignore-listed frames {
    code: 'ECONNREFUSED',
    [errors]: [ [Error], [Error] ]
  }
]
[2026-08-21T19:57:10.266Z] error: <httpProxy> Error calling http://localhost:2283/...
[2026-08-21T19:57:10.267Z] error: <httpProxy> [
  500,
  AggregateError: 
      at ignore-listed frames {
    code: 'ECONNREFUSED',
    [errors]: [ [Error], [Error] ]
  }
]
[2026-08-21T19:57:10.269Z] error: <httpProxy> Error calling http://localhost:9000/...
[2026-08-21T19:57:10.270Z] error: <httpProxy> [
  500,
  AggregateError: 
      at ignore-listed frames {
    code: 'ECONNREFUSED',
    [errors]: [ [Error], [Error] ]
  }
]
[2026-08-21T19:57:10.271Z] error: <httpProxy> Error calling http://localhost:8010/...
[2026-08-21T19:57:10.271Z] error: <httpProxy> [
  500,
  AggregateError: 
      at ignore-listed frames {
    code: 'ECONNREFUSED',
    [errors]: [ [Error], [Error] ]
  }
]
[2026-08-21T19:57:10.272Z] error: <httpProxy> Error calling http://localhost:2283/...
[2026-08-21T19:57:10.272Z] error: <httpProxy> [
  500,
  AggregateError: 
      at ignore-listed frames {
    code: 'ECONNREFUSED',
    [errors]: [ [Error], [Error] ]
  }
]
[2026-08-21T19:57:10.272Z] error: <httpProxy> Error calling http://localhost:5006/...
[2026-08-21T19:57:10.273Z] error: <httpProxy> [
  500,
  AggregateError: 
      at ignore-listed frames {
    code: 'ECONNREFUSED',
    [errors]: [ [Error], [Error] ]
  }
]
[2026-08-21T19:57:10.273Z] error: <httpProxy> Error calling http://localhost:9000/...
[2026-08-21T19:57:10.273Z] error: <httpProxy> [
  500,
  AggregateError: 
      at ignore-listed frames {
    code: 'ECONNREFUSED',
    [errors]: [ [Error], [Error] ]
  }
]
[2026-08-21T19:57:10.277Z] error: <httpProxy> Error calling http://localhost:8020/...
[2026-08-21T19:57:10.277Z] error: <httpProxy> [
  500,
  AggregateError: 
      at ignore-listed frames {
    code: 'ECONNREFUSED',
    [errors]: [ [Error], [Error] ]
  }
]
[2026-08-21T19:57:10.277Z] error: <httpProxy> Error calling http://localhost:8010/...
[2026-08-21T19:57:10.278Z] error: <httpProxy> [
  500,
  AggregateError: 
      at ignore-listed frames {
    code: 'ECONNREFUSED',
    [errors]: [ [Error], [Error] ]
  }
]
[2026-08-21T19:57:10.280Z] error: <httpProxy> Error calling http://localhost:5006/...
[2026-08-21T19:57:10.281Z] error: <httpProxy> [
  500,
  AggregateError: 
      at ignore-listed frames {
    code: 'ECONNREFUSED',
    [errors]: [ [Error], [Error] ]
  }
]
[2026-08-21T19:57:10.281Z] error: <httpProxy> Error calling http://localhost:8015/...
[2026-08-21T19:57:10.281Z] error: <httpProxy> [
  500,
  AggregateError: 
      at ignore-listed frames {
    code: 'ECONNREFUSED',
    [errors]: [ [Error], [Error] ]
  }
]
[2026-08-21T19:57:10.282Z] error: <httpProxy> Error calling http://localhost:8020/...
[2026-08-21T19:57:10.282Z] error: <httpProxy> [
  500,
  AggregateError: 
      at ignore-listed frames {
    code: 'ECONNREFUSED',
    [errors]: [ [Error], [Error] ]
  }
]
[2026-08-21T19:57:10.286Z] error: <httpProxy> Error calling http://localhost:8015/...
[2026-08-21T19:57:10.286Z] error: <httpProxy> [
  500,
  AggregateError: 
      at ignore-listed frames {
    code: 'ECONNREFUSED',
    [errors]: [ [Error], [Error] ]
  }
]
[2026-08-21T19:57:10.287Z] error: <httpProxy> Error calling http://localhost:3929/...
[2026-08-21T19:57:10.287Z] error: <httpProxy> [
  500,
  AggregateError: 
      at ignore-listed frames {
    code: 'ECONNREFUSED',
    [errors]: [ [Error], [Error] ]
  }
]
[2026-08-21T19:57:10.288Z] error: <httpProxy> Error calling http://localhost:3001/...
[2026-08-21T19:57:10.288Z] error: <httpProxy> [
  500,
  AggregateError: 
      at ignore-listed frames {
    code: 'ECONNREFUSED',
    [errors]: [ [Error], [Error] ]
  }
]
[2026-08-21T19:57:10.291Z] error: <httpProxy> Error calling http://localhost:8082/...
[2026-08-21T19:57:10.291Z] error: <httpProxy> [
  500,
  AggregateError: 
      at ignore-listed frames {
    code: 'ECONNREFUSED',
    [errors]: [ [Error], [Error] ]
  }
]
[2026-08-21T19:57:10.292Z] error: <httpProxy> Error calling http://localhost:3929/...
[2026-08-21T19:57:10.293Z] error: <httpProxy> [
  500,
  AggregateError: 
      at ignore-listed frames {
    code: 'ECONNREFUSED',
    [errors]: [ [Error], [Error] ]
  }
]
[2026-08-21T19:57:10.293Z] error: <httpProxy> Error calling http://localhost:3001/...
[2026-08-21T19:57:10.293Z] error: <httpProxy> [
  500,
  AggregateError: 
      at ignore-listed frames {
    code: 'ECONNREFUSED',
    [errors]: [ [Error], [Error] ]
  }
]
[2026-08-21T19:57:10.294Z] error: <httpProxy> Error calling http://localhost:8787/...
[2026-08-21T19:57:10.294Z] error: <httpProxy> [
  500,
  AggregateError: 
      at ignore-listed frames {
    code: 'ECONNREFUSED',
    [errors]: [ [Error], [Error] ]
  }
]
[2026-08-21T19:57:10.294Z] error: <httpProxy> Error calling http://localhost:8090/...
[2026-08-21T19:57:10.295Z] error: <httpProxy> [
  500,
  AggregateError: 
      at ignore-listed frames {
    code: 'ECONNREFUSED',
    [errors]: [ [Error], [Error] ]
  }
]
[2026-08-21T19:57:10.295Z] error: <httpProxy> Error calling http://localhost:8082/...
[2026-08-21T19:57:10.295Z] error: <httpProxy> [
  500,
  AggregateError: 
      at ignore-listed frames {
    code: 'ECONNREFUSED',
    [errors]: [ [Error], [Error] ]
  }
]
[2026-08-21T19:57:10.296Z] error: <httpProxy> Error calling http://localhost:8787/...
[2026-08-21T19:57:10.297Z] error: <httpProxy> [
  500,
  AggregateError: 
      at ignore-listed frames {
    code: 'ECONNREFUSED',
    [errors]: [ [Error], [Error] ]
  }
]
[2026-08-21T19:57:10.297Z] error: <httpProxy> Error calling http://localhost:8090/...
[2026-08-21T19:57:10.297Z] error: <httpProxy> [
  500,
  AggregateError: 
      at ignore-listed frames {
    code: 'ECONNREFUSED',
    [errors]: [ [Error], [Error] ]
  }
]
[2026-08-21T19:57:10.298Z] error: <httpProxy> Error calling http://localhost:8081/...
[2026-08-21T19:57:10.298Z] error: <httpProxy> [
  500,
  AggregateError: 
      at ignore-listed frames {
    code: 'ECONNREFUSED',
    [errors]: [ [Error], [Error] ]
  }
]
[2026-08-21T19:57:10.299Z] error: <httpProxy> Error calling http://localhost:8081/...
[2026-08-21T19:57:10.299Z] error: <httpProxy> [
  500,
  AggregateError: 
      at ignore-listed frames {
    code: 'ECONNREFUSED',
    [errors]: [ [Error], [Error] ]
  }
]
[2026-08-21T19:57:12.414Z] error: <httpProxy> Error calling http://localhost:2283/...
[2026-08-21T19:57:12.415Z] error: <httpProxy> [
  500,
  AggregateError: 
      at ignore-listed frames {
    code: 'ECONNREFUSED',
    [errors]: [ [Error], [Error] ]
  }
]
[2026-08-21T19:57:12.415Z] error: <httpProxy> Error calling http://localhost:8010/...
[2026-08-21T19:57:12.416Z] error: <httpProxy> [
  500,
  AggregateError: 
      at ignore-listed frames {
    code: 'ECONNREFUSED',
    [errors]: [ [Error], [Error] ]
  }
]
[2026-08-21T19:57:12.416Z] error: <httpProxy> Error calling http://localhost:9000/...
[2026-08-21T19:57:12.417Z] error: <httpProxy> [
  500,
  AggregateError: 
      at ignore-listed frames {
    code: 'ECONNREFUSED',
    [errors]: [ [Error], [Error] ]
  }
]
[2026-08-21T19:57:12.417Z] error: <httpProxy> Error calling http://localhost:5006/...
[2026-08-21T19:57:12.418Z] error: <httpProxy> [
  500,
  AggregateError: 
      at ignore-listed frames {
    code: 'ECONNREFUSED',
    [errors]: [ [Error], [Error] ]
  }
]
[2026-08-21T19:57:12.419Z] error: <httpProxy> Error calling http://localhost:8020/...
[2026-08-21T19:57:12.419Z] error: <httpProxy> [
  500,
  AggregateError: 
      at ignore-listed frames {
    code: 'ECONNREFUSED',
    [errors]: [ [Error], [Error] ]
  }
]
[2026-08-21T19:57:12.420Z] error: <httpProxy> Error calling http://localhost:8015/...
[2026-08-21T19:57:12.420Z] error: <httpProxy> [
  500,
  AggregateError: 
      at ignore-listed frames {
    code: 'ECONNREFUSED',
    [errors]: [ [Error], [Error] ]
  }
]
[2026-08-21T19:57:12.421Z] error: <httpProxy> Error calling http://localhost:2283/...
[2026-08-21T19:57:12.422Z] error: <httpProxy> [
  500,
  AggregateError: 
      at ignore-listed frames {
    code: 'ECONNREFUSED',
    [errors]: [ [Error], [Error] ]
  }
]
[2026-08-21T19:57:12.422Z] error: <httpProxy> Error calling http://localhost:8010/...
[2026-08-21T19:57:12.423Z] error: <httpProxy> [
  500,
  AggregateError: 
      at ignore-listed frames {
    code: 'ECONNREFUSED',
    [errors]: [ [Error], [Error] ]
  }
]
[2026-08-21T19:57:12.424Z] error: <httpProxy> Error calling http://localhost:9000/...
[2026-08-21T19:57:12.424Z] error: <httpProxy> [
  500,
  AggregateError: 
      at ignore-listed frames {
    code: 'ECONNREFUSED',
    [errors]: [ [Error], [Error] ]
  }
]
[2026-08-21T19:57:12.425Z] error: <httpProxy> Error calling http://localhost:5006/...
[2026-08-21T19:57:12.425Z] error: <httpProxy> [
  500,
  AggregateError: 
      at ignore-listed frames {
    code: 'ECONNREFUSED',
    [errors]: [ [Error], [Error] ]
  }
]
[2026-08-21T19:57:12.433Z] error: <httpProxy> Error calling http://localhost:8020/...
[2026-08-21T19:57:12.433Z] error: <httpProxy> [
  500,
  AggregateError: 
      at ignore-listed frames {
    code: 'ECONNREFUSED',
    [errors]: [ [Error], [Error] ]
  }
]
[2026-08-21T19:57:12.433Z] error: <httpProxy> Error calling http://localhost:8015/...
[2026-08-21T19:57:12.434Z] error: <httpProxy> [
  500,
  AggregateError: 
      at ignore-listed frames {
    code: 'ECONNREFUSED',
    [errors]: [ [Error], [Error] ]
  }
]
[2026-08-21T19:57:12.448Z] error: <httpProxy> Error calling http://localhost:3929/...
[2026-08-21T19:57:12.449Z] error: <httpProxy> [
  500,
  AggregateError: 
      at ignore-listed frames {
    code: 'ECONNREFUSED',
    [errors]: [ [Error], [Error] ]
  }
]
[2026-08-21T19:57:12.449Z] error: <httpProxy> Error calling http://localhost:3001/...
[2026-08-21T19:57:12.450Z] error: <httpProxy> [
  500,
  AggregateError: 
      at ignore-listed frames {
    code: 'ECONNREFUSED',
    [errors]: [ [Error], [Error] ]
  }
]
[2026-08-21T19:57:12.450Z] error: <httpProxy> Error calling http://localhost:8082/...
[2026-08-21T19:57:12.451Z] error: <httpProxy> [
  500,
  AggregateError: 
      at ignore-listed frames {
    code: 'ECONNREFUSED',
    [errors]: [ [Error], [Error] ]
  }
]
[2026-08-21T19:57:12.451Z] error: <httpProxy> Error calling http://localhost:8787/...
[2026-08-21T19:57:12.451Z] error: <httpProxy> [
  500,
  AggregateError: 
      at ignore-listed frames {
    code: 'ECONNREFUSED',
    [errors]: [ [Error], [Error] ]
  }
]
[2026-08-21T19:57:12.452Z] error: <httpProxy> Error calling http://localhost:8090/...
[2026-08-21T19:57:12.452Z] error: <httpProxy> [
  500,
  AggregateError: 
      at ignore-listed frames {
    code: 'ECONNREFUSED',
    [errors]: [ [Error], [Error] ]
  }
]
[2026-08-21T19:57:12.453Z] error: <httpProxy> Error calling http://localhost:8081/...
[2026-08-21T19:57:12.453Z] error: <httpProxy> [
  500,
  AggregateError: 
      at ignore-listed frames {
    code: 'ECONNREFUSED',
    [errors]: [ [Error], [Error] ]
  }
]
[2026-08-21T19:57:12.454Z] error: <httpProxy> Error calling http://localhost:3929/...
[2026-08-21T19:57:12.455Z] error: <httpProxy> [
  500,
  AggregateError: 
      at ignore-listed frames {
    code: 'ECONNREFUSED',
    [errors]: [ [Error], [Error] ]
  }
]
[2026-08-21T19:57:12.455Z] error: <httpProxy> Error calling http://localhost:3001/...
[2026-08-21T19:57:12.455Z] error: <httpProxy> [
  500,
  AggregateError: 
      at ignore-listed frames {
    code: 'ECONNREFUSED',
    [errors]: [ [Error], [Error] ]
  }
]
[2026-08-21T19:57:12.458Z] error: <httpProxy> Error calling http://localhost:8082/...
[2026-08-21T19:57:12.459Z] error: <httpProxy> [
  500,
  AggregateError: 
      at ignore-listed frames {
    code: 'ECONNREFUSED',
    [errors]: [ [Error], [Error] ]
  }
]
[2026-08-21T19:57:12.459Z] error: <httpProxy> Error calling http://localhost:8787/...
[2026-08-21T19:57:12.460Z] error: <httpProxy> [
  500,
  AggregateError: 
      at ignore-listed frames {
    code: 'ECONNREFUSED',
    [errors]: [ [Error], [Error] ]
  }
]
[2026-08-21T19:57:12.464Z] error: <httpProxy> Error calling http://localhost:8090/...
[2026-08-21T19:57:12.465Z] error: <httpProxy> [
  500,
  AggregateError: 
      at ignore-listed frames {
    code: 'ECONNREFUSED',
    [errors]: [ [Error], [Error] ]
  }
]
[2026-08-21T19:57:12.465Z] error: <httpProxy> Error calling http://localhost:8081/...
[2026-08-21T19:57:12.466Z] error: <httpProxy> [
  500,
  AggregateError: 
      at ignore-listed frames {
    code: 'ECONNREFUSED',
    [errors]: [ [Error], [Error] ]
  }
]
[2026-08-21T20:45:54.059Z] error: Host validation failed for: home.taile2cc7a.ts.net. Hint: Set the HOMEPAGE_ALLOWED_HOSTS environment variable to allow requests from this host / port.
[2026-08-21T20:45:54.080Z] error: Host validation failed for: home.taile2cc7a.ts.net. Hint: Set the HOMEPAGE_ALLOWED_HOSTS environment variable to allow requests from this host / port.
[2026-08-21T20:45:54.096Z] error: Host validation failed for: home.taile2cc7a.ts.net. Hint: Set the HOMEPAGE_ALLOWED_HOSTS environment variable to allow requests from this host / port.
[2026-08-21T20:45:54.111Z] error: Host validation failed for: home.taile2cc7a.ts.net. Hint: Set the HOMEPAGE_ALLOWED_HOSTS environment variable to allow requests from this host / port.
[2026-08-21T20:46:06.614Z] error: Host validation failed for: 127.0.0.1:8083. Hint: Set the HOMEPAGE_ALLOWED_HOSTS environment variable to allow requests from this host / port.
[2026-08-21T20:46:06.623Z] error: Host validation failed for: home.taile2cc7a.ts.net. Hint: Set the HOMEPAGE_ALLOWED_HOSTS environment variable to allow requests from this host / port.
[2026-08-21T20:46:06.637Z] error: Host validation failed for: home.taile2cc7a.ts.net. Hint: Set the HOMEPAGE_ALLOWED_HOSTS environment variable to allow requests from this host / port.
